customer_id,customer_name,customer_type,country,age,age_group,gender,repeat_guest_flag,email,phone
1,Nisha Kapoor,Leisure,India,71,65+,Male,0,nisha.kapoor1@gmail.com,9325681936
2,Shruti Trivedi,Family,India,56,51-65,Female,0,shruti.trivedi2@gmail.com,9574765466
3,Meera Reddy,Couple,India,68,65+,Male,0,meera.reddy3@gmail.com,9404713332
4,Shreyash Pillai,Leisure,India,57,51-65,Female,1,shreyash.pillai4@gmail.com,9906528433
5,Kavya Pillai,Business,India,32,26-35,Male,1,kavya.pillai5@gmail.com,9149621604
6,Kavya Nair,Business,India,72,65+,Male,0,kavya.nair6@gmail.com,9776205431
7,Rohan Shah,Business,Canada,62,51-65,Female,0,rohan.shah7@gmail.com,9361976301
8,Anjali Bose,Family,Singapore,18,18-25,Male,0,anjali.bose8@gmail.com,9334978881
9,Divya Trivedi,Couple,Australia,51,51-65,Female,1,divya.trivedi9@gmail.com,9367574609
10,Neha Iyer,Couple,India,69,65+,Female,0,neha.iyer10@gmail.com,9700141462
11,Ayush Malhotra,Business,India,57,51-65,Female,0,ayush.malhotra11@gmail.com,9688273030
12,Akash Kulkarni,Family,India,65,51-65,Female,0,akash.kulkarni12@gmail.com,9907214179
13,Kavya Pandey,Couple,India,35,26-35,Female,0,kavya.pandey13@gmail.com,9394846763
14,Akash Singh,Business,Canada,36,36-50,Male,1,akash.singh14@gmail.com,9443285529
15,Tanvi Singh,Business,India,27,26-35,Male,0,tanvi.singh15@gmail.com,9264073400
16,Meera Singh,Business,India,44,36-50,Female,0,meera.singh16@gmail.com,9546434187
17,Sneha Shah,Leisure,India,42,36-50,Male,0,sneha.shah17@gmail.com,9922050912
18,Rohan Kapoor,Leisure,India,18,18-25,Female,0,rohan.kapoor18@gmail.com,9518744974
19,Nikhil Mishra,Leisure,Nepal,52,51-65,Male,0,nikhil.mishra19@gmail.com,9393062061
20,Shruti Nair,Leisure,India,42,36-50,Female,0,shruti.nair20@gmail.com,9956998797
21,Kritika Das,Couple,India,71,65+,Female,0,kritika.das21@gmail.com,9768143326
22,Tanvi Sharma,Business,India,55,51-65,Male,1,tanvi.sharma22@gmail.com,9560219456
23,Rohit Desai,Leisure,India,29,26-35,Male,1,rohit.desai23@gmail.com,9451492250
24,Meera Iyer,Leisure,India,39,36-50,Female,1,meera.iyer24@gmail.com,9993271900
25,Nikhil Verma,Leisure,India,48,36-50,Male,0,nikhil.verma25@gmail.com,9155926488
26,Manish Mehta,Couple,India,22,18-25,Male,0,manish.mehta26@gmail.com,9365518424
27,Karan Pandey,Business,India,57,51-65,Male,1,karan.pandey27@gmail.com,9608482316
28,Neha Saxena,Leisure,India,47,36-50,Female,0,neha.saxena28@gmail.com,9280162221
29,Ayush Agarwal,Leisure,Canada,25,18-25,Male,0,ayush.agarwal29@gmail.com,9216070149
30,Simran Sharma,Business,India,54,51-65,Female,0,simran.sharma30@gmail.com,9867741192
31,Karan Singh,Couple,India,62,51-65,Male,1,karan.singh31@gmail.com,9929445037
32,Nisha Desai,Business,UAE,56,51-65,Male,0,nisha.desai32@gmail.com,9707665448
33,Amit Chopra,Business,India,45,36-50,Female,1,amit.chopra33@gmail.com,9795294275
34,Swati Sharma,Family,India,70,65+,Female,1,swati.sharma34@gmail.com,9488896443
35,Pallavi Banerjee,Family,India,45,36-50,Male,0,pallavi.banerjee35@gmail.com,9798423334
36,Ritu Agarwal,Couple,India,67,65+,Female,0,ritu.agarwal36@gmail.com,9986625773
37,Simran Verma,Leisure,India,72,65+,Male,0,simran.verma37@gmail.com,9193053577
38,Ritu Kulkarni,Business,India,33,26-35,Female,0,ritu.kulkarni38@gmail.com,9817461907
39,Gaurav Malhotra,Couple,India,49,36-50,Female,1,gaurav.malhotra39@gmail.com,9327761953
40,Manish Trivedi,Leisure,India,39,36-50,Female,0,manish.trivedi40@gmail.com,9852890318
41,Ritu Mishra,Business,India,51,51-65,Male,1,ritu.mishra41@gmail.com,9873174285
42,Nikhil Nair,Leisure,India,66,65+,Male,0,nikhil.nair42@gmail.com,9793532952
43,Harsh Iyer,Business,India,23,18-25,Female,1,harsh.iyer43@gmail.com,9842800803
44,Kavya Khanna,Family,India,55,51-65,Female,0,kavya.khanna44@gmail.com,9670073085
45,Manish Rao,Leisure,India,39,36-50,Female,0,manish.rao45@gmail.com,9390894296
46,Nisha Verma,Couple,India,25,18-25,Male,0,nisha.verma46@gmail.com,9897662466
47,Tanvi Mukherjee,Leisure,Singapore,29,26-35,Male,1,tanvi.mukherjee47@gmail.com,9619904272
48,Ritu Das,Leisure,India,66,65+,Female,0,ritu.das48@gmail.com,9994027897
49,Karan Khanna,Leisure,India,41,36-50,Male,0,karan.khanna49@gmail.com,9860229059
50,Tanvi Gupta,Business,India,20,18-25,Male,0,tanvi.gupta50@gmail.com,9848846217
51,Rohit Bose,Family,India,24,18-25,Male,0,rohit.bose51@gmail.com,9604011128
52,Riya Iyer,Couple,India,29,26-35,Male,1,riya.iyer52@gmail.com,9612957813
53,Neha Pandey,Family,India,43,36-50,Female,1,neha.pandey53@gmail.com,9775862179
54,Sneha Gupta,Family,India,69,65+,Female,1,sneha.gupta54@gmail.com,9366493008
55,Neha Mishra,Leisure,India,56,51-65,Male,0,neha.mishra55@gmail.com,9508427798
56,Akash Dixit,Family,India,37,36-50,Female,0,akash.dixit56@gmail.com,9766823010
57,Sneha Agarwal,Business,Nepal,24,18-25,Male,0,sneha.agarwal57@gmail.com,9384161612
58,Pooja Joshi,Business,India,29,26-35,Male,1,pooja.joshi58@gmail.com,9538642403
59,Akash Banerjee,Business,India,48,36-50,Female,1,akash.banerjee59@gmail.com,9409350265
60,Vishal Banerjee,Leisure,India,22,18-25,Male,0,vishal.banerjee60@gmail.com,9945923902
61,Simran Pillai,Leisure,India,45,36-50,Male,0,simran.pillai61@gmail.com,9795392488
62,Anjali Dixit,Leisure,India,70,65+,Male,1,anjali.dixit62@gmail.com,9278158234
63,Nisha Agarwal,Couple,India,36,36-50,Female,1,nisha.agarwal63@gmail.com,9839462365
64,Nisha Banerjee,Leisure,India,35,26-35,Female,0,nisha.banerjee64@gmail.com,9742136977
65,Amit Kulkarni,Leisure,India,65,51-65,Female,0,amit.kulkarni65@gmail.com,9127772220
66,Pooja Mehta,Leisure,UK,71,65+,Male,0,pooja.mehta66@gmail.com,9821856853
67,Ritu Saxena,Business,India,66,65+,Male,0,ritu.saxena67@gmail.com,9799552991
68,Akash Dixit,Couple,India,29,26-35,Female,0,akash.dixit68@gmail.com,9627986559
69,Pooja Nair,Business,India,44,36-50,Female,0,pooja.nair69@gmail.com,9212313264
70,Suresh Malhotra,Family,India,62,51-65,Female,0,suresh.malhotra70@gmail.com,9529982328
71,Ananya Patel,Couple,India,23,18-25,Female,1,ananya.patel71@gmail.com,9224469868
72,Kritika Desai,Business,India,70,65+,Male,0,kritika.desai72@gmail.com,9682605435
73,Pallavi Rao,Business,India,30,26-35,Female,0,pallavi.rao73@gmail.com,9635252889
74,Akash Mukherjee,Couple,India,31,26-35,Female,0,akash.mukherjee74@gmail.com,9409268943
75,Akash Kulkarni,Couple,Australia,49,36-50,Male,1,akash.kulkarni75@gmail.com,9776481264
76,Ayush Trivedi,Couple,India,63,51-65,Male,0,ayush.trivedi76@gmail.com,9114682844
77,Ananya Rao,Couple,India,32,26-35,Male,0,ananya.rao77@gmail.com,9226128312
78,Anjali Nair,Business,Canada,36,36-50,Female,0,anjali.nair78@gmail.com,9618079974
79,Riya Mehta,Leisure,India,53,51-65,Male,0,riya.mehta79@gmail.com,9743576792
80,Shreyash Das,Business,India,22,18-25,Female,0,shreyash.das80@gmail.com,9545541033
81,Swati Dixit,Family,India,35,26-35,Male,0,swati.dixit81@gmail.com,9420571903
82,Simran Saxena,Couple,India,49,36-50,Male,0,simran.saxena82@gmail.com,9620057604
83,Manish Malhotra,Leisure,India,66,65+,Female,0,manish.malhotra83@gmail.com,9445505799
84,Karan Banerjee,Business,India,54,51-65,Female,1,karan.banerjee84@gmail.com,9932734539
85,Nikhil Patel,Leisure,India,65,51-65,Female,0,nikhil.patel85@gmail.com,9971243675
86,Gaurav Kapoor,Leisure,India,68,65+,Male,0,gaurav.kapoor86@gmail.com,9139749508
87,Rohit Reddy,Couple,India,39,36-50,Male,0,rohit.reddy87@gmail.com,9572775194
88,Arjun Reddy,Couple,India,18,18-25,Male,0,arjun.reddy88@gmail.com,9803066091
89,Anjali Singh,Family,India,68,65+,Female,0,anjali.singh89@gmail.com,9843785903
90,Kritika Bose,Leisure,India,72,65+,Female,0,kritika.bose90@gmail.com,9672972597
91,Gaurav Malhotra,Business,India,63,51-65,Female,0,gaurav.malhotra91@gmail.com,9138546365
92,Muskan Singh,Couple,India,58,51-65,Female,0,muskan.singh92@gmail.com,9901834280
93,Pooja Rao,Couple,India,66,65+,Male,0,pooja.rao93@gmail.com,9845178074
94,Nisha Kulkarni,Leisure,India,20,18-25,Female,0,nisha.kulkarni94@gmail.com,9415001254
95,Manish Chopra,Couple,India,27,26-35,Male,0,manish.chopra95@gmail.com,9707660630
96,Divya Joshi,Leisure,India,23,18-25,Female,0,divya.joshi96@gmail.com,9358589021
97,Harsh Dixit,Leisure,India,27,26-35,Male,0,harsh.dixit97@gmail.com,9372706093
98,Pallavi Verma,Leisure,USA,18,18-25,Female,0,pallavi.verma98@gmail.com,9827579147
99,Tanvi Joshi,Business,India,46,36-50,Female,0,tanvi.joshi99@gmail.com,9421214426
100,Shruti Banerjee,Business,India,47,36-50,Female,1,shruti.banerjee100@gmail.com,9513061224
101,Riya Kumar,Business,India,42,36-50,Female,0,riya.kumar101@gmail.com,9850845198
102,Vishal Sharma,Couple,India,43,36-50,Female,1,vishal.sharma102@gmail.com,9836371599
103,Sneha Dixit,Leisure,India,65,51-65,Female,0,sneha.dixit103@gmail.com,9407298630
104,Aditya Agarwal,Leisure,India,32,26-35,Male,0,aditya.agarwal104@gmail.com,9827744047
105,Rohit Bose,Family,India,58,51-65,Male,0,rohit.bose105@gmail.com,9573330302
106,Amit Saxena,Business,India,64,51-65,Male,1,amit.saxena106@gmail.com,9416872439
107,Sanjay Das,Leisure,India,29,26-35,Male,1,sanjay.das107@gmail.com,9679184667
108,Tanya Reddy,Couple,India,35,26-35,Male,1,tanya.reddy108@gmail.com,9985503942
109,Riya Trivedi,Business,India,65,51-65,Female,0,riya.trivedi109@gmail.com,9602866993
110,Vikram Gupta,Business,India,61,51-65,Female,0,vikram.gupta110@gmail.com,9963919401
111,Ananya Chopra,Leisure,India,68,65+,Female,1,ananya.chopra111@gmail.com,9676140134
112,Neha Iyer,Business,India,61,51-65,Female,0,neha.iyer112@gmail.com,9983063850
113,Tanya Kumar,Family,UK,32,26-35,Female,1,tanya.kumar113@gmail.com,9702806585
114,Sanjay Dixit,Couple,India,32,26-35,Male,0,sanjay.dixit114@gmail.com,9598503464
115,Nisha Bose,Couple,India,25,18-25,Male,1,nisha.bose115@gmail.com,9139956218
116,Nisha Nair,Family,India,24,18-25,Male,0,nisha.nair116@gmail.com,9245668163
117,Gaurav Iyer,Couple,India,60,51-65,Female,0,gaurav.iyer117@gmail.com,9880179899
118,Anjali Kulkarni,Business,India,59,51-65,Male,0,anjali.kulkarni118@gmail.com,9761051532
119,Nikhil Verma,Family,India,62,51-65,Female,1,nikhil.verma119@gmail.com,9577488537
120,Kavya Desai,Leisure,India,24,18-25,Female,0,kavya.desai120@gmail.com,9792377512
121,Manish Patel,Couple,India,35,26-35,Male,0,manish.patel121@gmail.com,9984968439
122,Pallavi Singh,Family,India,31,26-35,Male,1,pallavi.singh122@gmail.com,9458102728
123,Kavya Gupta,Leisure,India,31,26-35,Male,0,kavya.gupta123@gmail.com,9695076080
124,Meera Saxena,Business,India,70,65+,Male,0,meera.saxena124@gmail.com,9258435089
125,Ayush Sharma,Business,India,72,65+,Male,0,ayush.sharma125@gmail.com,9680051935
126,Deepak Trivedi,Leisure,India,25,18-25,Male,1,deepak.trivedi126@gmail.com,9484659715
127,Kavya Saxena,Couple,India,19,18-25,Male,1,kavya.saxena127@gmail.com,9236105947
128,Nikhil Reddy,Family,India,65,51-65,Male,0,nikhil.reddy128@gmail.com,9935389432
129,Tanya Reddy,Business,India,24,18-25,Female,0,tanya.reddy129@gmail.com,9760465943
130,Amit Das,Leisure,India,51,51-65,Female,0,amit.das130@gmail.com,9133447745
131,Sneha Nair,Leisure,India,45,36-50,Male,0,sneha.nair131@gmail.com,9576271425
132,Vikram Kulkarni,Business,India,38,36-50,Male,1,vikram.kulkarni132@gmail.com,9395296179
133,Muskan Bose,Business,India,53,51-65,Female,0,muskan.bose133@gmail.com,9741444618
134,Ishaan Khanna,Leisure,India,50,36-50,Female,1,ishaan.khanna134@gmail.com,9853529912
135,Neha Desai,Family,India,59,51-65,Male,0,neha.desai135@gmail.com,9345343109
136,Nikhil Malhotra,Leisure,India,43,36-50,Female,0,nikhil.malhotra136@gmail.com,9435596237
137,Shruti Malhotra,Leisure,USA,34,26-35,Female,0,shruti.malhotra137@gmail.com,9837468465
138,Riya Singh,Couple,India,71,65+,Male,1,riya.singh138@gmail.com,9203685265
139,Tanya Trivedi,Leisure,India,53,51-65,Male,0,tanya.trivedi139@gmail.com,9702998820
140,Ananya Malhotra,Family,USA,25,18-25,Female,0,ananya.malhotra140@gmail.com,9814403943
141,Shruti Desai,Family,France,21,18-25,Female,0,shruti.desai141@gmail.com,9477577220
142,Arjun Saxena,Leisure,India,31,26-35,Male,0,arjun.saxena142@gmail.com,9340781088
143,Arjun Chopra,Leisure,India,41,36-50,Male,0,arjun.chopra143@gmail.com,9716435189
144,Aditya Trivedi,Leisure,India,72,65+,Male,0,aditya.trivedi144@gmail.com,9806340901
145,Ritu Sharma,Leisure,India,35,26-35,Female,0,ritu.sharma145@gmail.com,9476908532
146,Rahul Joshi,Business,India,54,51-65,Female,1,rahul.joshi146@gmail.com,9895609471
147,Priya Singh,Couple,India,31,26-35,Female,0,priya.singh147@gmail.com,9466034277
148,Suresh Chopra,Leisure,India,64,51-65,Female,0,suresh.chopra148@gmail.com,9709448939
149,Ayush Singh,Business,India,27,26-35,Male,0,ayush.singh149@gmail.com,9153432064
150,Pooja Verma,Leisure,India,60,51-65,Female,0,pooja.verma150@gmail.com,9574641329
151,Nikhil Verma,Family,India,66,65+,Male,0,nikhil.verma151@gmail.com,9219066986
152,Vishal Pillai,Business,UK,55,51-65,Female,0,vishal.pillai152@gmail.com,9431162800
153,Amit Mehta,Business,India,56,51-65,Male,1,amit.mehta153@gmail.com,9423646570
154,Meera Mukherjee,Leisure,India,66,65+,Female,0,meera.mukherjee154@gmail.com,9228832213
155,Rahul Nair,Family,India,29,26-35,Male,0,rahul.nair155@gmail.com,9855561271
156,Aditya Reddy,Business,India,71,65+,Female,1,aditya.reddy156@gmail.com,9896760809
157,Amit Rao,Couple,India,47,36-50,Male,0,amit.rao157@gmail.com,9718216692
158,Shruti Saxena,Couple,India,63,51-65,Female,0,shruti.saxena158@gmail.com,9534900128
159,Priya Malhotra,Business,India,69,65+,Female,0,priya.malhotra159@gmail.com,9488536370
160,Pooja Rao,Couple,India,33,26-35,Female,0,pooja.rao160@gmail.com,9662600500
161,Pooja Kapoor,Leisure,India,65,51-65,Female,1,pooja.kapoor161@gmail.com,9936571442
162,Suresh Singh,Couple,India,58,51-65,Male,0,suresh.singh162@gmail.com,9308202515
163,Manish Chopra,Couple,Malaysia,70,65+,Male,1,manish.chopra163@gmail.com,9257243284
164,Deepak Shah,Leisure,India,56,51-65,Male,0,deepak.shah164@gmail.com,9803847447
165,Vikram Joshi,Business,India,49,36-50,Female,0,vikram.joshi165@gmail.com,9915911873
166,Simran Iyer,Couple,UAE,54,51-65,Female,0,simran.iyer166@gmail.com,9773469560
167,Sanjay Gupta,Leisure,India,22,18-25,Female,0,sanjay.gupta167@gmail.com,9425150964
168,Ritu Saxena,Business,India,40,36-50,Male,0,ritu.saxena168@gmail.com,9585238820
169,Amit Patel,Business,India,71,65+,Female,1,amit.patel169@gmail.com,9196955134
170,Muskan Agarwal,Leisure,India,42,36-50,Female,0,muskan.agarwal170@gmail.com,9950207886
171,Amit Iyer,Couple,India,59,51-65,Male,0,amit.iyer171@gmail.com,9610702777
172,Shreyash Gupta,Business,India,46,36-50,Male,0,shreyash.gupta172@gmail.com,9999126903
173,Swati Banerjee,Leisure,India,50,36-50,Male,1,swati.banerjee173@gmail.com,9859803019
174,Akash Iyer,Business,India,51,51-65,Male,0,akash.iyer174@gmail.com,9403754671
175,Gaurav Rao,Couple,India,61,51-65,Male,0,gaurav.rao175@gmail.com,9795038832
176,Swati Singh,Business,India,24,18-25,Female,0,swati.singh176@gmail.com,9877103091
177,Ayush Desai,Couple,India,39,36-50,Male,0,ayush.desai177@gmail.com,9251857566
178,Manish Khanna,Leisure,India,62,51-65,Female,1,manish.khanna178@gmail.com,9861104727
179,Pooja Khanna,Family,India,42,36-50,Female,0,pooja.khanna179@gmail.com,9819532005
180,Ishaan Singh,Business,India,60,51-65,Female,0,ishaan.singh180@gmail.com,9119574893
181,Tanya Khanna,Leisure,India,31,26-35,Female,0,tanya.khanna181@gmail.com,9622129427
182,Karan Mehta,Business,India,27,26-35,Male,0,karan.mehta182@gmail.com,9946237594
183,Arjun Reddy,Family,India,71,65+,Male,0,arjun.reddy183@gmail.com,9922816526
184,Muskan Gupta,Family,India,42,36-50,Male,1,muskan.gupta184@gmail.com,9992649957
185,Muskan Trivedi,Leisure,India,64,51-65,Female,1,muskan.trivedi185@gmail.com,9491163514
186,Kavya Iyer,Couple,India,36,36-50,Female,1,kavya.iyer186@gmail.com,9356805216
187,Nisha Trivedi,Couple,India,71,65+,Male,0,nisha.trivedi187@gmail.com,9712483158
188,Akash Iyer,Leisure,India,67,65+,Female,0,akash.iyer188@gmail.com,9549533634
189,Suresh Pandey,Leisure,India,69,65+,Male,0,suresh.pandey189@gmail.com,9156027635
190,Riya Desai,Business,India,53,51-65,Male,0,riya.desai190@gmail.com,9653953485
191,Neha Khanna,Business,India,66,65+,Male,1,neha.khanna191@gmail.com,9651208305
192,Anjali Pandey,Family,India,23,18-25,Male,0,anjali.pandey192@gmail.com,9475364113
193,Priya Rao,Family,India,43,36-50,Female,1,priya.rao193@gmail.com,9187623171
194,Tanya Mehta,Couple,India,38,36-50,Male,0,tanya.mehta194@gmail.com,9797889971
195,Swati Trivedi,Leisure,India,26,26-35,Male,0,swati.trivedi195@gmail.com,9990949719
196,Riya Banerjee,Leisure,India,66,65+,Female,0,riya.banerjee196@gmail.com,9105638424
197,Pooja Sharma,Couple,India,31,26-35,Male,0,pooja.sharma197@gmail.com,9880862406
198,Ayush Reddy,Family,India,25,18-25,Female,1,ayush.reddy198@gmail.com,9230833665
199,Sneha Mehta,Family,India,58,51-65,Female,1,sneha.mehta199@gmail.com,9998386592
200,Harsh Agarwal,Couple,India,19,18-25,Male,0,harsh.agarwal200@gmail.com,9412750915
201,Shruti Sharma,Couple,India,40,36-50,Male,0,shruti.sharma201@gmail.com,9301126777
202,Pooja Reddy,Business,India,22,18-25,Male,0,pooja.reddy202@gmail.com,9604803700
203,Amit Bose,Business,India,41,36-50,Female,0,amit.bose203@gmail.com,9483426624
204,Vikram Chopra,Family,India,64,51-65,Male,0,vikram.chopra204@gmail.com,9889401015
205,Swati Gupta,Couple,India,40,36-50,Female,0,swati.gupta205@gmail.com,9288000513
206,Pallavi Banerjee,Business,India,58,51-65,Male,0,pallavi.banerjee206@gmail.com,9167753684
207,Pallavi Patel,Business,India,30,26-35,Male,0,pallavi.patel207@gmail.com,9144996163
208,Sanjay Dixit,Couple,India,50,36-50,Female,0,sanjay.dixit208@gmail.com,9683074770
209,Riya Verma,Business,India,66,65+,Male,0,riya.verma209@gmail.com,9938422254
210,Sneha Desai,Business,India,39,36-50,Female,1,sneha.desai210@gmail.com,9495157577
211,Shruti Kulkarni,Leisure,India,65,51-65,Female,0,shruti.kulkarni211@gmail.com,9515156661
212,Swati Joshi,Couple,India,62,51-65,Female,0,swati.joshi212@gmail.com,9956084565
213,Ishaan Verma,Couple,India,64,51-65,Female,1,ishaan.verma213@gmail.com,9746879296
214,Divya Mishra,Business,India,38,36-50,Male,1,divya.mishra214@gmail.com,9809656613
215,Vishal Khanna,Couple,India,56,51-65,Female,1,vishal.khanna215@gmail.com,9576642996
216,Manish Iyer,Business,India,64,51-65,Female,0,manish.iyer216@gmail.com,9567013808
217,Ritu Bose,Leisure,India,22,18-25,Female,0,ritu.bose217@gmail.com,9960170255
218,Suresh Sharma,Couple,India,72,65+,Female,1,suresh.sharma218@gmail.com,9172191273
219,Kavya Mukherjee,Couple,India,41,36-50,Female,0,kavya.mukherjee219@gmail.com,9709074302
220,Amit Agarwal,Couple,India,61,51-65,Female,0,amit.agarwal220@gmail.com,9499446327
221,Akash Mukherjee,Couple,India,54,51-65,Male,0,akash.mukherjee221@gmail.com,9527385805
222,Sanjay Bose,Leisure,India,33,26-35,Male,1,sanjay.bose222@gmail.com,9299767568
223,Harsh Reddy,Business,India,53,51-65,Male,1,harsh.reddy223@gmail.com,9379484009
224,Akash Shah,Leisure,India,36,36-50,Female,1,akash.shah224@gmail.com,9245737277
225,Vikram Iyer,Leisure,India,63,51-65,Female,0,vikram.iyer225@gmail.com,9970281936
226,Sanjay Pillai,Business,India,63,51-65,Male,0,sanjay.pillai226@gmail.com,9411774120
227,Nisha Desai,Family,India,63,51-65,Male,0,nisha.desai227@gmail.com,9646272321
228,Aditya Kumar,Leisure,India,68,65+,Male,1,aditya.kumar228@gmail.com,9630452018
229,Priya Chopra,Family,India,54,51-65,Female,0,priya.chopra229@gmail.com,9692326390
230,Rohit Agarwal,Couple,India,22,18-25,Female,0,rohit.agarwal230@gmail.com,9869801588
231,Riya Reddy,Couple,India,67,65+,Female,0,riya.reddy231@gmail.com,9179189225
232,Rohit Malhotra,Leisure,India,22,18-25,Female,0,rohit.malhotra232@gmail.com,9655511084
233,Manish Gupta,Leisure,India,58,51-65,Male,0,manish.gupta233@gmail.com,9238548086
234,Shruti Reddy,Leisure,India,71,65+,Male,0,shruti.reddy234@gmail.com,9426551245
235,Suresh Joshi,Business,India,63,51-65,Male,0,suresh.joshi235@gmail.com,9657162259
236,Vishal Desai,Couple,India,34,26-35,Male,0,vishal.desai236@gmail.com,9691461470
237,Ritu Gupta,Leisure,India,37,36-50,Male,0,ritu.gupta237@gmail.com,9281071418
238,Simran Saxena,Business,India,28,26-35,Female,0,simran.saxena238@gmail.com,9705180256
239,Amit Pandey,Couple,India,23,18-25,Male,0,amit.pandey239@gmail.com,9927878967
240,Rohan Verma,Business,India,31,26-35,Female,0,rohan.verma240@gmail.com,9132519237
241,Harsh Kulkarni,Family,India,52,51-65,Female,0,harsh.kulkarni241@gmail.com,9424371087
242,Riya Mehta,Family,UAE,43,36-50,Female,0,riya.mehta242@gmail.com,9839393192
243,Sneha Joshi,Family,India,44,36-50,Female,0,sneha.joshi243@gmail.com,9465278987
244,Ayush Gupta,Leisure,India,63,51-65,Female,0,ayush.gupta244@gmail.com,9470838810
245,Kritika Gupta,Business,India,50,36-50,Male,0,kritika.gupta245@gmail.com,9600871106
246,Neha Verma,Family,India,33,26-35,Male,1,neha.verma246@gmail.com,9411612760
247,Gaurav Desai,Leisure,India,44,36-50,Male,0,gaurav.desai247@gmail.com,9271476207
248,Sanjay Dixit,Family,India,64,51-65,Female,1,sanjay.dixit248@gmail.com,9271092615
249,Harsh Reddy,Family,India,49,36-50,Female,0,harsh.reddy249@gmail.com,9196689473
250,Kritika Reddy,Family,India,33,26-35,Male,0,kritika.reddy250@gmail.com,9152246275
251,Sneha Khanna,Leisure,India,56,51-65,Female,0,sneha.khanna251@gmail.com,9108780419
252,Arjun Rao,Leisure,India,34,26-35,Female,0,arjun.rao252@gmail.com,9492922240
253,Amit Kapoor,Family,India,54,51-65,Male,0,amit.kapoor253@gmail.com,9409883716
254,Vikram Kapoor,Leisure,India,46,36-50,Female,0,vikram.kapoor254@gmail.com,9769200551
255,Muskan Kumar,Business,India,24,18-25,Female,0,muskan.kumar255@gmail.com,9464090064
256,Ananya Chopra,Leisure,India,30,26-35,Female,0,ananya.chopra256@gmail.com,9148644109
257,Amit Gupta,Family,Canada,39,36-50,Female,0,amit.gupta257@gmail.com,9259923818
258,Ayush Kulkarni,Couple,India,26,26-35,Female,0,ayush.kulkarni258@gmail.com,9442019016
259,Suresh Kapoor,Leisure,India,65,51-65,Female,0,suresh.kapoor259@gmail.com,9644725317
260,Shreyash Mishra,Business,India,63,51-65,Female,0,shreyash.mishra260@gmail.com,9117863798
261,Tanya Malhotra,Couple,UK,25,18-25,Female,0,tanya.malhotra261@gmail.com,9955508961
262,Priya Agarwal,Family,India,34,26-35,Male,0,priya.agarwal262@gmail.com,9726553348
263,Riya Joshi,Business,India,58,51-65,Female,1,riya.joshi263@gmail.com,9830924936
264,Kavya Patel,Leisure,India,62,51-65,Male,1,kavya.patel264@gmail.com,9573561557
265,Sanjay Rao,Family,India,44,36-50,Male,0,sanjay.rao265@gmail.com,9932120169
266,Muskan Dixit,Couple,India,72,65+,Male,0,muskan.dixit266@gmail.com,9656931857
267,Meera Mishra,Couple,India,60,51-65,Female,0,meera.mishra267@gmail.com,9436889280
268,Divya Iyer,Couple,India,39,36-50,Female,0,divya.iyer268@gmail.com,9874086851
269,Deepak Agarwal,Leisure,India,30,26-35,Male,1,deepak.agarwal269@gmail.com,9420511037
270,Aditya Khanna,Leisure,India,63,51-65,Male,0,aditya.khanna270@gmail.com,9625063062
271,Sanjay Nair,Couple,India,53,51-65,Female,0,sanjay.nair271@gmail.com,9715766024
272,Tanvi Kapoor,Couple,India,70,65+,Female,0,tanvi.kapoor272@gmail.com,9963949678
273,Anjali Khanna,Family,India,36,36-50,Male,0,anjali.khanna273@gmail.com,9574997731
274,Deepak Das,Family,India,31,26-35,Male,0,deepak.das274@gmail.com,9391126537
275,Ananya Banerjee,Leisure,India,26,26-35,Male,0,ananya.banerjee275@gmail.com,9730104453
276,Kavya Mehta,Leisure,India,60,51-65,Male,0,kavya.mehta276@gmail.com,9156361897
277,Arjun Rao,Couple,India,63,51-65,Female,1,arjun.rao277@gmail.com,9927603754
278,Rohit Sharma,Couple,India,28,26-35,Female,0,rohit.sharma278@gmail.com,9610778600
279,Riya Bose,Couple,India,66,65+,Female,0,riya.bose279@gmail.com,9793527609
280,Sneha Dixit,Couple,India,59,51-65,Male,0,sneha.dixit280@gmail.com,9876441691
281,Amit Dixit,Family,India,44,36-50,Male,0,amit.dixit281@gmail.com,9139019611
282,Kritika Trivedi,Leisure,India,29,26-35,Female,0,kritika.trivedi282@gmail.com,9109950544
283,Nisha Saxena,Leisure,India,24,18-25,Female,0,nisha.saxena283@gmail.com,9788603957
284,Tanvi Reddy,Business,India,26,26-35,Female,1,tanvi.reddy284@gmail.com,9968457290
285,Neha Malhotra,Leisure,India,64,51-65,Female,0,neha.malhotra285@gmail.com,9871588919
286,Divya Sharma,Business,Nepal,39,36-50,Female,0,divya.sharma286@gmail.com,9913126162
287,Karan Joshi,Leisure,India,72,65+,Female,0,karan.joshi287@gmail.com,9653278397
288,Sanjay Singh,Leisure,India,60,51-65,Male,1,sanjay.singh288@gmail.com,9250980852
289,Riya Malhotra,Leisure,India,18,18-25,Female,0,riya.malhotra289@gmail.com,9579678614
290,Ritu Malhotra,Leisure,India,55,51-65,Male,1,ritu.malhotra290@gmail.com,9486066116
291,Kavya Patel,Business,USA,25,18-25,Female,0,kavya.patel291@gmail.com,9535312769
292,Shreyash Dixit,Business,Germany,67,65+,Female,0,shreyash.dixit292@gmail.com,9785811060
293,Vishal Chopra,Couple,India,32,26-35,Male,0,vishal.chopra293@gmail.com,9613443905
294,Anjali Iyer,Leisure,India,41,36-50,Female,0,anjali.iyer294@gmail.com,9605547798
295,Tanvi Trivedi,Business,USA,70,65+,Male,0,tanvi.trivedi295@gmail.com,9830511568
296,Ayush Desai,Leisure,India,51,51-65,Female,0,ayush.desai296@gmail.com,9488463544
297,Vikram Dixit,Couple,India,25,18-25,Male,0,vikram.dixit297@gmail.com,9642762599
298,Karan Saxena,Business,India,27,26-35,Male,0,karan.saxena298@gmail.com,9658712474
299,Akash Kumar,Couple,UAE,31,26-35,Female,1,akash.kumar299@gmail.com,9648011361
300,Akash Trivedi,Business,India,47,36-50,Male,0,akash.trivedi300@gmail.com,9590483627
301,Rohan Patel,Business,India,47,36-50,Female,0,rohan.patel301@gmail.com,9525146690
302,Deepak Pandey,Leisure,India,65,51-65,Male,0,deepak.pandey302@gmail.com,9148629555
303,Shruti Chopra,Leisure,Australia,22,18-25,Male,0,shruti.chopra303@gmail.com,9174108740
304,Riya Patel,Couple,India,44,36-50,Male,0,riya.patel304@gmail.com,9922301213
305,Nikhil Chopra,Couple,India,46,36-50,Female,0,nikhil.chopra305@gmail.com,9833076128
306,Tanvi Gupta,Family,India,40,36-50,Male,1,tanvi.gupta306@gmail.com,9676876906
307,Kritika Reddy,Leisure,India,64,51-65,Male,0,kritika.reddy307@gmail.com,9911941471
308,Priya Khanna,Leisure,India,61,51-65,Female,0,priya.khanna308@gmail.com,9984076542
309,Aditya Mehta,Couple,India,40,36-50,Male,1,aditya.mehta309@gmail.com,9878488534
310,Neha Patel,Leisure,India,44,36-50,Male,1,neha.patel310@gmail.com,9172253060
311,Arjun Agarwal,Leisure,India,46,36-50,Male,1,arjun.agarwal311@gmail.com,9147498828
312,Kritika Iyer,Business,India,52,51-65,Male,0,kritika.iyer312@gmail.com,9933291969
313,Sneha Gupta,Business,India,36,36-50,Male,0,sneha.gupta313@gmail.com,9885460919
314,Rohan Malhotra,Family,India,56,51-65,Female,1,rohan.malhotra314@gmail.com,9253824712
315,Ishaan Mehta,Couple,India,37,36-50,Female,1,ishaan.mehta315@gmail.com,9735297732
316,Divya Bose,Couple,UK,45,36-50,Female,1,divya.bose316@gmail.com,9469812603
317,Gaurav Trivedi,Leisure,India,38,36-50,Female,0,gaurav.trivedi317@gmail.com,9422002819
318,Gaurav Joshi,Business,India,48,36-50,Male,0,gaurav.joshi318@gmail.com,9422913264
319,Anjali Trivedi,Business,India,21,18-25,Female,0,anjali.trivedi319@gmail.com,9698382096
320,Ishaan Gupta,Leisure,India,33,26-35,Female,1,ishaan.gupta320@gmail.com,9794395127
321,Pooja Dixit,Leisure,India,72,65+,Female,1,pooja.dixit321@gmail.com,9878016905
322,Karan Patel,Couple,India,42,36-50,Male,0,karan.patel322@gmail.com,9302038796
323,Simran Das,Couple,USA,53,51-65,Male,0,simran.das323@gmail.com,9457517705
324,Nisha Dixit,Leisure,India,31,26-35,Male,0,nisha.dixit324@gmail.com,9225967304
325,Riya Dixit,Family,India,62,51-65,Male,0,riya.dixit325@gmail.com,9356979659
326,Ananya Malhotra,Couple,India,42,36-50,Female,0,ananya.malhotra326@gmail.com,9485752015
327,Nisha Verma,Leisure,India,50,36-50,Female,0,nisha.verma327@gmail.com,9962017778
328,Riya Mukherjee,Couple,India,31,26-35,Female,0,riya.mukherjee328@gmail.com,9149086585
329,Rohan Desai,Leisure,India,65,51-65,Male,1,rohan.desai329@gmail.com,9694113766
330,Simran Saxena,Business,France,44,36-50,Female,1,simran.saxena330@gmail.com,9454190155
331,Aditya Kapoor,Leisure,India,71,65+,Male,0,aditya.kapoor331@gmail.com,9802879944
332,Swati Verma,Couple,India,64,51-65,Female,0,swati.verma332@gmail.com,9886808192
333,Manish Joshi,Business,India,64,51-65,Female,1,manish.joshi333@gmail.com,9682115008
334,Sneha Reddy,Business,India,71,65+,Male,0,sneha.reddy334@gmail.com,9817490982
335,Sneha Mukherjee,Business,India,44,36-50,Male,0,sneha.mukherjee335@gmail.com,9348499712
336,Vikram Banerjee,Business,India,18,18-25,Male,0,vikram.banerjee336@gmail.com,9500721199
337,Sneha Agarwal,Family,India,60,51-65,Female,0,sneha.agarwal337@gmail.com,9116891857
338,Rahul Mishra,Couple,India,44,36-50,Male,1,rahul.mishra338@gmail.com,9875448533
339,Ritu Mishra,Leisure,India,19,18-25,Female,0,ritu.mishra339@gmail.com,9292486308
340,Arjun Dixit,Business,India,51,51-65,Male,1,arjun.dixit340@gmail.com,9765484610
341,Ishaan Verma,Leisure,India,35,26-35,Female,1,ishaan.verma341@gmail.com,9535968611
342,Pallavi Saxena,Leisure,India,62,51-65,Male,0,pallavi.saxena342@gmail.com,9989124880
343,Pooja Bose,Business,India,66,65+,Male,1,pooja.bose343@gmail.com,9507231644
344,Gaurav Mishra,Leisure,India,21,18-25,Male,0,gaurav.mishra344@gmail.com,9188783547
345,Harsh Desai,Leisure,India,59,51-65,Female,0,harsh.desai345@gmail.com,9202393989
346,Ishaan Dixit,Couple,India,32,26-35,Male,0,ishaan.dixit346@gmail.com,9843338269
347,Rohan Nair,Couple,India,20,18-25,Male,0,rohan.nair347@gmail.com,9401048226
348,Tanvi Saxena,Business,India,20,18-25,Male,0,tanvi.saxena348@gmail.com,9437675369
349,Priya Shah,Leisure,India,27,26-35,Female,0,priya.shah349@gmail.com,9421346113
350,Suresh Saxena,Couple,India,54,51-65,Female,0,suresh.saxena350@gmail.com,9680424495
351,Swati Kapoor,Leisure,Nepal,26,26-35,Male,0,swati.kapoor351@gmail.com,9471363809
352,Sneha Kumar,Family,India,32,26-35,Male,0,sneha.kumar352@gmail.com,9925713533
353,Muskan Agarwal,Couple,India,67,65+,Female,1,muskan.agarwal353@gmail.com,9393482659
354,Akash Nair,Business,India,40,36-50,Female,0,akash.nair354@gmail.com,9829816799
355,Simran Pillai,Business,India,23,18-25,Female,0,simran.pillai355@gmail.com,9865694462
356,Vikram Singh,Couple,India,27,26-35,Female,0,vikram.singh356@gmail.com,9780645895
357,Anjali Das,Business,India,38,36-50,Female,1,anjali.das357@gmail.com,9105578324
358,Nisha Iyer,Leisure,India,66,65+,Female,1,nisha.iyer358@gmail.com,9193734690
359,Divya Rao,Family,India,53,51-65,Female,1,divya.rao359@gmail.com,9196227496
360,Manish Mishra,Leisure,India,56,51-65,Female,0,manish.mishra360@gmail.com,9113250637
361,Vishal Rao,Leisure,India,67,65+,Male,0,vishal.rao361@gmail.com,9700797791
362,Kavya Saxena,Couple,India,28,26-35,Female,1,kavya.saxena362@gmail.com,9388749542
363,Nisha Verma,Leisure,India,27,26-35,Male,1,nisha.verma363@gmail.com,9396311802
364,Nikhil Khanna,Leisure,India,68,65+,Male,0,nikhil.khanna364@gmail.com,9364774064
365,Harsh Agarwal,Family,India,30,26-35,Female,1,harsh.agarwal365@gmail.com,9427124037
366,Rahul Kapoor,Leisure,India,71,65+,Female,0,rahul.kapoor366@gmail.com,9453842723
367,Akash Malhotra,Family,India,70,65+,Male,0,akash.malhotra367@gmail.com,9747693166
368,Karan Nair,Family,India,29,26-35,Female,0,karan.nair368@gmail.com,9412940071
369,Harsh Saxena,Business,India,38,36-50,Female,0,harsh.saxena369@gmail.com,9943817764
370,Kritika Chopra,Business,India,54,51-65,Male,0,kritika.chopra370@gmail.com,9685864775
371,Divya Pillai,Business,India,19,18-25,Female,0,divya.pillai371@gmail.com,9325108249
372,Akash Trivedi,Business,India,71,65+,Male,0,akash.trivedi372@gmail.com,9954330018
373,Nikhil Pillai,Business,India,26,26-35,Female,1,nikhil.pillai373@gmail.com,9807233980
374,Anjali Banerjee,Couple,India,68,65+,Female,1,anjali.banerjee374@gmail.com,9742026586
375,Riya Saxena,Business,India,52,51-65,Female,0,riya.saxena375@gmail.com,9949030118
376,Tanya Banerjee,Leisure,India,56,51-65,Male,1,tanya.banerjee376@gmail.com,9366535973
377,Manish Joshi,Couple,India,57,51-65,Male,0,manish.joshi377@gmail.com,9792596980
378,Kritika Mukherjee,Business,India,68,65+,Female,1,kritika.mukherjee378@gmail.com,9205877984
379,Deepak Mehta,Couple,India,65,51-65,Male,0,deepak.mehta379@gmail.com,9519977113
380,Pallavi Mukherjee,Leisure,UK,55,51-65,Male,0,pallavi.mukherjee380@gmail.com,9126373949
381,Riya Kumar,Business,India,44,36-50,Male,1,riya.kumar381@gmail.com,9883993370
382,Anjali Chopra,Couple,India,39,36-50,Female,0,anjali.chopra382@gmail.com,9659542785
383,Riya Chopra,Couple,India,24,18-25,Female,0,riya.chopra383@gmail.com,9585811477
384,Sanjay Singh,Family,India,20,18-25,Male,1,sanjay.singh384@gmail.com,9468377143
385,Arjun Pillai,Couple,India,65,51-65,Male,0,arjun.pillai385@gmail.com,9692609167
386,Suresh Malhotra,Couple,India,45,36-50,Female,1,suresh.malhotra386@gmail.com,9534916368
387,Divya Joshi,Leisure,India,60,51-65,Female,0,divya.joshi387@gmail.com,9891764728
388,Muskan Kulkarni,Business,India,46,36-50,Female,0,muskan.kulkarni388@gmail.com,9856704108
389,Meera Shah,Couple,India,66,65+,Male,0,meera.shah389@gmail.com,9958459117
390,Tanvi Joshi,Couple,India,38,36-50,Male,0,tanvi.joshi390@gmail.com,9381699808
391,Harsh Reddy,Family,India,38,36-50,Female,0,harsh.reddy391@gmail.com,9730291513
392,Neha Chopra,Leisure,India,72,65+,Female,0,neha.chopra392@gmail.com,9973744799
393,Nisha Dixit,Leisure,India,55,51-65,Male,0,nisha.dixit393@gmail.com,9436280635
394,Neha Mehta,Couple,India,25,18-25,Male,0,neha.mehta394@gmail.com,9251782582
395,Shreyash Kapoor,Leisure,India,56,51-65,Male,0,shreyash.kapoor395@gmail.com,9554234434
396,Divya Nair,Family,India,52,51-65,Male,0,divya.nair396@gmail.com,9625749126
397,Vishal Gupta,Family,India,38,36-50,Female,0,vishal.gupta397@gmail.com,9485515372
398,Rahul Nair,Leisure,India,30,26-35,Female,0,rahul.nair398@gmail.com,9642709938
399,Harsh Rao,Couple,UAE,49,36-50,Female,0,harsh.rao399@gmail.com,9576582183
400,Harsh Joshi,Couple,India,54,51-65,Male,0,harsh.joshi400@gmail.com,9336791759
401,Vishal Patel,Business,India,32,26-35,Female,1,vishal.patel401@gmail.com,9591045102
402,Rohan Das,Family,India,53,51-65,Male,0,rohan.das402@gmail.com,9387643522
403,Tanvi Pandey,Leisure,India,52,51-65,Male,0,tanvi.pandey403@gmail.com,9573913756
404,Tanvi Shah,Couple,India,24,18-25,Male,0,tanvi.shah404@gmail.com,9134607126
405,Akash Verma,Leisure,India,70,65+,Male,0,akash.verma405@gmail.com,9226042285
406,Kavya Shah,Family,Nepal,55,51-65,Female,0,kavya.shah406@gmail.com,9755263618
407,Shruti Joshi,Leisure,India,26,26-35,Male,0,shruti.joshi407@gmail.com,9964835149
408,Sneha Saxena,Business,India,52,51-65,Female,0,sneha.saxena408@gmail.com,9280793819
409,Sanjay Banerjee,Family,India,36,36-50,Female,0,sanjay.banerjee409@gmail.com,9652348887
410,Arjun Gupta,Business,India,21,18-25,Female,0,arjun.gupta410@gmail.com,9236245128
411,Rohit Mehta,Leisure,India,63,51-65,Female,0,rohit.mehta411@gmail.com,9917626034
412,Kritika Nair,Family,India,54,51-65,Female,0,kritika.nair412@gmail.com,9502838221
413,Akash Singh,Family,India,68,65+,Male,0,akash.singh413@gmail.com,9905094179
414,Ritu Banerjee,Leisure,India,47,36-50,Female,0,ritu.banerjee414@gmail.com,9102655449
415,Pooja Das,Couple,India,58,51-65,Female,0,pooja.das415@gmail.com,9954352670
416,Tanvi Kapoor,Leisure,India,45,36-50,Male,0,tanvi.kapoor416@gmail.com,9446673808
417,Vishal Malhotra,Leisure,India,54,51-65,Male,0,vishal.malhotra417@gmail.com,9621127607
418,Swati Kulkarni,Leisure,UAE,66,65+,Male,1,swati.kulkarni418@gmail.com,9772355141
419,Pallavi Sharma,Couple,India,72,65+,Male,0,pallavi.sharma419@gmail.com,9100725768
420,Shruti Shah,Couple,Singapore,26,26-35,Female,1,shruti.shah420@gmail.com,9394226159
421,Pooja Bose,Couple,India,34,26-35,Male,0,pooja.bose421@gmail.com,9796763109
422,Suresh Patel,Couple,India,58,51-65,Female,0,suresh.patel422@gmail.com,9910924352
423,Aditya Rao,Business,India,23,18-25,Male,1,aditya.rao423@gmail.com,9611967311
424,Vikram Gupta,Leisure,India,32,26-35,Female,1,vikram.gupta424@gmail.com,9846891707
425,Swati Pandey,Business,India,45,36-50,Male,0,swati.pandey425@gmail.com,9345829826
426,Gaurav Singh,Leisure,Malaysia,69,65+,Male,1,gaurav.singh426@gmail.com,9494666352
427,Nisha Gupta,Leisure,India,67,65+,Male,0,nisha.gupta427@gmail.com,9827070406
428,Anjali Singh,Family,India,54,51-65,Male,0,anjali.singh428@gmail.com,9276218805
429,Akash Chopra,Leisure,France,31,26-35,Male,0,akash.chopra429@gmail.com,9761506578
430,Akash Desai,Business,India,23,18-25,Male,1,akash.desai430@gmail.com,9232239057
431,Simran Das,Business,India,40,36-50,Female,0,simran.das431@gmail.com,9250141520
432,Kavya Verma,Couple,India,23,18-25,Male,0,kavya.verma432@gmail.com,9744253537
433,Ayush Khanna,Couple,Singapore,19,18-25,Female,1,ayush.khanna433@gmail.com,9751682766
434,Shreyash Shah,Business,India,36,36-50,Male,0,shreyash.shah434@gmail.com,9952312670
435,Kavya Nair,Business,India,25,18-25,Male,0,kavya.nair435@gmail.com,9737727239
436,Vikram Reddy,Couple,India,41,36-50,Female,1,vikram.reddy436@gmail.com,9710293796
437,Nikhil Chopra,Business,India,61,51-65,Male,0,nikhil.chopra437@gmail.com,9927175323
438,Vikram Sharma,Couple,India,22,18-25,Male,1,vikram.sharma438@gmail.com,9142763764
439,Sneha Trivedi,Couple,India,50,36-50,Female,0,sneha.trivedi439@gmail.com,9637997228
440,Nikhil Rao,Business,Australia,43,36-50,Male,0,nikhil.rao440@gmail.com,9677303044
441,Muskan Gupta,Business,India,23,18-25,Female,1,muskan.gupta441@gmail.com,9318181642
442,Anjali Mishra,Family,India,43,36-50,Male,0,anjali.mishra442@gmail.com,9569747059
443,Kavya Patel,Leisure,India,23,18-25,Female,1,kavya.patel443@gmail.com,9757448675
444,Ayush Patel,Leisure,India,60,51-65,Male,1,ayush.patel444@gmail.com,9860102491
445,Rohit Banerjee,Couple,India,28,26-35,Female,0,rohit.banerjee445@gmail.com,9661572729
446,Ishaan Trivedi,Family,France,34,26-35,Male,0,ishaan.trivedi446@gmail.com,9905066256
447,Ritu Das,Family,India,67,65+,Male,0,ritu.das447@gmail.com,9560983746
448,Ritu Reddy,Couple,India,34,26-35,Male,0,ritu.reddy448@gmail.com,9648447868
449,Tanya Patel,Leisure,India,72,65+,Male,0,tanya.patel449@gmail.com,9373928805
450,Arjun Kulkarni,Business,India,61,51-65,Male,1,arjun.kulkarni450@gmail.com,9646346564
451,Rahul Patel,Couple,India,33,26-35,Male,0,rahul.patel451@gmail.com,9511221078
452,Anjali Joshi,Leisure,India,53,51-65,Female,1,anjali.joshi452@gmail.com,9366570563
453,Nikhil Dixit,Leisure,France,38,36-50,Female,0,nikhil.dixit453@gmail.com,9713682070
454,Tanya Kumar,Family,India,61,51-65,Male,1,tanya.kumar454@gmail.com,9963651372
455,Ishaan Patel,Business,India,22,18-25,Female,0,ishaan.patel455@gmail.com,9930568802
456,Nisha Malhotra,Leisure,India,53,51-65,Female,1,nisha.malhotra456@gmail.com,9315469014
457,Vishal Saxena,Business,India,65,51-65,Male,0,vishal.saxena457@gmail.com,9735323297
458,Harsh Mukherjee,Leisure,India,64,51-65,Male,1,harsh.mukherjee458@gmail.com,9540272920
459,Priya Mehta,Business,India,40,36-50,Male,0,priya.mehta459@gmail.com,9101569849
460,Gaurav Desai,Business,Nepal,64,51-65,Female,1,gaurav.desai460@gmail.com,9668883968
461,Kavya Rao,Business,India,21,18-25,Male,0,kavya.rao461@gmail.com,9199886596
462,Amit Dixit,Couple,India,72,65+,Female,0,amit.dixit462@gmail.com,9499960213
463,Pallavi Das,Couple,India,55,51-65,Male,0,pallavi.das463@gmail.com,9784205125
464,Kritika Singh,Leisure,India,54,51-65,Male,0,kritika.singh464@gmail.com,9240346956
465,Kavya Khanna,Family,India,72,65+,Female,0,kavya.khanna465@gmail.com,9521929719
466,Sanjay Malhotra,Leisure,India,35,26-35,Male,1,sanjay.malhotra466@gmail.com,9317661025
467,Rohit Mukherjee,Leisure,India,24,18-25,Male,1,rohit.mukherjee467@gmail.com,9582718617
468,Pallavi Malhotra,Family,India,25,18-25,Female,0,pallavi.malhotra468@gmail.com,9322947698
469,Akash Khanna,Business,India,34,26-35,Male,1,akash.khanna469@gmail.com,9967150570
470,Nisha Pandey,Family,Germany,62,51-65,Male,1,nisha.pandey470@gmail.com,9451965766
471,Anjali Singh,Business,Canada,33,26-35,Female,0,anjali.singh471@gmail.com,9152560325
472,Nisha Verma,Family,India,19,18-25,Female,0,nisha.verma472@gmail.com,9696950800
473,Ananya Mehta,Business,India,47,36-50,Male,0,ananya.mehta473@gmail.com,9250101639
474,Neha Sharma,Family,India,71,65+,Male,1,neha.sharma474@gmail.com,9984412594
475,Kritika Chopra,Leisure,UAE,58,51-65,Male,0,kritika.chopra475@gmail.com,9377906552
476,Vikram Sharma,Family,India,30,26-35,Female,0,vikram.sharma476@gmail.com,9198761306
477,Swati Kumar,Business,India,47,36-50,Male,1,swati.kumar477@gmail.com,9716203465
478,Shruti Pandey,Leisure,France,43,36-50,Female,1,shruti.pandey478@gmail.com,9833594284
479,Shruti Joshi,Family,India,31,26-35,Male,1,shruti.joshi479@gmail.com,9578901124
480,Anjali Patel,Leisure,India,57,51-65,Male,0,anjali.patel480@gmail.com,9635680789
481,Nikhil Kulkarni,Couple,India,48,36-50,Male,1,nikhil.kulkarni481@gmail.com,9511259527
482,Rohit Rao,Couple,India,59,51-65,Male,0,rohit.rao482@gmail.com,9961321417
483,Tanvi Trivedi,Leisure,India,42,36-50,Female,0,tanvi.trivedi483@gmail.com,9939059557
484,Harsh Chopra,Couple,India,50,36-50,Female,0,harsh.chopra484@gmail.com,9293075824
485,Priya Malhotra,Leisure,India,32,26-35,Male,0,priya.malhotra485@gmail.com,9935949119
486,Ritu Patel,Family,India,51,51-65,Female,0,ritu.patel486@gmail.com,9349926429
487,Suresh Kumar,Business,India,60,51-65,Male,1,suresh.kumar487@gmail.com,9976479512
488,Sneha Mukherjee,Leisure,India,54,51-65,Female,0,sneha.mukherjee488@gmail.com,9286521875
489,Divya Mehta,Family,India,38,36-50,Female,0,divya.mehta489@gmail.com,9130286569
490,Manish Saxena,Family,India,27,26-35,Male,0,manish.saxena490@gmail.com,9970161616
491,Harsh Mishra,Leisure,India,29,26-35,Female,1,harsh.mishra491@gmail.com,9160309911
492,Aditya Agarwal,Couple,India,19,18-25,Female,1,aditya.agarwal492@gmail.com,9759422189
493,Karan Trivedi,Leisure,India,39,36-50,Male,0,karan.trivedi493@gmail.com,9447450846
494,Sneha Sharma,Business,India,55,51-65,Male,0,sneha.sharma494@gmail.com,9665104817
495,Tanya Singh,Leisure,India,63,51-65,Female,0,tanya.singh495@gmail.com,9461379699
496,Nisha Malhotra,Leisure,India,28,26-35,Female,0,nisha.malhotra496@gmail.com,9623127037
497,Sanjay Joshi,Leisure,Germany,53,51-65,Female,1,sanjay.joshi497@gmail.com,9732380409
498,Divya Kapoor,Business,India,64,51-65,Female,1,divya.kapoor498@gmail.com,9882576281
499,Rahul Banerjee,Family,India,43,36-50,Male,1,rahul.banerjee499@gmail.com,9441682804
500,Muskan Mehta,Family,India,54,51-65,Male,0,muskan.mehta500@gmail.com,9251014666
501,Swati Das,Couple,India,33,26-35,Female,0,swati.das501@gmail.com,9280267742
502,Pooja Pandey,Leisure,Germany,60,51-65,Female,0,pooja.pandey502@gmail.com,9384769690
503,Meera Mehta,Leisure,Singapore,22,18-25,Female,1,meera.mehta503@gmail.com,9216001265
504,Rahul Patel,Couple,India,46,36-50,Female,0,rahul.patel504@gmail.com,9544549689
505,Harsh Kulkarni,Couple,India,40,36-50,Female,1,harsh.kulkarni505@gmail.com,9614847663
506,Rohan Bose,Business,UAE,32,26-35,Male,0,rohan.bose506@gmail.com,9958128631
507,Amit Khanna,Family,India,38,36-50,Female,0,amit.khanna507@gmail.com,9179672074
508,Swati Joshi,Couple,India,28,26-35,Male,0,swati.joshi508@gmail.com,9199970392
509,Swati Agarwal,Family,India,48,36-50,Male,0,swati.agarwal509@gmail.com,9801835431
510,Suresh Agarwal,Couple,India,28,26-35,Male,1,suresh.agarwal510@gmail.com,9320708138
511,Karan Rao,Couple,Australia,53,51-65,Female,0,karan.rao511@gmail.com,9419331516
512,Kavya Kumar,Leisure,India,43,36-50,Female,1,kavya.kumar512@gmail.com,9487437109
513,Rahul Rao,Family,India,36,36-50,Female,1,rahul.rao513@gmail.com,9127633490
514,Meera Joshi,Family,India,36,36-50,Male,0,meera.joshi514@gmail.com,9224026766
515,Nisha Trivedi,Business,India,48,36-50,Female,0,nisha.trivedi515@gmail.com,9384546308
516,Pooja Bose,Business,India,42,36-50,Male,0,pooja.bose516@gmail.com,9509573649
517,Tanya Joshi,Leisure,India,20,18-25,Female,0,tanya.joshi517@gmail.com,9382824466
518,Aditya Pandey,Couple,India,54,51-65,Male,1,aditya.pandey518@gmail.com,9847829989
519,Arjun Singh,Family,USA,40,36-50,Female,0,arjun.singh519@gmail.com,9733213949
520,Aditya Mishra,Business,India,71,65+,Female,0,aditya.mishra520@gmail.com,9549502766
521,Tanvi Pillai,Leisure,India,54,51-65,Male,0,tanvi.pillai521@gmail.com,9184777341
522,Kritika Kulkarni,Leisure,Canada,20,18-25,Male,1,kritika.kulkarni522@gmail.com,9913025234
523,Akash Joshi,Family,India,31,26-35,Male,1,akash.joshi523@gmail.com,9554595339
524,Pooja Pillai,Couple,India,30,26-35,Male,0,pooja.pillai524@gmail.com,9376903372
525,Sanjay Dixit,Couple,Malaysia,69,65+,Male,1,sanjay.dixit525@gmail.com,9697391512
526,Kritika Mishra,Leisure,India,72,65+,Female,0,kritika.mishra526@gmail.com,9113275526
527,Muskan Saxena,Leisure,India,68,65+,Female,1,muskan.saxena527@gmail.com,9260677223
528,Anjali Saxena,Leisure,India,55,51-65,Male,0,anjali.saxena528@gmail.com,9704177085
529,Arjun Trivedi,Business,India,52,51-65,Female,0,arjun.trivedi529@gmail.com,9383614547
530,Gaurav Bose,Family,India,54,51-65,Female,1,gaurav.bose530@gmail.com,9395723682
531,Kritika Gupta,Couple,India,56,51-65,Female,1,kritika.gupta531@gmail.com,9455939049
532,Kavya Patel,Family,India,35,26-35,Female,1,kavya.patel532@gmail.com,9977661452
533,Nisha Khanna,Family,India,71,65+,Female,0,nisha.khanna533@gmail.com,9835354265
534,Arjun Desai,Leisure,India,26,26-35,Female,0,arjun.desai534@gmail.com,9575786397
535,Sanjay Verma,Couple,Malaysia,44,36-50,Male,1,sanjay.verma535@gmail.com,9326978821
536,Nikhil Das,Family,India,66,65+,Female,0,nikhil.das536@gmail.com,9653266624
537,Suresh Singh,Couple,India,63,51-65,Female,1,suresh.singh537@gmail.com,9662948033
538,Rohan Sharma,Business,India,30,26-35,Male,0,rohan.sharma538@gmail.com,9367888133
539,Amit Iyer,Leisure,India,41,36-50,Male,1,amit.iyer539@gmail.com,9984233149
540,Pallavi Reddy,Business,India,58,51-65,Male,0,pallavi.reddy540@gmail.com,9359779054
541,Tanya Nair,Family,India,46,36-50,Male,0,tanya.nair541@gmail.com,9609578849
542,Simran Mishra,Couple,India,40,36-50,Male,0,simran.mishra542@gmail.com,9377733976
543,Pooja Khanna,Business,India,42,36-50,Male,1,pooja.khanna543@gmail.com,9714457408
544,Meera Desai,Couple,India,59,51-65,Male,0,meera.desai544@gmail.com,9388926290
545,Nikhil Reddy,Couple,India,67,65+,Male,0,nikhil.reddy545@gmail.com,9242071170
546,Divya Agarwal,Leisure,India,32,26-35,Female,0,divya.agarwal546@gmail.com,9427984850
547,Ritu Rao,Business,India,72,65+,Female,0,ritu.rao547@gmail.com,9334300190
548,Pallavi Khanna,Couple,UK,51,51-65,Female,0,pallavi.khanna548@gmail.com,9107889398
549,Shreyash Pillai,Leisure,India,53,51-65,Female,0,shreyash.pillai549@gmail.com,9216076355
550,Riya Singh,Couple,India,35,26-35,Female,0,riya.singh550@gmail.com,9380404354
551,Nisha Shah,Leisure,India,51,51-65,Male,0,nisha.shah551@gmail.com,9964823687
552,Ayush Kapoor,Family,India,38,36-50,Male,0,ayush.kapoor552@gmail.com,9803731001
553,Harsh Khanna,Leisure,India,44,36-50,Female,0,harsh.khanna553@gmail.com,9137923492
554,Simran Banerjee,Leisure,India,70,65+,Male,0,simran.banerjee554@gmail.com,9865974442
555,Aditya Pillai,Family,India,58,51-65,Female,0,aditya.pillai555@gmail.com,9821413281
556,Manish Reddy,Leisure,India,72,65+,Male,0,manish.reddy556@gmail.com,9699414278
557,Divya Khanna,Business,India,48,36-50,Male,0,divya.khanna557@gmail.com,9878663220
558,Ananya Mukherjee,Business,India,61,51-65,Female,0,ananya.mukherjee558@gmail.com,9338642889
559,Manish Mehta,Couple,India,44,36-50,Female,0,manish.mehta559@gmail.com,9728751749
560,Vishal Iyer,Couple,India,48,36-50,Male,0,vishal.iyer560@gmail.com,9726608478
561,Simran Agarwal,Couple,India,48,36-50,Male,0,simran.agarwal561@gmail.com,9830893658
562,Gaurav Reddy,Business,India,44,36-50,Male,0,gaurav.reddy562@gmail.com,9261897130
563,Rohit Shah,Business,India,44,36-50,Female,1,rohit.shah563@gmail.com,9868443155
564,Divya Mukherjee,Business,India,49,36-50,Female,0,divya.mukherjee564@gmail.com,9289863614
565,Sanjay Bose,Leisure,India,18,18-25,Female,1,sanjay.bose565@gmail.com,9917325063
566,Suresh Saxena,Leisure,India,49,36-50,Male,1,suresh.saxena566@gmail.com,9565694083
567,Shruti Kapoor,Leisure,India,48,36-50,Female,1,shruti.kapoor567@gmail.com,9673144707
568,Karan Das,Leisure,India,18,18-25,Female,0,karan.das568@gmail.com,9670193187
569,Karan Sharma,Family,UK,18,18-25,Male,1,karan.sharma569@gmail.com,9469742752
570,Nisha Gupta,Leisure,India,42,36-50,Female,1,nisha.gupta570@gmail.com,9984595578
571,Amit Khanna,Leisure,India,47,36-50,Female,0,amit.khanna571@gmail.com,9837424573
572,Rohit Malhotra,Couple,India,40,36-50,Male,1,rohit.malhotra572@gmail.com,9971887294
573,Kritika Sharma,Leisure,India,32,26-35,Male,1,kritika.sharma573@gmail.com,9123529192
574,Simran Reddy,Couple,India,25,18-25,Female,0,simran.reddy574@gmail.com,9950540063
575,Amit Kapoor,Family,India,34,26-35,Male,0,amit.kapoor575@gmail.com,9151497057
576,Arjun Bose,Family,India,21,18-25,Male,0,arjun.bose576@gmail.com,9508294370
577,Neha Mishra,Business,India,48,36-50,Male,1,neha.mishra577@gmail.com,9836307746
578,Rahul Khanna,Family,India,60,51-65,Male,0,rahul.khanna578@gmail.com,9389885759
579,Muskan Agarwal,Leisure,Australia,26,26-35,Female,0,muskan.agarwal579@gmail.com,9212650803
580,Shreyash Das,Leisure,India,25,18-25,Female,1,shreyash.das580@gmail.com,9214099789
581,Harsh Shah,Leisure,India,30,26-35,Female,0,harsh.shah581@gmail.com,9316544937
582,Manish Banerjee,Family,India,36,36-50,Male,1,manish.banerjee582@gmail.com,9632956813
583,Meera Banerjee,Leisure,India,39,36-50,Male,1,meera.banerjee583@gmail.com,9821160591
584,Pooja Dixit,Leisure,India,71,65+,Female,1,pooja.dixit584@gmail.com,9196725534
585,Shreyash Singh,Couple,France,64,51-65,Male,0,shreyash.singh585@gmail.com,9791851361
586,Aditya Iyer,Business,India,34,26-35,Female,1,aditya.iyer586@gmail.com,9973143678
587,Divya Desai,Business,India,72,65+,Female,0,divya.desai587@gmail.com,9826672529
588,Sanjay Rao,Business,Nepal,25,18-25,Male,0,sanjay.rao588@gmail.com,9149273037
589,Rahul Desai,Business,India,60,51-65,Male,0,rahul.desai589@gmail.com,9569992383
590,Muskan Verma,Business,Malaysia,23,18-25,Female,0,muskan.verma590@gmail.com,9296354549
591,Neha Kapoor,Business,India,47,36-50,Female,0,neha.kapoor591@gmail.com,9840777094
592,Riya Trivedi,Couple,India,59,51-65,Male,1,riya.trivedi592@gmail.com,9847506709
593,Sneha Desai,Business,India,24,18-25,Female,0,sneha.desai593@gmail.com,9618268171
594,Rohan Pillai,Leisure,India,29,26-35,Female,0,rohan.pillai594@gmail.com,9756441105
595,Priya Desai,Family,UAE,71,65+,Male,0,priya.desai595@gmail.com,9624117847
596,Neha Kulkarni,Leisure,India,46,36-50,Male,1,neha.kulkarni596@gmail.com,9803272515
597,Sanjay Sharma,Couple,Germany,61,51-65,Male,0,sanjay.sharma597@gmail.com,9819239897
598,Swati Reddy,Business,India,62,51-65,Male,0,swati.reddy598@gmail.com,9880236611
599,Kavya Nair,Business,India,60,51-65,Female,1,kavya.nair599@gmail.com,9987380851
600,Ananya Kulkarni,Business,India,21,18-25,Male,0,ananya.kulkarni600@gmail.com,9268499484
601,Shreyash Desai,Business,India,72,65+,Female,0,shreyash.desai601@gmail.com,9180385942
602,Harsh Malhotra,Leisure,India,39,36-50,Female,1,harsh.malhotra602@gmail.com,9339129305
603,Ananya Bose,Business,India,43,36-50,Male,1,ananya.bose603@gmail.com,9576944168
604,Rohan Iyer,Business,India,72,65+,Female,0,rohan.iyer604@gmail.com,9227460504
605,Harsh Das,Business,India,19,18-25,Male,0,harsh.das605@gmail.com,9138474240
606,Ananya Mishra,Leisure,India,70,65+,Male,0,ananya.mishra606@gmail.com,9764717221
607,Nisha Kulkarni,Business,India,53,51-65,Male,0,nisha.kulkarni607@gmail.com,9589849525
608,Swati Chopra,Leisure,India,70,65+,Male,0,swati.chopra608@gmail.com,9456452891
609,Ananya Mukherjee,Leisure,India,56,51-65,Female,0,ananya.mukherjee609@gmail.com,9490084550
610,Akash Kumar,Couple,India,66,65+,Male,1,akash.kumar610@gmail.com,9481327572
611,Vishal Mishra,Business,India,41,36-50,Male,1,vishal.mishra611@gmail.com,9276260482
612,Harsh Gupta,Couple,Canada,65,51-65,Female,1,harsh.gupta612@gmail.com,9755897094
613,Karan Shah,Couple,India,72,65+,Female,1,karan.shah613@gmail.com,9985358270
614,Karan Banerjee,Business,India,24,18-25,Female,1,karan.banerjee614@gmail.com,9779936769
615,Simran Kumar,Family,India,47,36-50,Male,0,simran.kumar615@gmail.com,9104657489
616,Ishaan Das,Family,India,53,51-65,Female,0,ishaan.das616@gmail.com,9618544245
617,Shreyash Mukherjee,Business,India,62,51-65,Male,0,shreyash.mukherjee617@gmail.com,9237848895
618,Arjun Kapoor,Leisure,India,56,51-65,Female,0,arjun.kapoor618@gmail.com,9513028367
619,Nikhil Agarwal,Couple,Singapore,66,65+,Male,1,nikhil.agarwal619@gmail.com,9468141835
620,Vishal Iyer,Couple,India,26,26-35,Female,0,vishal.iyer620@gmail.com,9903617229
621,Shreyash Khanna,Business,Australia,53,51-65,Female,0,shreyash.khanna621@gmail.com,9694403676
622,Meera Shah,Business,India,57,51-65,Female,0,meera.shah622@gmail.com,9821955780
623,Rohit Banerjee,Leisure,India,29,26-35,Female,0,rohit.banerjee623@gmail.com,9916875967
624,Manish Mishra,Leisure,India,55,51-65,Female,0,manish.mishra624@gmail.com,9673273772
625,Vishal Kulkarni,Couple,India,69,65+,Male,0,vishal.kulkarni625@gmail.com,9127135757
626,Gaurav Gupta,Leisure,India,60,51-65,Male,1,gaurav.gupta626@gmail.com,9905505027
627,Suresh Khanna,Leisure,UAE,34,26-35,Male,0,suresh.khanna627@gmail.com,9841520570
628,Vishal Shah,Couple,India,20,18-25,Female,0,vishal.shah628@gmail.com,9210037068
629,Muskan Desai,Business,UK,65,51-65,Male,0,muskan.desai629@gmail.com,9702659666
630,Gaurav Mehta,Leisure,India,68,65+,Female,0,gaurav.mehta630@gmail.com,9150444260
631,Gaurav Kapoor,Couple,India,68,65+,Female,0,gaurav.kapoor631@gmail.com,9157769665
632,Rahul Das,Family,India,30,26-35,Female,0,rahul.das632@gmail.com,9780525215
633,Tanya Mukherjee,Leisure,India,52,51-65,Male,0,tanya.mukherjee633@gmail.com,9307766587
634,Vishal Iyer,Leisure,India,61,51-65,Male,1,vishal.iyer634@gmail.com,9286611097
635,Shreyash Kumar,Business,India,20,18-25,Female,1,shreyash.kumar635@gmail.com,9383725108
636,Rohit Joshi,Leisure,India,72,65+,Female,1,rohit.joshi636@gmail.com,9600719456
637,Anjali Patel,Leisure,India,38,36-50,Male,0,anjali.patel637@gmail.com,9771482340
638,Muskan Pandey,Business,India,37,36-50,Female,0,muskan.pandey638@gmail.com,9690729993
639,Manish Singh,Leisure,Germany,38,36-50,Male,0,manish.singh639@gmail.com,9658996745
640,Vikram Trivedi,Leisure,India,28,26-35,Female,0,vikram.trivedi640@gmail.com,9533165776
641,Pooja Chopra,Business,India,31,26-35,Female,0,pooja.chopra641@gmail.com,9415223070
642,Meera Mukherjee,Leisure,India,51,51-65,Female,0,meera.mukherjee642@gmail.com,9984428681
643,Rahul Kumar,Business,USA,40,36-50,Female,1,rahul.kumar643@gmail.com,9789626099
644,Muskan Dixit,Leisure,India,33,26-35,Male,0,muskan.dixit644@gmail.com,9444603491
645,Gaurav Dixit,Business,India,42,36-50,Female,0,gaurav.dixit645@gmail.com,9403685324
646,Priya Dixit,Family,India,70,65+,Female,0,priya.dixit646@gmail.com,9646250686
647,Akash Nair,Leisure,India,36,36-50,Male,0,akash.nair647@gmail.com,9188417749
648,Arjun Joshi,Couple,India,52,51-65,Male,0,arjun.joshi648@gmail.com,9326324885
649,Meera Desai,Couple,UAE,45,36-50,Male,1,meera.desai649@gmail.com,9989862107
650,Shruti Bose,Leisure,India,65,51-65,Male,1,shruti.bose650@gmail.com,9869731458
651,Swati Patel,Business,India,22,18-25,Male,1,swati.patel651@gmail.com,9370484159
652,Ananya Singh,Leisure,India,70,65+,Male,0,ananya.singh652@gmail.com,9537692362
653,Gaurav Iyer,Leisure,India,43,36-50,Female,0,gaurav.iyer653@gmail.com,9518224445
654,Neha Mishra,Couple,India,59,51-65,Male,0,neha.mishra654@gmail.com,9728791817
655,Amit Banerjee,Leisure,India,40,36-50,Male,0,amit.banerjee655@gmail.com,9836456606
656,Nisha Agarwal,Business,India,36,36-50,Female,0,nisha.agarwal656@gmail.com,9982747173
657,Priya Nair,Leisure,India,52,51-65,Male,1,priya.nair657@gmail.com,9519825069
658,Tanvi Khanna,Leisure,India,27,26-35,Female,0,tanvi.khanna658@gmail.com,9953643130
659,Tanya Sharma,Couple,India,53,51-65,Male,1,tanya.sharma659@gmail.com,9105400747
660,Rohan Agarwal,Leisure,India,52,51-65,Male,0,rohan.agarwal660@gmail.com,9903477338
661,Manish Shah,Leisure,India,59,51-65,Male,1,manish.shah661@gmail.com,9337069279
662,Muskan Pandey,Family,India,30,26-35,Male,1,muskan.pandey662@gmail.com,9958628444
663,Rohan Desai,Couple,India,72,65+,Female,0,rohan.desai663@gmail.com,9178538388
664,Vishal Pillai,Business,India,34,26-35,Male,1,vishal.pillai664@gmail.com,9723409836
665,Harsh Malhotra,Business,India,26,26-35,Male,1,harsh.malhotra665@gmail.com,9765200007
666,Vikram Kulkarni,Business,India,38,36-50,Female,0,vikram.kulkarni666@gmail.com,9761792646
667,Nisha Banerjee,Business,India,27,26-35,Female,0,nisha.banerjee667@gmail.com,9559891563
668,Suresh Sharma,Business,India,33,26-35,Male,0,suresh.sharma668@gmail.com,9788095145
669,Shruti Verma,Business,India,26,26-35,Female,0,shruti.verma669@gmail.com,9596979657
670,Akash Chopra,Leisure,India,49,36-50,Male,1,akash.chopra670@gmail.com,9751361501
671,Pooja Pandey,Business,India,72,65+,Male,0,pooja.pandey671@gmail.com,9310917183
672,Deepak Das,Family,India,22,18-25,Male,0,deepak.das672@gmail.com,9644578566
673,Priya Pandey,Business,India,55,51-65,Female,0,priya.pandey673@gmail.com,9328450041
674,Amit Mishra,Leisure,India,52,51-65,Female,0,amit.mishra674@gmail.com,9259593453
675,Tanya Kapoor,Leisure,India,67,65+,Female,1,tanya.kapoor675@gmail.com,9638076911
676,Shreyash Singh,Family,India,41,36-50,Male,0,shreyash.singh676@gmail.com,9966015789
677,Muskan Pillai,Business,India,66,65+,Male,0,muskan.pillai677@gmail.com,9292355674
678,Rohan Saxena,Leisure,India,27,26-35,Female,0,rohan.saxena678@gmail.com,9143400463
679,Aditya Mukherjee,Family,India,32,26-35,Male,1,aditya.mukherjee679@gmail.com,9351275639
680,Amit Pillai,Family,India,51,51-65,Female,0,amit.pillai680@gmail.com,9588169687
681,Amit Patel,Couple,India,38,36-50,Male,0,amit.patel681@gmail.com,9659819889
682,Ritu Pandey,Leisure,Nepal,34,26-35,Male,0,ritu.pandey682@gmail.com,9506431167
683,Tanya Saxena,Business,India,71,65+,Male,0,tanya.saxena683@gmail.com,9504079950
684,Aditya Reddy,Couple,India,40,36-50,Female,0,aditya.reddy684@gmail.com,9617661767
685,Ayush Sharma,Family,India,26,26-35,Female,1,ayush.sharma685@gmail.com,9182772849
686,Shreyash Bose,Leisure,India,31,26-35,Male,1,shreyash.bose686@gmail.com,9488933925
687,Ayush Banerjee,Leisure,India,60,51-65,Male,0,ayush.banerjee687@gmail.com,9454576141
688,Neha Nair,Leisure,UK,48,36-50,Female,1,neha.nair688@gmail.com,9273136853
689,Nikhil Sharma,Couple,India,20,18-25,Male,0,nikhil.sharma689@gmail.com,9273011097
690,Rohit Bose,Business,India,20,18-25,Male,1,rohit.bose690@gmail.com,9377304178
691,Divya Reddy,Leisure,India,56,51-65,Male,0,divya.reddy691@gmail.com,9881656471
692,Vishal Singh,Leisure,India,46,36-50,Female,0,vishal.singh692@gmail.com,9283144690
693,Aditya Pandey,Leisure,India,56,51-65,Male,0,aditya.pandey693@gmail.com,9980954894
694,Divya Agarwal,Business,India,50,36-50,Female,1,divya.agarwal694@gmail.com,9836147907
695,Swati Dixit,Business,India,56,51-65,Male,1,swati.dixit695@gmail.com,9513886549
696,Rohit Kumar,Couple,India,30,26-35,Female,0,rohit.kumar696@gmail.com,9750162509
697,Arjun Joshi,Leisure,India,57,51-65,Male,0,arjun.joshi697@gmail.com,9670618563
698,Shreyash Mukherjee,Leisure,India,23,18-25,Female,0,shreyash.mukherjee698@gmail.com,9747975975
699,Tanvi Pandey,Business,India,67,65+,Female,0,tanvi.pandey699@gmail.com,9497689759
700,Amit Banerjee,Leisure,India,45,36-50,Male,0,amit.banerjee700@gmail.com,9617676106
701,Gaurav Chopra,Leisure,India,69,65+,Male,0,gaurav.chopra701@gmail.com,9373286650
702,Riya Mukherjee,Business,India,72,65+,Male,0,riya.mukherjee702@gmail.com,9683826742
703,Nikhil Verma,Leisure,India,18,18-25,Male,0,nikhil.verma703@gmail.com,9226517500
704,Ishaan Sharma,Business,India,59,51-65,Male,0,ishaan.sharma704@gmail.com,9439196880
705,Nikhil Chopra,Business,India,27,26-35,Female,0,nikhil.chopra705@gmail.com,9372336071
706,Deepak Desai,Family,India,45,36-50,Female,0,deepak.desai706@gmail.com,9830794809
707,Kritika Mukherjee,Leisure,India,44,36-50,Female,1,kritika.mukherjee707@gmail.com,9700322425
708,Ananya Nair,Couple,India,37,36-50,Female,0,ananya.nair708@gmail.com,9527488567
709,Rohit Desai,Leisure,India,25,18-25,Male,0,rohit.desai709@gmail.com,9850879936
710,Suresh Kumar,Couple,India,50,36-50,Female,0,suresh.kumar710@gmail.com,9959910144
711,Ananya Agarwal,Couple,Australia,61,51-65,Male,1,ananya.agarwal711@gmail.com,9782767320
712,Rahul Trivedi,Leisure,India,70,65+,Male,0,rahul.trivedi712@gmail.com,9744508634
713,Shruti Singh,Leisure,India,34,26-35,Male,0,shruti.singh713@gmail.com,9753939761
714,Amit Das,Leisure,India,43,36-50,Female,0,amit.das714@gmail.com,9741531280
715,Sneha Mukherjee,Leisure,India,58,51-65,Female,0,sneha.mukherjee715@gmail.com,9316581500
716,Ishaan Khanna,Family,India,20,18-25,Male,0,ishaan.khanna716@gmail.com,9823728171
717,Amit Chopra,Couple,India,59,51-65,Male,0,amit.chopra717@gmail.com,9193246752
718,Ritu Mukherjee,Family,India,40,36-50,Female,0,ritu.mukherjee718@gmail.com,9315081636
719,Ishaan Sharma,Business,Nepal,63,51-65,Male,0,ishaan.sharma719@gmail.com,9690120616
720,Vishal Das,Couple,India,55,51-65,Female,0,vishal.das720@gmail.com,9975652436
721,Ritu Mehta,Family,India,30,26-35,Female,0,ritu.mehta721@gmail.com,9717301394
722,Rahul Verma,Business,India,44,36-50,Male,0,rahul.verma722@gmail.com,9640273782
723,Vishal Malhotra,Business,India,69,65+,Female,0,vishal.malhotra723@gmail.com,9973110318
724,Rohan Verma,Couple,Singapore,46,36-50,Female,0,rohan.verma724@gmail.com,9926745981
725,Kavya Mukherjee,Leisure,India,67,65+,Female,0,kavya.mukherjee725@gmail.com,9730100172
726,Priya Nair,Couple,India,34,26-35,Male,0,priya.nair726@gmail.com,9946812945
727,Aditya Pillai,Business,Australia,32,26-35,Female,0,aditya.pillai727@gmail.com,9479134231
728,Ishaan Mishra,Couple,India,62,51-65,Female,1,ishaan.mishra728@gmail.com,9199868119
729,Kritika Pillai,Business,India,22,18-25,Male,0,kritika.pillai729@gmail.com,9479608458
730,Meera Kulkarni,Business,India,35,26-35,Male,0,meera.kulkarni730@gmail.com,9833480882
731,Karan Nair,Business,Nepal,30,26-35,Male,0,karan.nair731@gmail.com,9384976854
732,Meera Mehta,Couple,India,71,65+,Male,0,meera.mehta732@gmail.com,9482281482
733,Anjali Mukherjee,Couple,India,25,18-25,Male,0,anjali.mukherjee733@gmail.com,9812346179
734,Harsh Agarwal,Leisure,India,66,65+,Male,0,harsh.agarwal734@gmail.com,9498569245
735,Muskan Malhotra,Leisure,India,54,51-65,Female,0,muskan.malhotra735@gmail.com,9920620417
736,Shreyash Verma,Family,India,32,26-35,Male,1,shreyash.verma736@gmail.com,9958209543
737,Shruti Nair,Leisure,India,20,18-25,Female,0,shruti.nair737@gmail.com,9836950507
738,Divya Iyer,Couple,India,62,51-65,Female,0,divya.iyer738@gmail.com,9109039413
739,Rahul Pillai,Leisure,India,42,36-50,Male,0,rahul.pillai739@gmail.com,9757965465
740,Deepak Joshi,Leisure,India,34,26-35,Male,1,deepak.joshi740@gmail.com,9758293983
741,Swati Chopra,Leisure,India,49,36-50,Female,1,swati.chopra741@gmail.com,9852384450
742,Tanya Chopra,Leisure,India,35,26-35,Female,1,tanya.chopra742@gmail.com,9240809604
743,Rohan Pillai,Couple,India,70,65+,Male,0,rohan.pillai743@gmail.com,9963382466
744,Kavya Mishra,Leisure,India,72,65+,Female,1,kavya.mishra744@gmail.com,9959033676
745,Anjali Nair,Business,India,29,26-35,Female,0,anjali.nair745@gmail.com,9777157408
746,Ishaan Mishra,Family,France,38,36-50,Female,0,ishaan.mishra746@gmail.com,9703591560
747,Rohan Patel,Leisure,India,24,18-25,Male,1,rohan.patel747@gmail.com,9973830502
748,Deepak Nair,Leisure,India,24,18-25,Female,0,deepak.nair748@gmail.com,9378924968
749,Tanya Chopra,Family,India,53,51-65,Female,0,tanya.chopra749@gmail.com,9542124908
750,Neha Chopra,Couple,UK,56,51-65,Male,0,neha.chopra750@gmail.com,9797787747
751,Tanvi Joshi,Business,India,40,36-50,Female,0,tanvi.joshi751@gmail.com,9623442423
752,Akash Kulkarni,Family,India,42,36-50,Female,0,akash.kulkarni752@gmail.com,9255529715
753,Suresh Bose,Couple,India,44,36-50,Female,0,suresh.bose753@gmail.com,9176605123
754,Pooja Joshi,Leisure,India,32,26-35,Female,0,pooja.joshi754@gmail.com,9412841502
755,Ritu Agarwal,Business,India,43,36-50,Female,0,ritu.agarwal755@gmail.com,9938564480
756,Tanya Das,Couple,India,51,51-65,Female,0,tanya.das756@gmail.com,9297446299
757,Priya Gupta,Couple,Malaysia,33,26-35,Female,0,priya.gupta757@gmail.com,9852367594
758,Pooja Shah,Leisure,India,43,36-50,Male,1,pooja.shah758@gmail.com,9608079376
759,Ananya Patel,Family,India,67,65+,Female,0,ananya.patel759@gmail.com,9189390303
760,Arjun Verma,Couple,India,27,26-35,Male,0,arjun.verma760@gmail.com,9518594177
761,Nisha Mehta,Business,India,65,51-65,Female,0,nisha.mehta761@gmail.com,9235733540
762,Rohit Reddy,Leisure,India,19,18-25,Male,0,rohit.reddy762@gmail.com,9449182252
763,Riya Iyer,Business,India,35,26-35,Female,1,riya.iyer763@gmail.com,9849066860
764,Tanvi Joshi,Couple,India,56,51-65,Female,0,tanvi.joshi764@gmail.com,9782739957
765,Rohan Rao,Business,India,58,51-65,Female,0,rohan.rao765@gmail.com,9617169553
766,Tanvi Mehta,Leisure,India,46,36-50,Female,0,tanvi.mehta766@gmail.com,9378965689
767,Anjali Khanna,Couple,India,18,18-25,Male,0,anjali.khanna767@gmail.com,9603797467
768,Tanvi Sharma,Family,Singapore,49,36-50,Female,0,tanvi.sharma768@gmail.com,9922345794
769,Shruti Trivedi,Leisure,India,56,51-65,Male,0,shruti.trivedi769@gmail.com,9688638365
770,Tanya Shah,Couple,India,53,51-65,Female,0,tanya.shah770@gmail.com,9275309282
771,Gaurav Pandey,Business,India,32,26-35,Female,1,gaurav.pandey771@gmail.com,9771435478
772,Kavya Reddy,Couple,India,69,65+,Female,0,kavya.reddy772@gmail.com,9897711678
773,Tanvi Trivedi,Business,India,44,36-50,Male,0,tanvi.trivedi773@gmail.com,9295858216
774,Rohit Khanna,Leisure,India,58,51-65,Female,0,rohit.khanna774@gmail.com,9392201792
775,Muskan Nair,Couple,India,38,36-50,Male,1,muskan.nair775@gmail.com,9674420474
776,Priya Joshi,Business,India,36,36-50,Female,1,priya.joshi776@gmail.com,9570746273
777,Rahul Mehta,Business,India,27,26-35,Male,0,rahul.mehta777@gmail.com,9467126134
778,Nikhil Khanna,Couple,India,41,36-50,Female,0,nikhil.khanna778@gmail.com,9134077472
779,Swati Singh,Couple,India,21,18-25,Female,0,swati.singh779@gmail.com,9176648733
780,Tanvi Nair,Couple,India,30,26-35,Female,0,tanvi.nair780@gmail.com,9989328868
781,Rahul Kumar,Couple,Canada,33,26-35,Female,0,rahul.kumar781@gmail.com,9575625690
782,Kavya Das,Leisure,India,30,26-35,Female,0,kavya.das782@gmail.com,9200889109
783,Ishaan Pillai,Leisure,India,48,36-50,Female,0,ishaan.pillai783@gmail.com,9435124877
784,Sanjay Joshi,Leisure,India,64,51-65,Male,0,sanjay.joshi784@gmail.com,9690106975
785,Ishaan Kumar,Business,India,48,36-50,Female,1,ishaan.kumar785@gmail.com,9155928537
786,Meera Kumar,Family,India,58,51-65,Female,0,meera.kumar786@gmail.com,9279701810
787,Ritu Saxena,Leisure,India,43,36-50,Male,1,ritu.saxena787@gmail.com,9145090037
788,Simran Trivedi,Leisure,Singapore,48,36-50,Male,0,simran.trivedi788@gmail.com,9196078316
789,Kavya Joshi,Leisure,India,23,18-25,Female,0,kavya.joshi789@gmail.com,9915571513
790,Sneha Patel,Family,India,59,51-65,Male,0,sneha.patel790@gmail.com,9949830412
791,Arjun Gupta,Business,India,32,26-35,Female,0,arjun.gupta791@gmail.com,9946711815
792,Manish Trivedi,Leisure,India,64,51-65,Male,1,manish.trivedi792@gmail.com,9505626309
793,Manish Das,Leisure,India,34,26-35,Male,0,manish.das793@gmail.com,9569762050
794,Ananya Khanna,Couple,India,62,51-65,Female,1,ananya.khanna794@gmail.com,9300388921
795,Tanvi Chopra,Business,India,64,51-65,Female,1,tanvi.chopra795@gmail.com,9992654825
796,Ayush Dixit,Family,India,28,26-35,Male,0,ayush.dixit796@gmail.com,9582522615
797,Vishal Pandey,Family,India,52,51-65,Female,0,vishal.pandey797@gmail.com,9933135507
798,Shreyash Kapoor,Leisure,Malaysia,29,26-35,Male,0,shreyash.kapoor798@gmail.com,9490922764
799,Muskan Mehta,Couple,India,64,51-65,Male,0,muskan.mehta799@gmail.com,9678700154
800,Gaurav Shah,Family,India,61,51-65,Female,0,gaurav.shah800@gmail.com,9265497448
801,Muskan Khanna,Couple,India,44,36-50,Female,1,muskan.khanna801@gmail.com,9661782298
802,Vikram Patel,Business,India,29,26-35,Male,1,vikram.patel802@gmail.com,9621162378
803,Karan Kumar,Leisure,India,54,51-65,Female,0,karan.kumar803@gmail.com,9664596387
804,Muskan Banerjee,Couple,India,34,26-35,Male,0,muskan.banerjee804@gmail.com,9750637748
805,Vikram Sharma,Leisure,India,59,51-65,Female,0,vikram.sharma805@gmail.com,9993436624
806,Pooja Iyer,Couple,India,21,18-25,Female,0,pooja.iyer806@gmail.com,9546626348
807,Tanya Trivedi,Family,Germany,21,18-25,Female,0,tanya.trivedi807@gmail.com,9888448988
808,Vikram Pandey,Family,India,22,18-25,Male,0,vikram.pandey808@gmail.com,9204281005
809,Arjun Das,Leisure,India,52,51-65,Female,1,arjun.das809@gmail.com,9664994379
810,Kavya Saxena,Business,India,29,26-35,Female,0,kavya.saxena810@gmail.com,9922790554
811,Rohan Chopra,Family,UK,47,36-50,Female,0,rohan.chopra811@gmail.com,9279110141
812,Divya Mishra,Couple,India,50,36-50,Female,0,divya.mishra812@gmail.com,9673271266
813,Ayush Iyer,Business,India,38,36-50,Female,0,ayush.iyer813@gmail.com,9542750235
814,Shruti Pandey,Family,France,38,36-50,Male,0,shruti.pandey814@gmail.com,9329703585
815,Gaurav Mukherjee,Family,India,65,51-65,Female,0,gaurav.mukherjee815@gmail.com,9585764529
816,Akash Kapoor,Leisure,India,64,51-65,Male,0,akash.kapoor816@gmail.com,9739695468
817,Priya Reddy,Leisure,India,37,36-50,Male,0,priya.reddy817@gmail.com,9338249032
818,Meera Desai,Leisure,India,19,18-25,Female,0,meera.desai818@gmail.com,9648973579
819,Ananya Saxena,Business,India,27,26-35,Male,1,ananya.saxena819@gmail.com,9481882460
820,Anjali Gupta,Leisure,India,41,36-50,Male,1,anjali.gupta820@gmail.com,9970884334
821,Nisha Singh,Couple,India,43,36-50,Male,0,nisha.singh821@gmail.com,9876938677
822,Sanjay Trivedi,Business,India,29,26-35,Female,0,sanjay.trivedi822@gmail.com,9840447097
823,Rohan Pandey,Leisure,India,56,51-65,Female,1,rohan.pandey823@gmail.com,9967949720
824,Rohan Kapoor,Leisure,India,67,65+,Male,0,rohan.kapoor824@gmail.com,9459048149
825,Manish Kulkarni,Leisure,India,44,36-50,Male,0,manish.kulkarni825@gmail.com,9343436246
826,Ayush Dixit,Family,India,58,51-65,Female,1,ayush.dixit826@gmail.com,9663052341
827,Amit Malhotra,Leisure,India,54,51-65,Male,0,amit.malhotra827@gmail.com,9849223390
828,Aditya Gupta,Leisure,India,61,51-65,Female,0,aditya.gupta828@gmail.com,9908356009
829,Ayush Saxena,Couple,India,23,18-25,Male,0,ayush.saxena829@gmail.com,9944356532
830,Kritika Gupta,Leisure,India,39,36-50,Male,0,kritika.gupta830@gmail.com,9900275928
831,Sneha Mishra,Business,India,34,26-35,Male,0,sneha.mishra831@gmail.com,9566531276
832,Rohit Mukherjee,Leisure,India,48,36-50,Male,0,rohit.mukherjee832@gmail.com,9800346424
833,Rohan Shah,Business,India,57,51-65,Male,1,rohan.shah833@gmail.com,9385891368
834,Shruti Malhotra,Business,UAE,54,51-65,Male,1,shruti.malhotra834@gmail.com,9544080348
835,Shruti Chopra,Leisure,India,30,26-35,Female,0,shruti.chopra835@gmail.com,9803740977
836,Priya Mukherjee,Leisure,India,28,26-35,Female,0,priya.mukherjee836@gmail.com,9961995665
837,Akash Agarwal,Family,India,46,36-50,Male,0,akash.agarwal837@gmail.com,9350707551
838,Karan Pillai,Leisure,India,27,26-35,Male,1,karan.pillai838@gmail.com,9158559749
839,Kavya Agarwal,Leisure,India,71,65+,Female,1,kavya.agarwal839@gmail.com,9844956951
840,Neha Khanna,Couple,India,48,36-50,Male,0,neha.khanna840@gmail.com,9894582888
841,Tanvi Shah,Business,India,52,51-65,Female,0,tanvi.shah841@gmail.com,9768986243
842,Anjali Banerjee,Couple,Australia,60,51-65,Male,0,anjali.banerjee842@gmail.com,9812458132
843,Ishaan Patel,Business,India,28,26-35,Male,0,ishaan.patel843@gmail.com,9947384695
844,Muskan Verma,Family,India,47,36-50,Male,1,muskan.verma844@gmail.com,9809069927
845,Ritu Pillai,Business,India,41,36-50,Male,1,ritu.pillai845@gmail.com,9797299908
846,Gaurav Mehta,Leisure,India,50,36-50,Male,0,gaurav.mehta846@gmail.com,9620402022
847,Ayush Mishra,Business,India,29,26-35,Male,0,ayush.mishra847@gmail.com,9591759000
848,Ananya Dixit,Family,Canada,19,18-25,Male,1,ananya.dixit848@gmail.com,9668455421
849,Nisha Malhotra,Leisure,India,43,36-50,Male,1,nisha.malhotra849@gmail.com,9834773724
850,Manish Chopra,Leisure,India,37,36-50,Male,0,manish.chopra850@gmail.com,9638214657
851,Ritu Trivedi,Business,India,58,51-65,Female,0,ritu.trivedi851@gmail.com,9974947794
852,Priya Mishra,Couple,India,32,26-35,Male,0,priya.mishra852@gmail.com,9521815818
853,Rohit Singh,Business,Malaysia,42,36-50,Male,0,rohit.singh853@gmail.com,9715145139
854,Anjali Rao,Family,India,56,51-65,Female,0,anjali.rao854@gmail.com,9241489248
855,Meera Bose,Business,India,55,51-65,Male,0,meera.bose855@gmail.com,9431784498
856,Ishaan Dixit,Business,India,45,36-50,Male,0,ishaan.dixit856@gmail.com,9706496928
857,Suresh Malhotra,Business,India,53,51-65,Male,1,suresh.malhotra857@gmail.com,9256253951
858,Priya Mukherjee,Leisure,India,44,36-50,Female,0,priya.mukherjee858@gmail.com,9900592344
859,Ritu Gupta,Leisure,India,24,18-25,Male,1,ritu.gupta859@gmail.com,9918671750
860,Muskan Agarwal,Business,India,56,51-65,Male,0,muskan.agarwal860@gmail.com,9347940275
861,Priya Chopra,Couple,India,62,51-65,Female,1,priya.chopra861@gmail.com,9749304307
862,Riya Banerjee,Leisure,India,41,36-50,Male,0,riya.banerjee862@gmail.com,9627685695
863,Riya Gupta,Leisure,India,30,26-35,Male,1,riya.gupta863@gmail.com,9920917342
864,Rahul Dixit,Leisure,India,44,36-50,Male,0,rahul.dixit864@gmail.com,9317790892
865,Meera Singh,Leisure,India,46,36-50,Female,0,meera.singh865@gmail.com,9591285126
866,Kavya Rao,Leisure,India,67,65+,Male,0,kavya.rao866@gmail.com,9985116006
867,Gaurav Das,Business,India,43,36-50,Male,0,gaurav.das867@gmail.com,9584912105
868,Pallavi Pandey,Business,India,33,26-35,Female,0,pallavi.pandey868@gmail.com,9142146105
869,Ananya Kapoor,Family,India,66,65+,Male,1,ananya.kapoor869@gmail.com,9571967377
870,Kritika Kulkarni,Family,India,67,65+,Female,0,kritika.kulkarni870@gmail.com,9553615317
871,Vishal Agarwal,Leisure,India,62,51-65,Male,0,vishal.agarwal871@gmail.com,9793746209
872,Akash Singh,Leisure,France,50,36-50,Male,1,akash.singh872@gmail.com,9728619698
873,Tanvi Gupta,Couple,India,44,36-50,Female,0,tanvi.gupta873@gmail.com,9292069408
874,Pallavi Saxena,Leisure,Canada,30,26-35,Female,1,pallavi.saxena874@gmail.com,9447972640
875,Suresh Banerjee,Business,Malaysia,25,18-25,Male,1,suresh.banerjee875@gmail.com,9582537877
876,Tanya Singh,Business,India,63,51-65,Female,0,tanya.singh876@gmail.com,9649397669
877,Muskan Joshi,Couple,India,53,51-65,Female,1,muskan.joshi877@gmail.com,9283486349
878,Swati Saxena,Couple,India,27,26-35,Male,0,swati.saxena878@gmail.com,9292056726
879,Sneha Rao,Business,India,37,36-50,Female,0,sneha.rao879@gmail.com,9294020880
880,Neha Kulkarni,Business,India,30,26-35,Male,0,neha.kulkarni880@gmail.com,9371775842
881,Rahul Iyer,Business,India,72,65+,Female,0,rahul.iyer881@gmail.com,9106174601
882,Ayush Kulkarni,Couple,India,33,26-35,Male,0,ayush.kulkarni882@gmail.com,9610791858
883,Pallavi Rao,Business,India,23,18-25,Male,1,pallavi.rao883@gmail.com,9687703577
884,Ritu Agarwal,Business,India,53,51-65,Male,1,ritu.agarwal884@gmail.com,9259188853
885,Sneha Bose,Couple,India,20,18-25,Male,0,sneha.bose885@gmail.com,9816182084
886,Rohan Pandey,Business,India,37,36-50,Female,0,rohan.pandey886@gmail.com,9152647028
887,Arjun Rao,Couple,India,28,26-35,Female,0,arjun.rao887@gmail.com,9842507091
888,Ayush Saxena,Business,India,29,26-35,Female,0,ayush.saxena888@gmail.com,9486749612
889,Amit Singh,Business,India,38,36-50,Female,0,amit.singh889@gmail.com,9980752567
890,Vikram Mukherjee,Business,India,71,65+,Male,0,vikram.mukherjee890@gmail.com,9244467442
891,Neha Banerjee,Couple,India,39,36-50,Female,0,neha.banerjee891@gmail.com,9847141233
892,Meera Agarwal,Family,India,24,18-25,Male,0,meera.agarwal892@gmail.com,9839436897
893,Ayush Dixit,Couple,Germany,36,36-50,Female,0,ayush.dixit893@gmail.com,9439827006
894,Deepak Reddy,Leisure,India,57,51-65,Female,0,deepak.reddy894@gmail.com,9759588843
895,Rohan Nair,Couple,India,64,51-65,Female,0,rohan.nair895@gmail.com,9293173916
896,Muskan Mehta,Business,Germany,36,36-50,Male,1,muskan.mehta896@gmail.com,9125755631
897,Pallavi Bose,Leisure,India,65,51-65,Male,0,pallavi.bose897@gmail.com,9545207819
898,Nikhil Patel,Family,India,40,36-50,Male,1,nikhil.patel898@gmail.com,9316023047
899,Vishal Verma,Business,India,37,36-50,Female,0,vishal.verma899@gmail.com,9447810569
900,Rahul Kumar,Business,UAE,39,36-50,Female,0,rahul.kumar900@gmail.com,9710874853
901,Muskan Sharma,Business,India,30,26-35,Female,0,muskan.sharma901@gmail.com,9822062338
902,Riya Dixit,Business,India,69,65+,Male,0,riya.dixit902@gmail.com,9617001884
903,Anjali Bose,Business,India,52,51-65,Female,0,anjali.bose903@gmail.com,9974204752
904,Nikhil Dixit,Leisure,India,71,65+,Female,0,nikhil.dixit904@gmail.com,9828209159
905,Sanjay Mishra,Leisure,India,19,18-25,Male,0,sanjay.mishra905@gmail.com,9456180872
906,Manish Singh,Family,India,35,26-35,Male,0,manish.singh906@gmail.com,9502911719
907,Tanvi Pandey,Couple,India,54,51-65,Female,1,tanvi.pandey907@gmail.com,9225460968
908,Nisha Banerjee,Leisure,India,63,51-65,Male,1,nisha.banerjee908@gmail.com,9193198413
909,Harsh Kulkarni,Leisure,India,41,36-50,Female,0,harsh.kulkarni909@gmail.com,9424945099
910,Meera Reddy,Leisure,India,29,26-35,Male,0,meera.reddy910@gmail.com,9140152609
911,Karan Dixit,Leisure,India,46,36-50,Male,0,karan.dixit911@gmail.com,9636929225
912,Anjali Shah,Leisure,India,48,36-50,Female,0,anjali.shah912@gmail.com,9253861882
913,Arjun Pandey,Couple,India,61,51-65,Male,1,arjun.pandey913@gmail.com,9139247989
914,Pallavi Kapoor,Leisure,Canada,51,51-65,Male,1,pallavi.kapoor914@gmail.com,9147276808
915,Ayush Desai,Leisure,India,39,36-50,Female,0,ayush.desai915@gmail.com,9210705823
916,Ishaan Mukherjee,Leisure,India,65,51-65,Female,1,ishaan.mukherjee916@gmail.com,9914426538
917,Nisha Bose,Leisure,India,38,36-50,Male,1,nisha.bose917@gmail.com,9397050178
918,Tanvi Malhotra,Family,India,60,51-65,Male,1,tanvi.malhotra918@gmail.com,9269110063
919,Ritu Kumar,Couple,India,57,51-65,Male,1,ritu.kumar919@gmail.com,9476151232
920,Ananya Malhotra,Business,India,27,26-35,Female,0,ananya.malhotra920@gmail.com,9283905107
921,Vikram Khanna,Family,India,39,36-50,Female,1,vikram.khanna921@gmail.com,9131130659
922,Riya Kulkarni,Leisure,UK,21,18-25,Male,0,riya.kulkarni922@gmail.com,9192470197
923,Shruti Kapoor,Family,India,63,51-65,Female,0,shruti.kapoor923@gmail.com,9435480597
924,Swati Pandey,Couple,India,63,51-65,Male,0,swati.pandey924@gmail.com,9911472797
925,Pallavi Saxena,Leisure,India,23,18-25,Female,1,pallavi.saxena925@gmail.com,9433280534
926,Pallavi Nair,Business,India,32,26-35,Male,0,pallavi.nair926@gmail.com,9762436526
927,Deepak Dixit,Leisure,India,43,36-50,Male,0,deepak.dixit927@gmail.com,9814232253
928,Swati Trivedi,Leisure,India,47,36-50,Female,1,swati.trivedi928@gmail.com,9610386386
929,Neha Chopra,Couple,India,47,36-50,Male,0,neha.chopra929@gmail.com,9474322976
930,Ayush Saxena,Leisure,India,50,36-50,Male,0,ayush.saxena930@gmail.com,9866944883
931,Arjun Malhotra,Business,India,59,51-65,Male,0,arjun.malhotra931@gmail.com,9672031195
932,Pallavi Kapoor,Couple,India,44,36-50,Male,0,pallavi.kapoor932@gmail.com,9688355778
933,Suresh Nair,Family,India,22,18-25,Female,1,suresh.nair933@gmail.com,9845241098
934,Simran Rao,Leisure,India,54,51-65,Female,0,simran.rao934@gmail.com,9353568773
935,Divya Pillai,Business,USA,22,18-25,Female,1,divya.pillai935@gmail.com,9740031190
936,Pallavi Malhotra,Leisure,India,24,18-25,Female,1,pallavi.malhotra936@gmail.com,9535717670
937,Vikram Agarwal,Business,India,61,51-65,Female,0,vikram.agarwal937@gmail.com,9792551787
938,Sneha Singh,Family,India,70,65+,Male,0,sneha.singh938@gmail.com,9910662740
939,Rahul Mukherjee,Business,India,60,51-65,Male,0,rahul.mukherjee939@gmail.com,9412999235
940,Gaurav Agarwal,Leisure,India,46,36-50,Male,1,gaurav.agarwal940@gmail.com,9439944210
941,Nisha Saxena,Leisure,UK,37,36-50,Female,0,nisha.saxena941@gmail.com,9469651326
942,Pooja Saxena,Leisure,India,57,51-65,Female,0,pooja.saxena942@gmail.com,9415878379
943,Sneha Chopra,Couple,India,21,18-25,Male,0,sneha.chopra943@gmail.com,9981277125
944,Manish Kumar,Couple,India,19,18-25,Male,0,manish.kumar944@gmail.com,9733683639
945,Kritika Bose,Business,India,63,51-65,Female,0,kritika.bose945@gmail.com,9567281753
946,Tanvi Shah,Business,India,29,26-35,Female,1,tanvi.shah946@gmail.com,9696379379
947,Gaurav Pandey,Business,India,71,65+,Female,1,gaurav.pandey947@gmail.com,9819477978
948,Rohit Gupta,Family,India,22,18-25,Male,1,rohit.gupta948@gmail.com,9622591579
949,Shruti Gupta,Family,India,26,26-35,Female,0,shruti.gupta949@gmail.com,9947105447
950,Ayush Dixit,Leisure,India,57,51-65,Male,0,ayush.dixit950@gmail.com,9555400410
951,Ananya Pandey,Couple,India,42,36-50,Female,1,ananya.pandey951@gmail.com,9556095308
952,Ayush Sharma,Couple,India,49,36-50,Male,0,ayush.sharma952@gmail.com,9389105464
953,Nikhil Dixit,Business,India,54,51-65,Female,1,nikhil.dixit953@gmail.com,9140657269
954,Rohan Nair,Family,Germany,41,36-50,Male,0,rohan.nair954@gmail.com,9841415799
955,Pooja Gupta,Leisure,Malaysia,64,51-65,Female,0,pooja.gupta955@gmail.com,9184003766
956,Ishaan Kulkarni,Leisure,India,23,18-25,Male,0,ishaan.kulkarni956@gmail.com,9896379397
957,Vikram Pillai,Leisure,India,52,51-65,Female,0,vikram.pillai957@gmail.com,9468879895
958,Tanvi Mukherjee,Business,India,48,36-50,Female,0,tanvi.mukherjee958@gmail.com,9603834447
959,Rohan Das,Business,India,44,36-50,Female,0,rohan.das959@gmail.com,9957085656
960,Vishal Khanna,Couple,India,20,18-25,Female,0,vishal.khanna960@gmail.com,9705275005
961,Deepak Patel,Business,India,48,36-50,Male,0,deepak.patel961@gmail.com,9804718104
962,Vishal Trivedi,Couple,Nepal,57,51-65,Male,0,vishal.trivedi962@gmail.com,9188594622
963,Rohit Reddy,Business,India,72,65+,Female,1,rohit.reddy963@gmail.com,9761207811
964,Ritu Verma,Leisure,India,18,18-25,Male,0,ritu.verma964@gmail.com,9735408331
965,Anjali Pillai,Leisure,India,41,36-50,Male,1,anjali.pillai965@gmail.com,9852451295
966,Kavya Nair,Leisure,India,69,65+,Male,0,kavya.nair966@gmail.com,9190625378
967,Anjali Agarwal,Couple,India,71,65+,Female,0,anjali.agarwal967@gmail.com,9543399405
968,Gaurav Mehta,Leisure,India,46,36-50,Male,1,gaurav.mehta968@gmail.com,9888514234
969,Manish Patel,Leisure,India,34,26-35,Male,1,manish.patel969@gmail.com,9598232236
970,Kritika Nair,Leisure,India,48,36-50,Male,0,kritika.nair970@gmail.com,9857640614
971,Gaurav Nair,Couple,India,27,26-35,Female,1,gaurav.nair971@gmail.com,9956104065
972,Akash Kapoor,Family,UK,38,36-50,Male,1,akash.kapoor972@gmail.com,9670471890
973,Manish Desai,Couple,India,57,51-65,Female,0,manish.desai973@gmail.com,9386783352
974,Arjun Verma,Business,India,55,51-65,Female,0,arjun.verma974@gmail.com,9825088319
975,Kavya Das,Business,UK,55,51-65,Male,0,kavya.das975@gmail.com,9827694333
976,Divya Malhotra,Leisure,India,18,18-25,Male,0,divya.malhotra976@gmail.com,9112843471
977,Nikhil Kumar,Leisure,India,24,18-25,Female,0,nikhil.kumar977@gmail.com,9878731965
978,Vishal Verma,Business,India,20,18-25,Male,0,vishal.verma978@gmail.com,9161076482
979,Ayush Pillai,Leisure,India,56,51-65,Male,0,ayush.pillai979@gmail.com,9228824444
980,Pooja Desai,Leisure,India,26,26-35,Female,0,pooja.desai980@gmail.com,9795683597
981,Rohan Trivedi,Leisure,India,25,18-25,Male,1,rohan.trivedi981@gmail.com,9601389735
982,Vikram Bose,Couple,India,35,26-35,Female,0,vikram.bose982@gmail.com,9816807711
983,Sanjay Verma,Business,India,67,65+,Male,1,sanjay.verma983@gmail.com,9166987938
984,Gaurav Kapoor,Business,India,21,18-25,Female,0,gaurav.kapoor984@gmail.com,9384181723
985,Divya Iyer,Couple,India,49,36-50,Male,0,divya.iyer985@gmail.com,9291600816
986,Harsh Kumar,Leisure,India,52,51-65,Female,1,harsh.kumar986@gmail.com,9790779098
987,Arjun Dixit,Couple,India,63,51-65,Female,1,arjun.dixit987@gmail.com,9178296722
988,Vikram Saxena,Leisure,Malaysia,34,26-35,Female,1,vikram.saxena988@gmail.com,9634402789
989,Anjali Bose,Business,India,18,18-25,Male,0,anjali.bose989@gmail.com,9386083995
990,Anjali Banerjee,Couple,India,43,36-50,Male,0,anjali.banerjee990@gmail.com,9927844881
991,Harsh Nair,Couple,India,43,36-50,Male,0,harsh.nair991@gmail.com,9103551249
992,Gaurav Banerjee,Couple,India,25,18-25,Female,0,gaurav.banerjee992@gmail.com,9425159172
993,Kritika Patel,Leisure,India,59,51-65,Male,0,kritika.patel993@gmail.com,9465139645
994,Pooja Pandey,Leisure,India,66,65+,Female,0,pooja.pandey994@gmail.com,9289642463
995,Ananya Patel,Leisure,India,60,51-65,Male,0,ananya.patel995@gmail.com,9518871756
996,Arjun Bose,Business,Singapore,40,36-50,Female,1,arjun.bose996@gmail.com,9779454449
997,Akash Das,Family,India,26,26-35,Male,1,akash.das997@gmail.com,9872813901
998,Simran Mehta,Business,India,42,36-50,Male,0,simran.mehta998@gmail.com,9790853694
999,Nisha Nair,Family,India,71,65+,Female,0,nisha.nair999@gmail.com,9117629000
1000,Amit Malhotra,Leisure,India,39,36-50,Male,0,amit.malhotra1000@gmail.com,9327287704
1001,Ishaan Iyer,Business,UK,52,51-65,Male,0,ishaan.iyer1001@gmail.com,9350166446
1002,Vikram Patel,Leisure,Nepal,27,26-35,Female,0,vikram.patel1002@gmail.com,9605968226
1003,Muskan Patel,Family,India,62,51-65,Male,1,muskan.patel1003@gmail.com,9779315067
1004,Sneha Kulkarni,Couple,India,70,65+,Male,0,sneha.kulkarni1004@gmail.com,9283276335
1005,Simran Singh,Couple,India,25,18-25,Female,0,simran.singh1005@gmail.com,9761026097
1006,Aditya Singh,Couple,India,45,36-50,Female,0,aditya.singh1006@gmail.com,9892344588
1007,Kritika Malhotra,Couple,India,61,51-65,Male,0,kritika.malhotra1007@gmail.com,9951586433
1008,Meera Mukherjee,Couple,India,55,51-65,Male,0,meera.mukherjee1008@gmail.com,9229649486
1009,Ritu Gupta,Business,India,28,26-35,Female,0,ritu.gupta1009@gmail.com,9571008888
1010,Kavya Dixit,Leisure,India,20,18-25,Male,1,kavya.dixit1010@gmail.com,9778813798
1011,Muskan Kapoor,Business,India,19,18-25,Female,1,muskan.kapoor1011@gmail.com,9107756709
1012,Divya Dixit,Family,India,63,51-65,Female,0,divya.dixit1012@gmail.com,9966951820
1013,Riya Banerjee,Family,India,31,26-35,Male,0,riya.banerjee1013@gmail.com,9661660243
1014,Akash Rao,Business,India,29,26-35,Male,0,akash.rao1014@gmail.com,9870086298
1015,Harsh Agarwal,Couple,India,58,51-65,Female,0,harsh.agarwal1015@gmail.com,9104907047
1016,Ananya Mehta,Family,India,25,18-25,Male,0,ananya.mehta1016@gmail.com,9917255218
1017,Tanvi Reddy,Business,India,47,36-50,Male,1,tanvi.reddy1017@gmail.com,9308004185
1018,Neha Trivedi,Leisure,India,61,51-65,Female,0,neha.trivedi1018@gmail.com,9271540556
1019,Amit Patel,Family,India,41,36-50,Female,1,amit.patel1019@gmail.com,9369919135
1020,Swati Agarwal,Business,India,20,18-25,Male,0,swati.agarwal1020@gmail.com,9676986599
1021,Divya Joshi,Couple,India,49,36-50,Male,1,divya.joshi1021@gmail.com,9352651266
1022,Akash Saxena,Leisure,India,38,36-50,Female,1,akash.saxena1022@gmail.com,9826764882
1023,Sanjay Mehta,Family,India,38,36-50,Male,1,sanjay.mehta1023@gmail.com,9892150738
1024,Nikhil Desai,Family,India,42,36-50,Male,1,nikhil.desai1024@gmail.com,9728238027
1025,Harsh Patel,Family,India,27,26-35,Male,0,harsh.patel1025@gmail.com,9588542730
1026,Divya Kapoor,Leisure,India,26,26-35,Female,0,divya.kapoor1026@gmail.com,9778627510
1027,Manish Verma,Family,India,39,36-50,Male,1,manish.verma1027@gmail.com,9710600292
1028,Sneha Verma,Couple,India,25,18-25,Female,0,sneha.verma1028@gmail.com,9283826012
1029,Swati Mehta,Leisure,India,56,51-65,Male,0,swati.mehta1029@gmail.com,9785046438
1030,Muskan Kulkarni,Couple,India,54,51-65,Male,1,muskan.kulkarni1030@gmail.com,9660244963
1031,Harsh Desai,Business,India,55,51-65,Female,0,harsh.desai1031@gmail.com,9399757448
1032,Rahul Das,Leisure,India,65,51-65,Male,1,rahul.das1032@gmail.com,9566271010
1033,Simran Mehta,Business,India,27,26-35,Male,0,simran.mehta1033@gmail.com,9147485372
1034,Amit Nair,Business,Malaysia,67,65+,Male,0,amit.nair1034@gmail.com,9523398047
1035,Riya Trivedi,Business,Australia,70,65+,Male,0,riya.trivedi1035@gmail.com,9358247252
1036,Pooja Mishra,Couple,India,62,51-65,Female,0,pooja.mishra1036@gmail.com,9242498426
1037,Manish Khanna,Leisure,India,59,51-65,Male,1,manish.khanna1037@gmail.com,9818371516
1038,Nisha Joshi,Couple,Germany,47,36-50,Male,0,nisha.joshi1038@gmail.com,9597959196
1039,Rohit Desai,Business,Germany,43,36-50,Male,0,rohit.desai1039@gmail.com,9497735939
1040,Pallavi Banerjee,Leisure,India,18,18-25,Male,0,pallavi.banerjee1040@gmail.com,9841687850
1041,Swati Reddy,Leisure,India,36,36-50,Female,0,swati.reddy1041@gmail.com,9849530830
1042,Muskan Mishra,Couple,India,68,65+,Male,0,muskan.mishra1042@gmail.com,9186929107
1043,Muskan Kulkarni,Leisure,India,65,51-65,Male,0,muskan.kulkarni1043@gmail.com,9824403104
1044,Tanya Kulkarni,Couple,India,25,18-25,Female,0,tanya.kulkarni1044@gmail.com,9764789481
1045,Amit Chopra,Family,India,29,26-35,Male,0,amit.chopra1045@gmail.com,9930620382
1046,Meera Gupta,Couple,India,33,26-35,Male,0,meera.gupta1046@gmail.com,9891755809
1047,Simran Desai,Business,Australia,31,26-35,Male,0,simran.desai1047@gmail.com,9387073305
1048,Shreyash Pillai,Business,India,35,26-35,Male,1,shreyash.pillai1048@gmail.com,9470684221
1049,Akash Nair,Family,India,51,51-65,Male,0,akash.nair1049@gmail.com,9671128082
1050,Tanvi Kulkarni,Business,India,46,36-50,Female,0,tanvi.kulkarni1050@gmail.com,9844342619
1051,Vikram Shah,Family,India,23,18-25,Male,0,vikram.shah1051@gmail.com,9291997732
1052,Vishal Singh,Leisure,India,28,26-35,Female,1,vishal.singh1052@gmail.com,9258864445
1053,Harsh Gupta,Family,India,51,51-65,Male,0,harsh.gupta1053@gmail.com,9832725044
1054,Tanvi Dixit,Couple,India,48,36-50,Female,0,tanvi.dixit1054@gmail.com,9892109271
1055,Priya Khanna,Family,India,22,18-25,Male,0,priya.khanna1055@gmail.com,9349460359
1056,Ishaan Bose,Leisure,India,44,36-50,Female,0,ishaan.bose1056@gmail.com,9944846231
1057,Sanjay Nair,Couple,India,60,51-65,Female,0,sanjay.nair1057@gmail.com,9709081834
1058,Rohit Kulkarni,Leisure,India,28,26-35,Female,1,rohit.kulkarni1058@gmail.com,9499327067
1059,Vishal Mukherjee,Leisure,India,27,26-35,Female,0,vishal.mukherjee1059@gmail.com,9278630985
1060,Muskan Dixit,Couple,India,63,51-65,Female,1,muskan.dixit1060@gmail.com,9288290663
1061,Anjali Joshi,Family,India,25,18-25,Male,0,anjali.joshi1061@gmail.com,9716891706
1062,Rohit Iyer,Family,India,41,36-50,Male,1,rohit.iyer1062@gmail.com,9859279763
1063,Amit Pillai,Couple,India,40,36-50,Male,0,amit.pillai1063@gmail.com,9679677338
1064,Suresh Mishra,Leisure,India,25,18-25,Male,0,suresh.mishra1064@gmail.com,9636244827
1065,Anjali Iyer,Leisure,India,27,26-35,Male,0,anjali.iyer1065@gmail.com,9686419353
1066,Shreyash Malhotra,Couple,India,63,51-65,Female,0,shreyash.malhotra1066@gmail.com,9411199562
1067,Rohan Pillai,Business,India,69,65+,Female,0,rohan.pillai1067@gmail.com,9220597977
1068,Riya Kulkarni,Business,India,26,26-35,Male,0,riya.kulkarni1068@gmail.com,9531246845
1069,Muskan Pandey,Leisure,India,46,36-50,Female,1,muskan.pandey1069@gmail.com,9159091919
1070,Ayush Bose,Leisure,India,55,51-65,Male,0,ayush.bose1070@gmail.com,9923662117
1071,Ritu Shah,Leisure,India,23,18-25,Female,0,ritu.shah1071@gmail.com,9193820269
1072,Shreyash Kapoor,Business,India,49,36-50,Female,0,shreyash.kapoor1072@gmail.com,9649278898
1073,Sneha Dixit,Business,USA,41,36-50,Female,1,sneha.dixit1073@gmail.com,9559175471
1074,Tanya Kapoor,Business,India,18,18-25,Female,0,tanya.kapoor1074@gmail.com,9430804119
1075,Akash Desai,Family,India,23,18-25,Male,0,akash.desai1075@gmail.com,9576977976
1076,Nikhil Trivedi,Leisure,India,36,36-50,Male,0,nikhil.trivedi1076@gmail.com,9555086354
1077,Nikhil Gupta,Leisure,India,56,51-65,Male,1,nikhil.gupta1077@gmail.com,9425591954
1078,Riya Desai,Couple,India,39,36-50,Male,0,riya.desai1078@gmail.com,9734236627
1079,Gaurav Singh,Business,India,44,36-50,Female,0,gaurav.singh1079@gmail.com,9696800574
1080,Pallavi Banerjee,Family,India,66,65+,Male,1,pallavi.banerjee1080@gmail.com,9993657840
1081,Gaurav Khanna,Couple,India,49,36-50,Male,0,gaurav.khanna1081@gmail.com,9424262405
1082,Simran Khanna,Business,India,53,51-65,Female,1,simran.khanna1082@gmail.com,9949565526
1083,Rahul Gupta,Leisure,India,37,36-50,Female,1,rahul.gupta1083@gmail.com,9815019129
1084,Vishal Rao,Family,India,49,36-50,Male,1,vishal.rao1084@gmail.com,9921110081
1085,Ritu Nair,Family,India,56,51-65,Female,0,ritu.nair1085@gmail.com,9707281088
1086,Shruti Desai,Leisure,India,58,51-65,Female,0,shruti.desai1086@gmail.com,9978622319
1087,Neha Chopra,Couple,India,64,51-65,Male,0,neha.chopra1087@gmail.com,9274855885
1088,Simran Patel,Business,India,38,36-50,Female,0,simran.patel1088@gmail.com,9245489216
1089,Manish Joshi,Family,India,35,26-35,Female,0,manish.joshi1089@gmail.com,9482235260
1090,Sneha Khanna,Business,India,51,51-65,Male,0,sneha.khanna1090@gmail.com,9922961300
1091,Divya Mukherjee,Family,India,56,51-65,Male,0,divya.mukherjee1091@gmail.com,9439528365
1092,Nisha Verma,Couple,UAE,62,51-65,Female,1,nisha.verma1092@gmail.com,9722820339
1093,Manish Pandey,Couple,India,18,18-25,Male,0,manish.pandey1093@gmail.com,9500520940
1094,Harsh Rao,Leisure,India,28,26-35,Male,1,harsh.rao1094@gmail.com,9640503265
1095,Aditya Pandey,Business,India,68,65+,Male,0,aditya.pandey1095@gmail.com,9182034227
1096,Neha Pandey,Business,India,19,18-25,Female,0,neha.pandey1096@gmail.com,9842010046
1097,Tanya Gupta,Business,India,56,51-65,Female,1,tanya.gupta1097@gmail.com,9427152234
1098,Priya Das,Business,India,32,26-35,Male,0,priya.das1098@gmail.com,9252857173
1099,Aditya Khanna,Couple,India,31,26-35,Male,0,aditya.khanna1099@gmail.com,9556130975
1100,Neha Singh,Leisure,India,67,65+,Female,0,neha.singh1100@gmail.com,9145652216
1101,Karan Kumar,Business,India,68,65+,Male,0,karan.kumar1101@gmail.com,9371670077
1102,Amit Singh,Family,India,60,51-65,Male,0,amit.singh1102@gmail.com,9940064269
1103,Neha Dixit,Family,India,31,26-35,Male,1,neha.dixit1103@gmail.com,9477456401
1104,Priya Singh,Family,India,72,65+,Female,0,priya.singh1104@gmail.com,9473486641
1105,Manish Joshi,Family,India,67,65+,Male,0,manish.joshi1105@gmail.com,9173376339
1106,Arjun Pandey,Business,India,66,65+,Male,0,arjun.pandey1106@gmail.com,9868596889
1107,Karan Khanna,Leisure,India,66,65+,Male,0,karan.khanna1107@gmail.com,9205962980
1108,Meera Dixit,Couple,India,72,65+,Female,0,meera.dixit1108@gmail.com,9732842568
1109,Divya Iyer,Couple,UK,24,18-25,Male,0,divya.iyer1109@gmail.com,9507608561
1110,Shruti Shah,Business,India,32,26-35,Female,1,shruti.shah1110@gmail.com,9437455876
1111,Neha Iyer,Couple,India,51,51-65,Male,0,neha.iyer1111@gmail.com,9487889723
1112,Vishal Mishra,Business,France,20,18-25,Male,0,vishal.mishra1112@gmail.com,9224256201
1113,Gaurav Khanna,Business,India,56,51-65,Female,0,gaurav.khanna1113@gmail.com,9576693984
1114,Aditya Mishra,Leisure,India,36,36-50,Female,1,aditya.mishra1114@gmail.com,9174742261
1115,Riya Pillai,Leisure,India,29,26-35,Male,0,riya.pillai1115@gmail.com,9627903421
1116,Arjun Kapoor,Leisure,India,51,51-65,Male,1,arjun.kapoor1116@gmail.com,9523925579
1117,Kritika Banerjee,Business,India,24,18-25,Male,1,kritika.banerjee1117@gmail.com,9313767380
1118,Swati Shah,Family,India,72,65+,Female,1,swati.shah1118@gmail.com,9999912828
1119,Shruti Das,Leisure,India,35,26-35,Female,0,shruti.das1119@gmail.com,9960050268
1120,Kritika Chopra,Business,India,60,51-65,Female,0,kritika.chopra1120@gmail.com,9649127152
1121,Ritu Gupta,Family,India,24,18-25,Male,1,ritu.gupta1121@gmail.com,9633943662
1122,Aditya Bose,Family,India,19,18-25,Male,0,aditya.bose1122@gmail.com,9991541224
1123,Vikram Nair,Family,UK,19,18-25,Male,0,vikram.nair1123@gmail.com,9829290130
1124,Sanjay Gupta,Couple,India,57,51-65,Male,0,sanjay.gupta1124@gmail.com,9809829892
1125,Ishaan Mukherjee,Couple,India,68,65+,Female,1,ishaan.mukherjee1125@gmail.com,9810917196
1126,Harsh Nair,Leisure,India,34,26-35,Female,0,harsh.nair1126@gmail.com,9680388580
1127,Tanvi Sharma,Business,India,45,36-50,Male,0,tanvi.sharma1127@gmail.com,9437755361
1128,Gaurav Iyer,Leisure,India,20,18-25,Male,1,gaurav.iyer1128@gmail.com,9808037197
1129,Nisha Kulkarni,Leisure,Germany,28,26-35,Female,0,nisha.kulkarni1129@gmail.com,9435501022
1130,Gaurav Nair,Leisure,India,54,51-65,Female,0,gaurav.nair1130@gmail.com,9835914904
1131,Tanvi Saxena,Couple,India,48,36-50,Male,0,tanvi.saxena1131@gmail.com,9520246255
1132,Deepak Nair,Leisure,India,42,36-50,Female,0,deepak.nair1132@gmail.com,9405412480
1133,Sanjay Patel,Business,India,55,51-65,Male,1,sanjay.patel1133@gmail.com,9493429840
1134,Manish Trivedi,Business,Nepal,55,51-65,Male,0,manish.trivedi1134@gmail.com,9771252921
1135,Swati Kapoor,Couple,India,45,36-50,Female,0,swati.kapoor1135@gmail.com,9542306042
1136,Manish Patel,Business,India,33,26-35,Male,1,manish.patel1136@gmail.com,9435114318
1137,Simran Singh,Family,Singapore,22,18-25,Female,1,simran.singh1137@gmail.com,9282299078
1138,Priya Mishra,Leisure,India,20,18-25,Female,0,priya.mishra1138@gmail.com,9553626970
1139,Rohan Reddy,Leisure,India,35,26-35,Male,0,rohan.reddy1139@gmail.com,9731348637
1140,Priya Malhotra,Leisure,India,54,51-65,Female,0,priya.malhotra1140@gmail.com,9204932137
1141,Harsh Kumar,Couple,Singapore,61,51-65,Male,0,harsh.kumar1141@gmail.com,9639843588
1142,Swati Joshi,Leisure,India,37,36-50,Female,0,swati.joshi1142@gmail.com,9316636672
1143,Harsh Bose,Couple,India,71,65+,Male,0,harsh.bose1143@gmail.com,9151036409
1144,Nisha Saxena,Leisure,India,69,65+,Male,0,nisha.saxena1144@gmail.com,9198738972
1145,Simran Kumar,Leisure,India,39,36-50,Female,1,simran.kumar1145@gmail.com,9960266563
1146,Ishaan Nair,Family,India,31,26-35,Female,0,ishaan.nair1146@gmail.com,9799582326
1147,Nisha Reddy,Couple,India,45,36-50,Female,1,nisha.reddy1147@gmail.com,9531967365
1148,Deepak Agarwal,Couple,India,47,36-50,Male,0,deepak.agarwal1148@gmail.com,9774142288
1149,Ishaan Desai,Family,India,54,51-65,Female,1,ishaan.desai1149@gmail.com,9984664477
1150,Pallavi Verma,Family,India,52,51-65,Female,0,pallavi.verma1150@gmail.com,9880196990
1151,Sneha Reddy,Couple,India,41,36-50,Female,1,sneha.reddy1151@gmail.com,9261568779
1152,Nisha Desai,Couple,India,44,36-50,Female,0,nisha.desai1152@gmail.com,9169178531
1153,Meera Desai,Couple,India,35,26-35,Female,0,meera.desai1153@gmail.com,9375357476
1154,Ayush Mehta,Couple,India,33,26-35,Male,1,ayush.mehta1154@gmail.com,9129747132
1155,Kavya Trivedi,Couple,India,47,36-50,Female,0,kavya.trivedi1155@gmail.com,9568294151
1156,Shruti Bose,Couple,India,30,26-35,Male,1,shruti.bose1156@gmail.com,9131290846
1157,Deepak Trivedi,Business,India,60,51-65,Male,0,deepak.trivedi1157@gmail.com,9145346658
1158,Harsh Trivedi,Family,India,21,18-25,Male,0,harsh.trivedi1158@gmail.com,9419952703
1159,Vikram Kulkarni,Family,India,41,36-50,Male,0,vikram.kulkarni1159@gmail.com,9877640817
1160,Rohit Mehta,Business,India,54,51-65,Male,0,rohit.mehta1160@gmail.com,9990112199
1161,Simran Mukherjee,Couple,India,34,26-35,Female,0,simran.mukherjee1161@gmail.com,9355633079
1162,Ayush Kumar,Business,India,39,36-50,Female,0,ayush.kumar1162@gmail.com,9898819864
1163,Kavya Dixit,Leisure,India,31,26-35,Male,1,kavya.dixit1163@gmail.com,9329897397
1164,Ritu Iyer,Couple,India,34,26-35,Male,0,ritu.iyer1164@gmail.com,9502336411
1165,Neha Malhotra,Business,India,45,36-50,Female,0,neha.malhotra1165@gmail.com,9398214359
1166,Anjali Chopra,Couple,India,63,51-65,Female,0,anjali.chopra1166@gmail.com,9122628256
1167,Ayush Patel,Couple,Nepal,60,51-65,Male,0,ayush.patel1167@gmail.com,9946970463
1168,Kavya Verma,Leisure,India,42,36-50,Female,0,kavya.verma1168@gmail.com,9852281566
1169,Tanya Kulkarni,Business,UAE,25,18-25,Male,0,tanya.kulkarni1169@gmail.com,9517117581
1170,Rahul Dixit,Leisure,India,34,26-35,Female,1,rahul.dixit1170@gmail.com,9983375690
1171,Kavya Khanna,Couple,India,28,26-35,Female,0,kavya.khanna1171@gmail.com,9972144388
1172,Nikhil Trivedi,Family,India,35,26-35,Male,0,nikhil.trivedi1172@gmail.com,9627950113
1173,Riya Das,Couple,India,71,65+,Female,0,riya.das1173@gmail.com,9980727404
1174,Arjun Pandey,Leisure,India,62,51-65,Female,0,arjun.pandey1174@gmail.com,9477802873
1175,Nikhil Agarwal,Couple,Malaysia,70,65+,Female,0,nikhil.agarwal1175@gmail.com,9129367792
1176,Sneha Bose,Leisure,India,29,26-35,Female,0,sneha.bose1176@gmail.com,9246127912
1177,Rahul Kapoor,Couple,India,58,51-65,Female,0,rahul.kapoor1177@gmail.com,9188295994
1178,Neha Joshi,Business,India,51,51-65,Male,0,neha.joshi1178@gmail.com,9836322083
1179,Nikhil Trivedi,Couple,India,46,36-50,Female,0,nikhil.trivedi1179@gmail.com,9243355059
1180,Deepak Joshi,Leisure,UAE,55,51-65,Female,0,deepak.joshi1180@gmail.com,9313313546
1181,Pooja Rao,Family,India,29,26-35,Female,0,pooja.rao1181@gmail.com,9996229807
1182,Rohan Mehta,Leisure,India,19,18-25,Male,0,rohan.mehta1182@gmail.com,9596524942
1183,Karan Verma,Couple,Australia,72,65+,Male,1,karan.verma1183@gmail.com,9763576795
1184,Shruti Agarwal,Family,India,27,26-35,Male,0,shruti.agarwal1184@gmail.com,9282668050
1185,Rohan Kumar,Business,India,63,51-65,Female,0,rohan.kumar1185@gmail.com,9587165109
1186,Harsh Kumar,Family,India,63,51-65,Male,1,harsh.kumar1186@gmail.com,9973394943
1187,Ritu Khanna,Couple,India,42,36-50,Male,0,ritu.khanna1187@gmail.com,9321841455
1188,Ayush Shah,Business,India,64,51-65,Male,0,ayush.shah1188@gmail.com,9538649410
1189,Anjali Sharma,Leisure,India,34,26-35,Male,0,anjali.sharma1189@gmail.com,9366629382
1190,Tanya Saxena,Couple,UAE,59,51-65,Female,1,tanya.saxena1190@gmail.com,9603457793
1191,Rohit Desai,Business,India,62,51-65,Female,0,rohit.desai1191@gmail.com,9865938642
1192,Gaurav Banerjee,Leisure,India,65,51-65,Female,1,gaurav.banerjee1192@gmail.com,9698074168
1193,Sneha Patel,Leisure,India,33,26-35,Female,0,sneha.patel1193@gmail.com,9751089619
1194,Ayush Banerjee,Couple,India,18,18-25,Female,0,ayush.banerjee1194@gmail.com,9509028714
1195,Nisha Kapoor,Business,USA,41,36-50,Male,0,nisha.kapoor1195@gmail.com,9700823397
1196,Amit Saxena,Family,India,34,26-35,Male,0,amit.saxena1196@gmail.com,9464188244
1197,Pallavi Gupta,Family,India,38,36-50,Female,1,pallavi.gupta1197@gmail.com,9225458204
1198,Sanjay Patel,Family,India,49,36-50,Female,0,sanjay.patel1198@gmail.com,9561801350
1199,Vishal Kulkarni,Couple,India,57,51-65,Female,0,vishal.kulkarni1199@gmail.com,9567910238
1200,Suresh Malhotra,Business,Nepal,49,36-50,Male,0,suresh.malhotra1200@gmail.com,9805898786
1201,Akash Patel,Couple,India,27,26-35,Male,1,akash.patel1201@gmail.com,9138506797
1202,Riya Verma,Business,India,63,51-65,Female,0,riya.verma1202@gmail.com,9631406400
1203,Amit Iyer,Business,India,63,51-65,Female,0,amit.iyer1203@gmail.com,9220786160
1204,Anjali Kumar,Leisure,India,23,18-25,Male,0,anjali.kumar1204@gmail.com,9293976787
1205,Suresh Das,Leisure,India,70,65+,Female,0,suresh.das1205@gmail.com,9812038659
1206,Simran Shah,Couple,India,18,18-25,Male,0,simran.shah1206@gmail.com,9182501451
1207,Kavya Mukherjee,Couple,India,61,51-65,Male,0,kavya.mukherjee1207@gmail.com,9127876667
1208,Vishal Pillai,Leisure,UAE,25,18-25,Female,0,vishal.pillai1208@gmail.com,9213891709
1209,Sanjay Gupta,Leisure,India,23,18-25,Female,0,sanjay.gupta1209@gmail.com,9808174957
1210,Riya Iyer,Family,India,35,26-35,Male,0,riya.iyer1210@gmail.com,9147080354
1211,Muskan Iyer,Leisure,India,64,51-65,Male,1,muskan.iyer1211@gmail.com,9152272164
1212,Vishal Malhotra,Leisure,India,65,51-65,Male,0,vishal.malhotra1212@gmail.com,9746705600
1213,Gaurav Singh,Business,India,34,26-35,Male,1,gaurav.singh1213@gmail.com,9927723397
1214,Kritika Singh,Couple,India,72,65+,Male,1,kritika.singh1214@gmail.com,9936973744
1215,Kritika Khanna,Couple,India,66,65+,Male,1,kritika.khanna1215@gmail.com,9627040908
1216,Shruti Das,Business,India,61,51-65,Male,0,shruti.das1216@gmail.com,9203198935
1217,Tanya Reddy,Business,India,49,36-50,Female,0,tanya.reddy1217@gmail.com,9611573219
1218,Ritu Saxena,Couple,India,45,36-50,Male,0,ritu.saxena1218@gmail.com,9970798567
1219,Tanya Agarwal,Couple,India,45,36-50,Female,1,tanya.agarwal1219@gmail.com,9651196193
1220,Swati Iyer,Leisure,UK,32,26-35,Male,0,swati.iyer1220@gmail.com,9666161206
1221,Ishaan Singh,Family,India,47,36-50,Female,1,ishaan.singh1221@gmail.com,9960652062
1222,Riya Khanna,Business,India,26,26-35,Female,0,riya.khanna1222@gmail.com,9661665819
1223,Shruti Khanna,Leisure,India,21,18-25,Male,0,shruti.khanna1223@gmail.com,9651274642
1224,Arjun Reddy,Family,India,44,36-50,Male,0,arjun.reddy1224@gmail.com,9873426975
1225,Rohan Pandey,Leisure,India,40,36-50,Female,0,rohan.pandey1225@gmail.com,9925328186
1226,Shreyash Sharma,Couple,India,65,51-65,Female,1,shreyash.sharma1226@gmail.com,9295644490
1227,Kritika Patel,Leisure,India,44,36-50,Female,0,kritika.patel1227@gmail.com,9877490744
1228,Pallavi Mukherjee,Leisure,USA,46,36-50,Female,0,pallavi.mukherjee1228@gmail.com,9969737332
1229,Divya Shah,Family,India,23,18-25,Female,0,divya.shah1229@gmail.com,9214171676
1230,Shruti Mishra,Leisure,India,18,18-25,Female,1,shruti.mishra1230@gmail.com,9284399429
1231,Riya Iyer,Family,Singapore,43,36-50,Female,0,riya.iyer1231@gmail.com,9973094351
1232,Muskan Chopra,Business,Singapore,61,51-65,Female,0,muskan.chopra1232@gmail.com,9194097510
1233,Rohit Gupta,Business,India,30,26-35,Male,0,rohit.gupta1233@gmail.com,9847359140
1234,Karan Desai,Business,India,31,26-35,Female,0,karan.desai1234@gmail.com,9797652827
1235,Kavya Rao,Couple,India,72,65+,Male,1,kavya.rao1235@gmail.com,9926481789
1236,Pallavi Gupta,Leisure,India,45,36-50,Male,1,pallavi.gupta1236@gmail.com,9263662130
1237,Akash Nair,Family,India,19,18-25,Female,0,akash.nair1237@gmail.com,9316185483
1238,Vishal Saxena,Leisure,India,21,18-25,Female,1,vishal.saxena1238@gmail.com,9776897455
1239,Shruti Rao,Family,India,65,51-65,Female,1,shruti.rao1239@gmail.com,9529153534
1240,Harsh Reddy,Business,India,64,51-65,Female,1,harsh.reddy1240@gmail.com,9165181159
1241,Ishaan Sharma,Family,India,54,51-65,Female,0,ishaan.sharma1241@gmail.com,9387600528
1242,Nikhil Kulkarni,Couple,India,25,18-25,Female,0,nikhil.kulkarni1242@gmail.com,9793830293
1243,Manish Iyer,Couple,Australia,45,36-50,Male,1,manish.iyer1243@gmail.com,9879761120
1244,Karan Nair,Couple,India,46,36-50,Male,0,karan.nair1244@gmail.com,9730993734
1245,Swati Dixit,Couple,India,72,65+,Female,1,swati.dixit1245@gmail.com,9415029454
1246,Gaurav Rao,Couple,UK,59,51-65,Female,0,gaurav.rao1246@gmail.com,9958730450
1247,Suresh Agarwal,Business,India,36,36-50,Male,0,suresh.agarwal1247@gmail.com,9238616374
1248,Divya Shah,Business,India,56,51-65,Female,1,divya.shah1248@gmail.com,9546659806
1249,Harsh Khanna,Family,India,31,26-35,Male,0,harsh.khanna1249@gmail.com,9485244337
1250,Deepak Chopra,Couple,UK,28,26-35,Male,0,deepak.chopra1250@gmail.com,9640606355
1251,Amit Trivedi,Couple,India,39,36-50,Female,1,amit.trivedi1251@gmail.com,9343406810
1252,Neha Mishra,Leisure,India,49,36-50,Female,0,neha.mishra1252@gmail.com,9942764719
1253,Manish Mukherjee,Business,India,67,65+,Female,0,manish.mukherjee1253@gmail.com,9841027438
1254,Shreyash Agarwal,Business,USA,24,18-25,Male,0,shreyash.agarwal1254@gmail.com,9570112847
1255,Pallavi Pandey,Couple,India,24,18-25,Male,0,pallavi.pandey1255@gmail.com,9145064341
1256,Shreyash Kumar,Leisure,India,58,51-65,Male,0,shreyash.kumar1256@gmail.com,9488306318
1257,Suresh Das,Business,India,63,51-65,Female,0,suresh.das1257@gmail.com,9635143260
1258,Arjun Gupta,Leisure,India,41,36-50,Female,0,arjun.gupta1258@gmail.com,9232052491
1259,Karan Iyer,Business,India,67,65+,Male,1,karan.iyer1259@gmail.com,9968813060
1260,Riya Malhotra,Leisure,India,50,36-50,Male,1,riya.malhotra1260@gmail.com,9499900489
1261,Nikhil Chopra,Leisure,India,60,51-65,Male,1,nikhil.chopra1261@gmail.com,9909072160
1262,Ishaan Rao,Couple,India,26,26-35,Female,0,ishaan.rao1262@gmail.com,9539492534
1263,Pallavi Desai,Leisure,India,68,65+,Female,0,pallavi.desai1263@gmail.com,9575215255
1264,Anjali Mukherjee,Leisure,India,63,51-65,Male,1,anjali.mukherjee1264@gmail.com,9438018832
1265,Kritika Mukherjee,Business,India,45,36-50,Male,0,kritika.mukherjee1265@gmail.com,9139829091
1266,Anjali Kulkarni,Business,India,21,18-25,Female,0,anjali.kulkarni1266@gmail.com,9831079302
1267,Ananya Desai,Leisure,India,64,51-65,Female,0,ananya.desai1267@gmail.com,9108484954
1268,Ritu Kulkarni,Leisure,India,57,51-65,Male,0,ritu.kulkarni1268@gmail.com,9579091840
1269,Meera Kulkarni,Couple,India,57,51-65,Female,0,meera.kulkarni1269@gmail.com,9971696978
1270,Kritika Mukherjee,Leisure,India,37,36-50,Male,1,kritika.mukherjee1270@gmail.com,9459159045
1271,Gaurav Das,Couple,France,65,51-65,Male,0,gaurav.das1271@gmail.com,9680669084
1272,Vishal Shah,Family,India,50,36-50,Female,0,vishal.shah1272@gmail.com,9912872297
1273,Suresh Sharma,Couple,India,68,65+,Female,1,suresh.sharma1273@gmail.com,9931245592
1274,Nisha Das,Business,India,50,36-50,Male,0,nisha.das1274@gmail.com,9500483008
1275,Deepak Bose,Leisure,India,40,36-50,Male,1,deepak.bose1275@gmail.com,9798965570
1276,Neha Iyer,Business,India,54,51-65,Male,0,neha.iyer1276@gmail.com,9353507570
1277,Simran Saxena,Business,Canada,58,51-65,Male,0,simran.saxena1277@gmail.com,9405517657
1278,Rohan Pillai,Family,India,63,51-65,Female,0,rohan.pillai1278@gmail.com,9365894267
1279,Arjun Malhotra,Business,India,55,51-65,Male,0,arjun.malhotra1279@gmail.com,9487908062
1280,Pallavi Kumar,Leisure,India,63,51-65,Female,0,pallavi.kumar1280@gmail.com,9187990100
1281,Pooja Patel,Couple,India,26,26-35,Female,1,pooja.patel1281@gmail.com,9183829919
1282,Tanya Pillai,Couple,India,43,36-50,Female,0,tanya.pillai1282@gmail.com,9727391402
1283,Harsh Bose,Leisure,India,46,36-50,Female,0,harsh.bose1283@gmail.com,9547666960
1284,Suresh Gupta,Business,India,26,26-35,Female,0,suresh.gupta1284@gmail.com,9238926282
1285,Shreyash Desai,Leisure,India,25,18-25,Male,0,shreyash.desai1285@gmail.com,9135011913
1286,Suresh Mishra,Leisure,India,25,18-25,Female,1,suresh.mishra1286@gmail.com,9496839906
1287,Rohan Khanna,Business,India,51,51-65,Male,1,rohan.khanna1287@gmail.com,9427410286
1288,Tanya Khanna,Leisure,India,49,36-50,Male,0,tanya.khanna1288@gmail.com,9252621455
1289,Simran Rao,Business,India,37,36-50,Female,1,simran.rao1289@gmail.com,9979528847
1290,Harsh Sharma,Business,India,53,51-65,Female,1,harsh.sharma1290@gmail.com,9147977445
1291,Nikhil Nair,Leisure,India,37,36-50,Female,0,nikhil.nair1291@gmail.com,9938967476
1292,Gaurav Nair,Business,France,71,65+,Male,0,gaurav.nair1292@gmail.com,9641986065
1293,Pallavi Mukherjee,Leisure,India,60,51-65,Female,1,pallavi.mukherjee1293@gmail.com,9881538189
1294,Sanjay Singh,Couple,India,60,51-65,Female,0,sanjay.singh1294@gmail.com,9524554436
1295,Swati Mishra,Couple,India,60,51-65,Female,0,swati.mishra1295@gmail.com,9793547595
1296,Pooja Desai,Business,India,63,51-65,Male,0,pooja.desai1296@gmail.com,9954868983
1297,Nisha Mishra,Business,India,25,18-25,Male,1,nisha.mishra1297@gmail.com,9764328419
1298,Tanvi Saxena,Business,India,54,51-65,Male,0,tanvi.saxena1298@gmail.com,9639704301
1299,Priya Kumar,Couple,India,52,51-65,Male,0,priya.kumar1299@gmail.com,9395238760
1300,Meera Mehta,Couple,Germany,71,65+,Female,1,meera.mehta1300@gmail.com,9672888364
1301,Ayush Malhotra,Business,India,55,51-65,Male,0,ayush.malhotra1301@gmail.com,9124978726
1302,Swati Rao,Family,India,44,36-50,Male,0,swati.rao1302@gmail.com,9440786794
1303,Gaurav Verma,Business,India,25,18-25,Male,0,gaurav.verma1303@gmail.com,9406394085
1304,Anjali Joshi,Leisure,India,67,65+,Male,1,anjali.joshi1304@gmail.com,9537309736
1305,Suresh Patel,Couple,India,38,36-50,Male,1,suresh.patel1305@gmail.com,9162815808
1306,Nisha Kapoor,Family,India,38,36-50,Male,0,nisha.kapoor1306@gmail.com,9448126205
1307,Deepak Kapoor,Couple,India,21,18-25,Male,1,deepak.kapoor1307@gmail.com,9741028831
1308,Simran Mehta,Couple,India,50,36-50,Female,0,simran.mehta1308@gmail.com,9389145285
1309,Sneha Malhotra,Leisure,India,53,51-65,Female,1,sneha.malhotra1309@gmail.com,9131038055
1310,Nikhil Bose,Couple,India,19,18-25,Female,0,nikhil.bose1310@gmail.com,9729398143
1311,Arjun Mehta,Business,India,59,51-65,Male,0,arjun.mehta1311@gmail.com,9536740105
1312,Akash Singh,Family,India,50,36-50,Male,0,akash.singh1312@gmail.com,9252865437
1313,Tanya Mishra,Leisure,India,68,65+,Male,0,tanya.mishra1313@gmail.com,9555000733
1314,Ananya Iyer,Couple,India,18,18-25,Female,0,ananya.iyer1314@gmail.com,9766503678
1315,Vishal Bose,Leisure,India,18,18-25,Male,0,vishal.bose1315@gmail.com,9617743557
1316,Ritu Agarwal,Couple,India,71,65+,Female,0,ritu.agarwal1316@gmail.com,9778827038
1317,Meera Saxena,Leisure,India,36,36-50,Male,1,meera.saxena1317@gmail.com,9673474007
1318,Rohan Singh,Couple,India,23,18-25,Female,0,rohan.singh1318@gmail.com,9991740555
1319,Rohit Das,Business,India,35,26-35,Female,1,rohit.das1319@gmail.com,9642046610
1320,Sanjay Kulkarni,Business,UAE,39,36-50,Female,0,sanjay.kulkarni1320@gmail.com,9859945169
1321,Akash Verma,Business,India,60,51-65,Female,0,akash.verma1321@gmail.com,9593705781
1322,Ayush Malhotra,Business,India,62,51-65,Male,0,ayush.malhotra1322@gmail.com,9102198503
1323,Ayush Nair,Family,India,18,18-25,Male,0,ayush.nair1323@gmail.com,9847850381
1324,Harsh Mukherjee,Business,India,52,51-65,Male,0,harsh.mukherjee1324@gmail.com,9796962892
1325,Vikram Mishra,Family,India,71,65+,Female,0,vikram.mishra1325@gmail.com,9479025201
1326,Gaurav Pandey,Leisure,India,40,36-50,Female,1,gaurav.pandey1326@gmail.com,9924597047
1327,Rahul Kumar,Business,India,41,36-50,Male,0,rahul.kumar1327@gmail.com,9337856110
1328,Priya Mukherjee,Couple,India,61,51-65,Female,1,priya.mukherjee1328@gmail.com,9976474860
1329,Muskan Bose,Couple,India,69,65+,Male,1,muskan.bose1329@gmail.com,9630223017
1330,Tanya Patel,Leisure,India,49,36-50,Male,1,tanya.patel1330@gmail.com,9981674615
1331,Kritika Kumar,Leisure,India,54,51-65,Female,1,kritika.kumar1331@gmail.com,9308059226
1332,Rohan Pillai,Couple,UAE,56,51-65,Male,1,rohan.pillai1332@gmail.com,9237703513
1333,Vikram Gupta,Business,India,54,51-65,Male,0,vikram.gupta1333@gmail.com,9882649192
1334,Ritu Shah,Family,UK,19,18-25,Female,0,ritu.shah1334@gmail.com,9587399464
1335,Rahul Rao,Family,India,61,51-65,Male,0,rahul.rao1335@gmail.com,9446817822
1336,Shruti Desai,Couple,India,35,26-35,Male,0,shruti.desai1336@gmail.com,9600993686
1337,Harsh Chopra,Business,India,66,65+,Male,0,harsh.chopra1337@gmail.com,9341106805
1338,Sneha Verma,Couple,India,52,51-65,Female,0,sneha.verma1338@gmail.com,9520755279
1339,Karan Malhotra,Business,India,54,51-65,Male,0,karan.malhotra1339@gmail.com,9342266216
1340,Shruti Singh,Business,India,30,26-35,Male,0,shruti.singh1340@gmail.com,9167478361
1341,Arjun Sharma,Leisure,India,45,36-50,Male,0,arjun.sharma1341@gmail.com,9772481396
1342,Swati Pandey,Leisure,India,33,26-35,Male,0,swati.pandey1342@gmail.com,9465933326
1343,Sneha Pandey,Family,India,51,51-65,Male,0,sneha.pandey1343@gmail.com,9932954653
1344,Ayush Agarwal,Couple,India,66,65+,Male,0,ayush.agarwal1344@gmail.com,9721626156
1345,Neha Singh,Couple,India,20,18-25,Female,0,neha.singh1345@gmail.com,9844493568
1346,Vikram Trivedi,Leisure,India,21,18-25,Female,1,vikram.trivedi1346@gmail.com,9755775616
1347,Shruti Singh,Leisure,India,61,51-65,Male,0,shruti.singh1347@gmail.com,9416664467
1348,Gaurav Kapoor,Leisure,India,57,51-65,Female,1,gaurav.kapoor1348@gmail.com,9743789670
1349,Muskan Sharma,Family,India,42,36-50,Female,0,muskan.sharma1349@gmail.com,9765946168
1350,Muskan Kumar,Business,India,59,51-65,Male,0,muskan.kumar1350@gmail.com,9452395271
1351,Simran Shah,Family,India,24,18-25,Male,0,simran.shah1351@gmail.com,9172525321
1352,Simran Trivedi,Leisure,India,54,51-65,Male,0,simran.trivedi1352@gmail.com,9375185107
1353,Manish Rao,Leisure,India,64,51-65,Female,1,manish.rao1353@gmail.com,9247824939
1354,Amit Patel,Couple,India,37,36-50,Female,0,amit.patel1354@gmail.com,9799762892
1355,Manish Khanna,Leisure,India,52,51-65,Male,1,manish.khanna1355@gmail.com,9431436631
1356,Ayush Malhotra,Family,India,41,36-50,Male,0,ayush.malhotra1356@gmail.com,9806175094
1357,Anjali Patel,Family,India,50,36-50,Male,0,anjali.patel1357@gmail.com,9309816802
1358,Karan Bose,Leisure,India,68,65+,Male,0,karan.bose1358@gmail.com,9817109365
1359,Riya Banerjee,Leisure,Singapore,47,36-50,Female,0,riya.banerjee1359@gmail.com,9707841924
1360,Swati Agarwal,Leisure,India,44,36-50,Female,1,swati.agarwal1360@gmail.com,9587803152
1361,Amit Nair,Family,India,18,18-25,Male,0,amit.nair1361@gmail.com,9600940025
1362,Muskan Shah,Business,India,48,36-50,Female,0,muskan.shah1362@gmail.com,9503632224
1363,Meera Kapoor,Couple,India,70,65+,Male,0,meera.kapoor1363@gmail.com,9179168231
1364,Manish Sharma,Couple,India,25,18-25,Male,0,manish.sharma1364@gmail.com,9308739111
1365,Simran Dixit,Couple,India,20,18-25,Male,1,simran.dixit1365@gmail.com,9405051006
1366,Divya Mehta,Business,India,64,51-65,Male,0,divya.mehta1366@gmail.com,9695395166
1367,Kavya Joshi,Couple,India,19,18-25,Male,0,kavya.joshi1367@gmail.com,9208652175
1368,Priya Pandey,Family,UK,26,26-35,Female,0,priya.pandey1368@gmail.com,9219152069
1369,Swati Dixit,Business,India,37,36-50,Female,1,swati.dixit1369@gmail.com,9969180872
1370,Tanya Pillai,Business,India,51,51-65,Female,0,tanya.pillai1370@gmail.com,9170198580
1371,Neha Gupta,Family,India,68,65+,Male,1,neha.gupta1371@gmail.com,9506084357
1372,Tanya Malhotra,Business,India,45,36-50,Male,0,tanya.malhotra1372@gmail.com,9919353456
1373,Muskan Saxena,Family,India,72,65+,Female,0,muskan.saxena1373@gmail.com,9451844369
1374,Kavya Patel,Leisure,India,68,65+,Female,0,kavya.patel1374@gmail.com,9645750195
1375,Simran Kulkarni,Business,India,31,26-35,Male,0,simran.kulkarni1375@gmail.com,9949326796
1376,Muskan Singh,Family,India,50,36-50,Female,0,muskan.singh1376@gmail.com,9792640312
1377,Shreyash Chopra,Leisure,India,51,51-65,Female,1,shreyash.chopra1377@gmail.com,9865026957
1378,Tanya Reddy,Leisure,Singapore,48,36-50,Female,0,tanya.reddy1378@gmail.com,9724044455
1379,Kritika Bose,Leisure,India,59,51-65,Male,1,kritika.bose1379@gmail.com,9317970120
1380,Akash Desai,Leisure,India,43,36-50,Male,0,akash.desai1380@gmail.com,9504889751
1381,Rohan Joshi,Business,India,34,26-35,Male,1,rohan.joshi1381@gmail.com,9190224542
1382,Vishal Iyer,Leisure,India,40,36-50,Male,0,vishal.iyer1382@gmail.com,9599561727
1383,Shreyash Agarwal,Family,India,45,36-50,Female,0,shreyash.agarwal1383@gmail.com,9539109702
1384,Tanya Trivedi,Leisure,India,38,36-50,Female,0,tanya.trivedi1384@gmail.com,9292807232
1385,Akash Mehta,Couple,India,59,51-65,Male,0,akash.mehta1385@gmail.com,9188496207
1386,Vishal Pandey,Leisure,India,50,36-50,Male,0,vishal.pandey1386@gmail.com,9344535679
1387,Arjun Kumar,Couple,India,41,36-50,Male,0,arjun.kumar1387@gmail.com,9458369754
1388,Karan Pillai,Business,India,34,26-35,Female,0,karan.pillai1388@gmail.com,9925152179
1389,Ritu Shah,Family,Germany,56,51-65,Male,0,ritu.shah1389@gmail.com,9907865473
1390,Tanvi Dixit,Leisure,India,18,18-25,Female,0,tanvi.dixit1390@gmail.com,9472193657
1391,Kritika Kapoor,Business,India,66,65+,Male,0,kritika.kapoor1391@gmail.com,9650450492
1392,Anjali Desai,Business,India,32,26-35,Male,0,anjali.desai1392@gmail.com,9325351588
1393,Riya Mehta,Business,India,55,51-65,Female,0,riya.mehta1393@gmail.com,9595425697
1394,Swati Trivedi,Leisure,India,38,36-50,Male,0,swati.trivedi1394@gmail.com,9849408730
1395,Nikhil Shah,Leisure,India,46,36-50,Male,0,nikhil.shah1395@gmail.com,9720094969
1396,Rohit Khanna,Couple,Nepal,18,18-25,Female,0,rohit.khanna1396@gmail.com,9995821601
1397,Manish Malhotra,Leisure,India,44,36-50,Female,0,manish.malhotra1397@gmail.com,9533113857
1398,Tanvi Khanna,Business,India,55,51-65,Male,0,tanvi.khanna1398@gmail.com,9134584137
1399,Rohit Gupta,Couple,India,54,51-65,Female,0,rohit.gupta1399@gmail.com,9319263036
1400,Kritika Singh,Couple,India,42,36-50,Male,0,kritika.singh1400@gmail.com,9453090727
1401,Rohan Iyer,Business,India,37,36-50,Male,1,rohan.iyer1401@gmail.com,9824652824
1402,Ananya Joshi,Business,India,70,65+,Female,1,ananya.joshi1402@gmail.com,9313673270
1403,Vikram Dixit,Business,India,36,36-50,Male,1,vikram.dixit1403@gmail.com,9808207780
1404,Ishaan Singh,Couple,India,21,18-25,Female,0,ishaan.singh1404@gmail.com,9284496457
1405,Sanjay Desai,Couple,India,43,36-50,Male,0,sanjay.desai1405@gmail.com,9238660514
1406,Tanvi Rao,Leisure,India,65,51-65,Male,0,tanvi.rao1406@gmail.com,9321705882
1407,Rohit Desai,Couple,India,37,36-50,Female,0,rohit.desai1407@gmail.com,9813815668
1408,Riya Joshi,Couple,India,54,51-65,Female,0,riya.joshi1408@gmail.com,9639528440
1409,Pallavi Verma,Leisure,India,18,18-25,Male,0,pallavi.verma1409@gmail.com,9985388850
1410,Kritika Agarwal,Family,India,51,51-65,Female,0,kritika.agarwal1410@gmail.com,9627162809
1411,Pallavi Iyer,Business,India,20,18-25,Male,0,pallavi.iyer1411@gmail.com,9589955505
1412,Manish Banerjee,Business,Canada,68,65+,Female,0,manish.banerjee1412@gmail.com,9984150804
1413,Divya Rao,Leisure,India,29,26-35,Female,0,divya.rao1413@gmail.com,9807681800
1414,Divya Banerjee,Business,India,24,18-25,Female,0,divya.banerjee1414@gmail.com,9146884366
1415,Kavya Kulkarni,Leisure,India,35,26-35,Female,0,kavya.kulkarni1415@gmail.com,9171665678
1416,Meera Dixit,Family,India,44,36-50,Male,0,meera.dixit1416@gmail.com,9182177360
1417,Arjun Reddy,Business,India,44,36-50,Female,1,arjun.reddy1417@gmail.com,9322664095
1418,Shreyash Patel,Business,India,19,18-25,Male,0,shreyash.patel1418@gmail.com,9825443666
1419,Pallavi Kapoor,Leisure,India,65,51-65,Female,0,pallavi.kapoor1419@gmail.com,9525925819
1420,Amit Sharma,Family,India,25,18-25,Male,0,amit.sharma1420@gmail.com,9903884763
1421,Pallavi Nair,Leisure,India,22,18-25,Male,0,pallavi.nair1421@gmail.com,9360160777
1422,Akash Gupta,Leisure,India,70,65+,Female,0,akash.gupta1422@gmail.com,9283168644
1423,Priya Agarwal,Business,India,29,26-35,Female,1,priya.agarwal1423@gmail.com,9896122101
1424,Kritika Joshi,Business,India,60,51-65,Male,0,kritika.joshi1424@gmail.com,9264815590
1425,Akash Chopra,Family,India,31,26-35,Male,0,akash.chopra1425@gmail.com,9671551491
1426,Meera Iyer,Family,Australia,21,18-25,Male,0,meera.iyer1426@gmail.com,9431060640
1427,Akash Patel,Business,India,18,18-25,Male,0,akash.patel1427@gmail.com,9923682643
1428,Karan Dixit,Family,India,41,36-50,Male,1,karan.dixit1428@gmail.com,9117221150
1429,Nikhil Sharma,Couple,India,39,36-50,Male,0,nikhil.sharma1429@gmail.com,9167829864
1430,Aditya Kulkarni,Family,India,69,65+,Male,0,aditya.kulkarni1430@gmail.com,9147258075
1431,Nikhil Reddy,Leisure,India,70,65+,Female,0,nikhil.reddy1431@gmail.com,9773006812
1432,Karan Agarwal,Leisure,India,52,51-65,Female,0,karan.agarwal1432@gmail.com,9229712269
1433,Aditya Shah,Leisure,India,40,36-50,Female,1,aditya.shah1433@gmail.com,9531793991
1434,Sanjay Sharma,Couple,India,31,26-35,Female,1,sanjay.sharma1434@gmail.com,9806480997
1435,Ritu Bose,Business,India,41,36-50,Male,1,ritu.bose1435@gmail.com,9334677931
1436,Nikhil Khanna,Business,India,49,36-50,Male,0,nikhil.khanna1436@gmail.com,9949608711
1437,Rohan Joshi,Leisure,India,24,18-25,Female,0,rohan.joshi1437@gmail.com,9847662934
1438,Gaurav Pillai,Couple,Singapore,26,26-35,Female,1,gaurav.pillai1438@gmail.com,9917886628
1439,Sanjay Desai,Business,USA,48,36-50,Male,0,sanjay.desai1439@gmail.com,9753407677
1440,Simran Iyer,Couple,India,50,36-50,Male,0,simran.iyer1440@gmail.com,9856589767
1441,Rahul Mehta,Family,India,57,51-65,Male,0,rahul.mehta1441@gmail.com,9892328358
1442,Shruti Mukherjee,Business,India,57,51-65,Male,1,shruti.mukherjee1442@gmail.com,9502141680
1443,Harsh Khanna,Couple,India,27,26-35,Female,1,harsh.khanna1443@gmail.com,9140702031
1444,Kavya Dixit,Leisure,France,56,51-65,Female,0,kavya.dixit1444@gmail.com,9452928046
1445,Rohit Verma,Family,India,59,51-65,Male,0,rohit.verma1445@gmail.com,9545488393
1446,Vishal Mukherjee,Business,India,32,26-35,Female,0,vishal.mukherjee1446@gmail.com,9320994787
1447,Tanvi Patel,Couple,USA,33,26-35,Male,0,tanvi.patel1447@gmail.com,9509617388
1448,Ishaan Malhotra,Couple,India,46,36-50,Male,1,ishaan.malhotra1448@gmail.com,9627896893
1449,Vikram Shah,Family,India,58,51-65,Male,0,vikram.shah1449@gmail.com,9234820097
1450,Pooja Joshi,Couple,India,53,51-65,Male,1,pooja.joshi1450@gmail.com,9183928507
1451,Shruti Das,Leisure,India,37,36-50,Male,0,shruti.das1451@gmail.com,9362986175
1452,Shruti Joshi,Couple,India,33,26-35,Female,0,shruti.joshi1452@gmail.com,9581327523
1453,Karan Verma,Family,India,23,18-25,Female,0,karan.verma1453@gmail.com,9280137414
1454,Riya Iyer,Leisure,India,50,36-50,Female,0,riya.iyer1454@gmail.com,9980042882
1455,Riya Sharma,Business,India,45,36-50,Male,0,riya.sharma1455@gmail.com,9422371175
1456,Ayush Mishra,Family,India,53,51-65,Male,1,ayush.mishra1456@gmail.com,9597841726
1457,Nisha Iyer,Couple,India,42,36-50,Female,1,nisha.iyer1457@gmail.com,9246733633
1458,Riya Shah,Couple,India,30,26-35,Male,1,riya.shah1458@gmail.com,9637622321
1459,Tanya Nair,Business,India,44,36-50,Female,0,tanya.nair1459@gmail.com,9500661283
1460,Gaurav Nair,Couple,India,59,51-65,Male,0,gaurav.nair1460@gmail.com,9141690057
1461,Neha Kapoor,Leisure,India,28,26-35,Male,0,neha.kapoor1461@gmail.com,9374081636
1462,Manish Reddy,Couple,Germany,49,36-50,Female,0,manish.reddy1462@gmail.com,9798905354
1463,Gaurav Dixit,Business,India,65,51-65,Male,1,gaurav.dixit1463@gmail.com,9137052221
1464,Tanya Bose,Couple,Germany,61,51-65,Male,0,tanya.bose1464@gmail.com,9792921609
1465,Anjali Verma,Family,India,47,36-50,Male,1,anjali.verma1465@gmail.com,9746552918
1466,Simran Pillai,Business,India,18,18-25,Male,0,simran.pillai1466@gmail.com,9791916428
1467,Gaurav Kapoor,Family,Germany,55,51-65,Male,0,gaurav.kapoor1467@gmail.com,9302747423
1468,Shruti Joshi,Leisure,India,34,26-35,Female,0,shruti.joshi1468@gmail.com,9672520551
1469,Gaurav Saxena,Family,India,64,51-65,Female,0,gaurav.saxena1469@gmail.com,9881310467
1470,Pooja Kumar,Couple,India,54,51-65,Female,0,pooja.kumar1470@gmail.com,9388859459
1471,Meera Dixit,Leisure,India,62,51-65,Female,1,meera.dixit1471@gmail.com,9280816719
1472,Harsh Sharma,Couple,India,22,18-25,Female,0,harsh.sharma1472@gmail.com,9802786783
1473,Vishal Das,Family,India,28,26-35,Male,0,vishal.das1473@gmail.com,9855964923
1474,Rohit Shah,Leisure,India,29,26-35,Male,0,rohit.shah1474@gmail.com,9974423622
1475,Meera Joshi,Leisure,India,21,18-25,Male,0,meera.joshi1475@gmail.com,9306034770
1476,Deepak Kulkarni,Couple,India,46,36-50,Male,0,deepak.kulkarni1476@gmail.com,9278376576
1477,Pooja Khanna,Couple,India,42,36-50,Male,1,pooja.khanna1477@gmail.com,9467382830
1478,Priya Saxena,Couple,India,48,36-50,Female,0,priya.saxena1478@gmail.com,9208242992
1479,Rahul Patel,Couple,India,66,65+,Male,0,rahul.patel1479@gmail.com,9947404741
1480,Amit Kumar,Leisure,India,51,51-65,Male,0,amit.kumar1480@gmail.com,9658425333
1481,Ritu Dixit,Couple,India,48,36-50,Female,0,ritu.dixit1481@gmail.com,9461368026
1482,Tanya Pillai,Business,India,38,36-50,Male,0,tanya.pillai1482@gmail.com,9814122368
1483,Kritika Kapoor,Leisure,India,21,18-25,Female,0,kritika.kapoor1483@gmail.com,9965726040
1484,Arjun Sharma,Business,India,62,51-65,Female,0,arjun.sharma1484@gmail.com,9249103044
1485,Priya Agarwal,Leisure,India,51,51-65,Female,0,priya.agarwal1485@gmail.com,9906852279
1486,Kavya Chopra,Leisure,India,57,51-65,Female,0,kavya.chopra1486@gmail.com,9808914863
1487,Karan Sharma,Leisure,India,70,65+,Female,1,karan.sharma1487@gmail.com,9486767831
1488,Amit Trivedi,Couple,Nepal,38,36-50,Female,1,amit.trivedi1488@gmail.com,9620266724
1489,Kritika Das,Leisure,India,68,65+,Male,0,kritika.das1489@gmail.com,9611232011
1490,Arjun Das,Leisure,India,36,36-50,Male,0,arjun.das1490@gmail.com,9658404186
1491,Rohan Trivedi,Business,Canada,50,36-50,Male,1,rohan.trivedi1491@gmail.com,9955579783
1492,Pooja Khanna,Leisure,UK,53,51-65,Female,1,pooja.khanna1492@gmail.com,9579196694
1493,Neha Nair,Business,India,52,51-65,Male,1,neha.nair1493@gmail.com,9283001054
1494,Pooja Kumar,Business,India,63,51-65,Male,1,pooja.kumar1494@gmail.com,9450577559
1495,Gaurav Mukherjee,Couple,India,32,26-35,Female,0,gaurav.mukherjee1495@gmail.com,9820052632
1496,Neha Pillai,Couple,India,52,51-65,Female,1,neha.pillai1496@gmail.com,9842798005
1497,Swati Desai,Couple,India,54,51-65,Male,0,swati.desai1497@gmail.com,9504811746
1498,Gaurav Bose,Leisure,India,68,65+,Female,0,gaurav.bose1498@gmail.com,9340035882
1499,Deepak Kumar,Leisure,India,23,18-25,Male,1,deepak.kumar1499@gmail.com,9895193026
1500,Simran Dixit,Family,India,65,51-65,Male,0,simran.dixit1500@gmail.com,9236813458
1501,Sanjay Kapoor,Leisure,India,65,51-65,Male,0,sanjay.kapoor1501@gmail.com,9733571870
1502,Tanvi Shah,Leisure,India,45,36-50,Female,0,tanvi.shah1502@gmail.com,9956328583
1503,Rohit Reddy,Business,India,56,51-65,Male,1,rohit.reddy1503@gmail.com,9109866101
1504,Tanvi Desai,Leisure,India,38,36-50,Male,0,tanvi.desai1504@gmail.com,9418711858
1505,Aditya Nair,Leisure,UAE,47,36-50,Male,0,aditya.nair1505@gmail.com,9256627467
1506,Amit Agarwal,Leisure,India,37,36-50,Male,1,amit.agarwal1506@gmail.com,9858622505
1507,Rohan Nair,Leisure,India,71,65+,Male,0,rohan.nair1507@gmail.com,9856065079
1508,Gaurav Patel,Leisure,India,27,26-35,Male,0,gaurav.patel1508@gmail.com,9970180403
1509,Aditya Banerjee,Couple,Nepal,21,18-25,Male,0,aditya.banerjee1509@gmail.com,9881034931
1510,Kritika Khanna,Couple,India,72,65+,Male,0,kritika.khanna1510@gmail.com,9688349223
1511,Kritika Malhotra,Couple,India,61,51-65,Female,0,kritika.malhotra1511@gmail.com,9913589412
1512,Kritika Kapoor,Couple,India,51,51-65,Female,0,kritika.kapoor1512@gmail.com,9309478626
1513,Ananya Kapoor,Family,India,26,26-35,Female,0,ananya.kapoor1513@gmail.com,9723182231
1514,Sneha Desai,Business,Germany,37,36-50,Female,0,sneha.desai1514@gmail.com,9719718049
1515,Rohit Iyer,Business,Australia,48,36-50,Female,0,rohit.iyer1515@gmail.com,9325234901
1516,Meera Trivedi,Business,India,65,51-65,Male,0,meera.trivedi1516@gmail.com,9718133944
1517,Arjun Pillai,Couple,India,42,36-50,Female,0,arjun.pillai1517@gmail.com,9280627976
1518,Sneha Kumar,Family,India,48,36-50,Male,0,sneha.kumar1518@gmail.com,9226000213
1519,Shreyash Bose,Business,India,55,51-65,Female,0,shreyash.bose1519@gmail.com,9773206644
1520,Kritika Mehta,Family,India,25,18-25,Male,0,kritika.mehta1520@gmail.com,9425010492
1521,Ayush Joshi,Business,India,65,51-65,Female,0,ayush.joshi1521@gmail.com,9953973941
1522,Pooja Mukherjee,Family,India,70,65+,Female,1,pooja.mukherjee1522@gmail.com,9801363302
1523,Akash Chopra,Leisure,India,25,18-25,Male,1,akash.chopra1523@gmail.com,9625294300
1524,Shreyash Mehta,Business,India,55,51-65,Female,1,shreyash.mehta1524@gmail.com,9900323451
1525,Arjun Trivedi,Leisure,India,29,26-35,Female,0,arjun.trivedi1525@gmail.com,9792130377
1526,Shruti Khanna,Leisure,India,26,26-35,Male,0,shruti.khanna1526@gmail.com,9866402704
1527,Tanvi Joshi,Leisure,India,70,65+,Male,0,tanvi.joshi1527@gmail.com,9977744045
1528,Tanvi Trivedi,Leisure,India,49,36-50,Male,0,tanvi.trivedi1528@gmail.com,9727839970
1529,Tanvi Banerjee,Couple,India,25,18-25,Male,0,tanvi.banerjee1529@gmail.com,9225977908
1530,Divya Desai,Leisure,India,62,51-65,Male,1,divya.desai1530@gmail.com,9580212641
1531,Sanjay Kumar,Leisure,India,26,26-35,Male,0,sanjay.kumar1531@gmail.com,9194297000
1532,Ananya Verma,Couple,India,23,18-25,Male,0,ananya.verma1532@gmail.com,9490369190
1533,Tanvi Joshi,Couple,India,60,51-65,Male,1,tanvi.joshi1533@gmail.com,9149570642
1534,Ishaan Kulkarni,Leisure,India,60,51-65,Female,1,ishaan.kulkarni1534@gmail.com,9626608970
1535,Sanjay Reddy,Leisure,India,56,51-65,Male,0,sanjay.reddy1535@gmail.com,9811479581
1536,Amit Mehta,Business,India,30,26-35,Male,0,amit.mehta1536@gmail.com,9994027302
1537,Meera Gupta,Business,India,53,51-65,Male,0,meera.gupta1537@gmail.com,9397851389
1538,Rohit Das,Couple,India,45,36-50,Male,0,rohit.das1538@gmail.com,9379897048
1539,Gaurav Bose,Business,India,43,36-50,Female,1,gaurav.bose1539@gmail.com,9372923040
1540,Shruti Banerjee,Leisure,India,52,51-65,Male,1,shruti.banerjee1540@gmail.com,9886703684
1541,Ritu Bose,Couple,Australia,59,51-65,Male,0,ritu.bose1541@gmail.com,9705206157
1542,Shreyash Agarwal,Business,India,44,36-50,Male,0,shreyash.agarwal1542@gmail.com,9945876699
1543,Shruti Kapoor,Leisure,India,56,51-65,Male,1,shruti.kapoor1543@gmail.com,9233811016
1544,Tanvi Kumar,Leisure,UAE,53,51-65,Female,1,tanvi.kumar1544@gmail.com,9787385349
1545,Pooja Chopra,Family,India,67,65+,Female,1,pooja.chopra1545@gmail.com,9956950522
1546,Aditya Verma,Leisure,India,24,18-25,Female,0,aditya.verma1546@gmail.com,9338612895
1547,Gaurav Kumar,Couple,India,29,26-35,Female,0,gaurav.kumar1547@gmail.com,9966292929
1548,Harsh Kumar,Leisure,India,40,36-50,Female,0,harsh.kumar1548@gmail.com,9752262668
1549,Arjun Kulkarni,Business,India,28,26-35,Female,0,arjun.kulkarni1549@gmail.com,9518290447
1550,Divya Chopra,Couple,Nepal,61,51-65,Female,0,divya.chopra1550@gmail.com,9236979608
1551,Deepak Sharma,Family,UAE,50,36-50,Male,0,deepak.sharma1551@gmail.com,9253190896
1552,Gaurav Saxena,Couple,Nepal,35,26-35,Male,0,gaurav.saxena1552@gmail.com,9786328781
1553,Tanya Banerjee,Couple,India,61,51-65,Female,0,tanya.banerjee1553@gmail.com,9296606987
1554,Akash Chopra,Family,India,50,36-50,Female,1,akash.chopra1554@gmail.com,9559309261
1555,Ishaan Banerjee,Business,India,37,36-50,Male,0,ishaan.banerjee1555@gmail.com,9536491927
1556,Sanjay Desai,Business,India,58,51-65,Male,1,sanjay.desai1556@gmail.com,9357737486
1557,Pooja Joshi,Couple,India,21,18-25,Male,0,pooja.joshi1557@gmail.com,9695024527
1558,Harsh Trivedi,Leisure,India,45,36-50,Male,0,harsh.trivedi1558@gmail.com,9652989375
1559,Tanvi Banerjee,Couple,India,43,36-50,Male,0,tanvi.banerjee1559@gmail.com,9992706183
1560,Rahul Banerjee,Family,India,62,51-65,Female,1,rahul.banerjee1560@gmail.com,9893477119
1561,Ishaan Pillai,Leisure,India,20,18-25,Female,0,ishaan.pillai1561@gmail.com,9824262657
1562,Ishaan Kulkarni,Business,India,29,26-35,Male,0,ishaan.kulkarni1562@gmail.com,9243149972
1563,Shreyash Chopra,Couple,India,45,36-50,Female,0,shreyash.chopra1563@gmail.com,9500810318
1564,Neha Malhotra,Leisure,UK,33,26-35,Male,0,neha.malhotra1564@gmail.com,9618751182
1565,Vishal Verma,Couple,India,18,18-25,Female,1,vishal.verma1565@gmail.com,9427297760
1566,Shreyash Pandey,Leisure,India,47,36-50,Female,1,shreyash.pandey1566@gmail.com,9106325523
1567,Muskan Iyer,Couple,India,37,36-50,Female,1,muskan.iyer1567@gmail.com,9475510815
1568,Divya Kapoor,Business,India,18,18-25,Male,0,divya.kapoor1568@gmail.com,9312111726
1569,Pooja Reddy,Couple,India,27,26-35,Female,1,pooja.reddy1569@gmail.com,9623354821
1570,Rahul Gupta,Leisure,India,34,26-35,Male,0,rahul.gupta1570@gmail.com,9501911728
1571,Nisha Chopra,Leisure,India,29,26-35,Female,1,nisha.chopra1571@gmail.com,9570913175
1572,Akash Joshi,Business,India,40,36-50,Female,1,akash.joshi1572@gmail.com,9861518573
1573,Karan Kumar,Couple,India,36,36-50,Male,1,karan.kumar1573@gmail.com,9552105185
1574,Swati Kulkarni,Family,India,28,26-35,Male,0,swati.kulkarni1574@gmail.com,9814299118
1575,Ritu Kumar,Business,India,49,36-50,Female,0,ritu.kumar1575@gmail.com,9866996292
1576,Rohit Malhotra,Business,India,50,36-50,Female,1,rohit.malhotra1576@gmail.com,9215834822
1577,Priya Gupta,Business,India,40,36-50,Male,0,priya.gupta1577@gmail.com,9353945243
1578,Sneha Pillai,Couple,India,45,36-50,Male,0,sneha.pillai1578@gmail.com,9410812427
1579,Vishal Nair,Couple,India,66,65+,Female,1,vishal.nair1579@gmail.com,9263741036
1580,Shreyash Joshi,Leisure,India,35,26-35,Male,0,shreyash.joshi1580@gmail.com,9852645523
1581,Kavya Pillai,Business,India,30,26-35,Female,0,kavya.pillai1581@gmail.com,9969679843
1582,Arjun Banerjee,Leisure,Malaysia,50,36-50,Male,1,arjun.banerjee1582@gmail.com,9734792087
1583,Anjali Mehta,Leisure,India,26,26-35,Female,1,anjali.mehta1583@gmail.com,9306348901
1584,Anjali Rao,Leisure,India,57,51-65,Male,1,anjali.rao1584@gmail.com,9154712904
1585,Gaurav Rao,Family,India,37,36-50,Male,1,gaurav.rao1585@gmail.com,9557495466
1586,Riya Patel,Business,India,45,36-50,Male,0,riya.patel1586@gmail.com,9389100789
1587,Tanya Verma,Couple,India,63,51-65,Female,1,tanya.verma1587@gmail.com,9151063294
1588,Divya Patel,Leisure,India,21,18-25,Female,1,divya.patel1588@gmail.com,9606868597
1589,Ritu Dixit,Leisure,India,24,18-25,Female,1,ritu.dixit1589@gmail.com,9627514698
1590,Tanya Malhotra,Couple,India,25,18-25,Male,0,tanya.malhotra1590@gmail.com,9833324339
1591,Ananya Mukherjee,Couple,India,39,36-50,Female,0,ananya.mukherjee1591@gmail.com,9488034147
1592,Simran Reddy,Family,India,41,36-50,Male,0,simran.reddy1592@gmail.com,9325521538
1593,Simran Kapoor,Business,India,24,18-25,Male,0,simran.kapoor1593@gmail.com,9746215549
1594,Neha Patel,Business,India,59,51-65,Male,1,neha.patel1594@gmail.com,9578641679
1595,Arjun Singh,Couple,India,57,51-65,Female,0,arjun.singh1595@gmail.com,9609166776
1596,Karan Mishra,Leisure,France,27,26-35,Male,1,karan.mishra1596@gmail.com,9549052318
1597,Ananya Banerjee,Leisure,India,66,65+,Female,0,ananya.banerjee1597@gmail.com,9581554115
1598,Neha Dixit,Business,India,22,18-25,Female,0,neha.dixit1598@gmail.com,9641025679
1599,Priya Joshi,Business,India,35,26-35,Male,0,priya.joshi1599@gmail.com,9707925535
1600,Sneha Trivedi,Family,Singapore,30,26-35,Female,0,sneha.trivedi1600@gmail.com,9671735145
1601,Shreyash Singh,Business,India,46,36-50,Female,0,shreyash.singh1601@gmail.com,9519024421
1602,Kritika Agarwal,Leisure,India,31,26-35,Male,1,kritika.agarwal1602@gmail.com,9714070777
1603,Meera Saxena,Business,Australia,18,18-25,Female,0,meera.saxena1603@gmail.com,9873715986
1604,Ishaan Verma,Leisure,India,72,65+,Male,0,ishaan.verma1604@gmail.com,9388315411
1605,Ananya Kumar,Business,India,32,26-35,Male,0,ananya.kumar1605@gmail.com,9413364355
1606,Amit Bose,Leisure,India,35,26-35,Male,1,amit.bose1606@gmail.com,9948923178
1607,Sneha Bose,Business,India,70,65+,Male,0,sneha.bose1607@gmail.com,9101503196
1608,Manish Bose,Couple,India,41,36-50,Female,1,manish.bose1608@gmail.com,9857483748
1609,Ananya Verma,Business,France,26,26-35,Female,0,ananya.verma1609@gmail.com,9416641463
1610,Sanjay Patel,Leisure,India,70,65+,Male,0,sanjay.patel1610@gmail.com,9335449670
1611,Ritu Joshi,Family,India,19,18-25,Male,0,ritu.joshi1611@gmail.com,9838858273
1612,Gaurav Bose,Couple,India,58,51-65,Male,0,gaurav.bose1612@gmail.com,9336909366
1613,Sanjay Verma,Leisure,India,55,51-65,Female,1,sanjay.verma1613@gmail.com,9348810825
1614,Shruti Chopra,Leisure,India,48,36-50,Male,0,shruti.chopra1614@gmail.com,9593266377
1615,Divya Pandey,Leisure,India,30,26-35,Female,0,divya.pandey1615@gmail.com,9293710153
1616,Vishal Sharma,Couple,India,28,26-35,Male,0,vishal.sharma1616@gmail.com,9838054504
1617,Ayush Shah,Family,India,27,26-35,Male,0,ayush.shah1617@gmail.com,9588578468
1618,Kritika Kumar,Couple,France,51,51-65,Male,0,kritika.kumar1618@gmail.com,9967575589
1619,Rahul Agarwal,Leisure,India,42,36-50,Female,1,rahul.agarwal1619@gmail.com,9987514459
1620,Rahul Mukherjee,Couple,India,20,18-25,Male,1,rahul.mukherjee1620@gmail.com,9189760032
1621,Ritu Gupta,Leisure,India,56,51-65,Male,0,ritu.gupta1621@gmail.com,9110089056
1622,Arjun Mishra,Business,Nepal,70,65+,Female,0,arjun.mishra1622@gmail.com,9191230681
1623,Karan Gupta,Leisure,India,66,65+,Female,0,karan.gupta1623@gmail.com,9430052121
1624,Swati Nair,Family,India,33,26-35,Male,0,swati.nair1624@gmail.com,9387179376
1625,Tanvi Kumar,Business,India,70,65+,Male,1,tanvi.kumar1625@gmail.com,9418620529
1626,Arjun Reddy,Couple,India,27,26-35,Male,0,arjun.reddy1626@gmail.com,9125770743
1627,Aditya Rao,Business,India,27,26-35,Female,0,aditya.rao1627@gmail.com,9342541514
1628,Gaurav Pillai,Leisure,Canada,70,65+,Male,0,gaurav.pillai1628@gmail.com,9218257262
1629,Aditya Kumar,Business,India,40,36-50,Male,0,aditya.kumar1629@gmail.com,9227078391
1630,Tanya Dixit,Leisure,India,20,18-25,Male,1,tanya.dixit1630@gmail.com,9669599249
1631,Swati Agarwal,Couple,India,61,51-65,Female,1,swati.agarwal1631@gmail.com,9816479341
1632,Nisha Agarwal,Leisure,India,40,36-50,Male,1,nisha.agarwal1632@gmail.com,9636066442
1633,Tanya Dixit,Couple,India,69,65+,Male,0,tanya.dixit1633@gmail.com,9259604146
1634,Anjali Malhotra,Couple,India,42,36-50,Female,0,anjali.malhotra1634@gmail.com,9943473690
1635,Riya Pandey,Family,India,25,18-25,Female,0,riya.pandey1635@gmail.com,9399011485
1636,Anjali Singh,Business,India,26,26-35,Male,0,anjali.singh1636@gmail.com,9478610768
1637,Sanjay Nair,Leisure,India,48,36-50,Female,0,sanjay.nair1637@gmail.com,9783548538
1638,Swati Gupta,Business,India,33,26-35,Female,0,swati.gupta1638@gmail.com,9633759522
1639,Tanvi Mishra,Family,India,52,51-65,Male,0,tanvi.mishra1639@gmail.com,9723805279
1640,Nikhil Reddy,Family,India,67,65+,Male,0,nikhil.reddy1640@gmail.com,9352536632
1641,Tanya Sharma,Leisure,India,72,65+,Male,0,tanya.sharma1641@gmail.com,9608874541
1642,Rohit Dixit,Couple,India,21,18-25,Female,0,rohit.dixit1642@gmail.com,9936065712
1643,Rohit Khanna,Leisure,India,27,26-35,Female,1,rohit.khanna1643@gmail.com,9988866898
1644,Aditya Patel,Couple,India,25,18-25,Male,0,aditya.patel1644@gmail.com,9128289746
1645,Shruti Chopra,Business,India,62,51-65,Male,0,shruti.chopra1645@gmail.com,9179210250
1646,Riya Pandey,Couple,India,28,26-35,Male,1,riya.pandey1646@gmail.com,9251695555
1647,Pooja Mehta,Business,India,18,18-25,Female,1,pooja.mehta1647@gmail.com,9295876826
1648,Riya Das,Couple,India,65,51-65,Female,0,riya.das1648@gmail.com,9875840127
1649,Swati Iyer,Couple,India,62,51-65,Male,0,swati.iyer1649@gmail.com,9267382753
1650,Sneha Kulkarni,Couple,India,20,18-25,Male,0,sneha.kulkarni1650@gmail.com,9111668973
1651,Kritika Pandey,Business,India,61,51-65,Female,0,kritika.pandey1651@gmail.com,9990688422
1652,Deepak Dixit,Leisure,India,50,36-50,Female,0,deepak.dixit1652@gmail.com,9554912473
1653,Suresh Verma,Leisure,India,51,51-65,Female,0,suresh.verma1653@gmail.com,9234360915
1654,Meera Kapoor,Leisure,India,21,18-25,Male,0,meera.kapoor1654@gmail.com,9983157977
1655,Ananya Agarwal,Business,India,70,65+,Female,0,ananya.agarwal1655@gmail.com,9800831233
1656,Kritika Pandey,Family,India,28,26-35,Male,0,kritika.pandey1656@gmail.com,9794332141
1657,Shruti Shah,Leisure,India,24,18-25,Male,1,shruti.shah1657@gmail.com,9747670508
1658,Swati Sharma,Leisure,India,36,36-50,Male,0,swati.sharma1658@gmail.com,9170135921
1659,Meera Agarwal,Leisure,India,66,65+,Female,1,meera.agarwal1659@gmail.com,9316601552
1660,Amit Mehta,Leisure,India,23,18-25,Male,0,amit.mehta1660@gmail.com,9948498387
1661,Riya Patel,Couple,India,38,36-50,Male,0,riya.patel1661@gmail.com,9109103960
1662,Manish Mukherjee,Leisure,India,43,36-50,Male,0,manish.mukherjee1662@gmail.com,9519447907
1663,Manish Gupta,Family,Australia,61,51-65,Male,0,manish.gupta1663@gmail.com,9896127318
1664,Shreyash Kumar,Leisure,India,69,65+,Male,1,shreyash.kumar1664@gmail.com,9954772900
1665,Gaurav Nair,Family,India,72,65+,Male,0,gaurav.nair1665@gmail.com,9262712486
1666,Pallavi Singh,Family,India,23,18-25,Male,0,pallavi.singh1666@gmail.com,9967020791
1667,Anjali Mukherjee,Business,Canada,28,26-35,Female,0,anjali.mukherjee1667@gmail.com,9240872324
1668,Swati Khanna,Family,India,57,51-65,Female,1,swati.khanna1668@gmail.com,9865322884
1669,Gaurav Mehta,Business,India,57,51-65,Male,0,gaurav.mehta1669@gmail.com,9708705165
1670,Harsh Kumar,Couple,India,27,26-35,Female,0,harsh.kumar1670@gmail.com,9956183507
1671,Pooja Nair,Leisure,India,47,36-50,Female,1,pooja.nair1671@gmail.com,9417406866
1672,Suresh Singh,Family,India,54,51-65,Female,0,suresh.singh1672@gmail.com,9176379467
1673,Divya Banerjee,Family,India,34,26-35,Female,0,divya.banerjee1673@gmail.com,9919422169
1674,Akash Bose,Couple,India,25,18-25,Female,1,akash.bose1674@gmail.com,9407761324
1675,Kritika Rao,Couple,India,61,51-65,Male,0,kritika.rao1675@gmail.com,9650270404
1676,Muskan Malhotra,Leisure,India,23,18-25,Female,0,muskan.malhotra1676@gmail.com,9382208801
1677,Amit Agarwal,Business,India,21,18-25,Male,0,amit.agarwal1677@gmail.com,9702154855
1678,Rahul Gupta,Leisure,India,36,36-50,Female,1,rahul.gupta1678@gmail.com,9528724081
1679,Vikram Mehta,Business,India,47,36-50,Male,0,vikram.mehta1679@gmail.com,9603035907
1680,Tanvi Kulkarni,Couple,India,24,18-25,Male,1,tanvi.kulkarni1680@gmail.com,9216338130
1681,Kritika Mukherjee,Leisure,India,30,26-35,Female,0,kritika.mukherjee1681@gmail.com,9440682024
1682,Swati Agarwal,Family,India,31,26-35,Female,1,swati.agarwal1682@gmail.com,9588100108
1683,Amit Mishra,Couple,India,48,36-50,Male,0,amit.mishra1683@gmail.com,9443797765
1684,Rohan Patel,Couple,India,67,65+,Female,1,rohan.patel1684@gmail.com,9968156321
1685,Tanya Trivedi,Business,India,48,36-50,Male,1,tanya.trivedi1685@gmail.com,9124634572
1686,Shruti Verma,Family,India,58,51-65,Male,1,shruti.verma1686@gmail.com,9174366341
1687,Ritu Kapoor,Family,India,37,36-50,Female,0,ritu.kapoor1687@gmail.com,9663476031
1688,Meera Pillai,Leisure,India,29,26-35,Male,1,meera.pillai1688@gmail.com,9560135199
1689,Swati Mukherjee,Couple,India,28,26-35,Male,0,swati.mukherjee1689@gmail.com,9550006352
1690,Riya Nair,Couple,India,62,51-65,Male,0,riya.nair1690@gmail.com,9568993235
1691,Manish Dixit,Business,Singapore,54,51-65,Female,0,manish.dixit1691@gmail.com,9702270855
1692,Ayush Shah,Leisure,India,64,51-65,Male,0,ayush.shah1692@gmail.com,9984230489
1693,Sanjay Sharma,Leisure,India,47,36-50,Male,0,sanjay.sharma1693@gmail.com,9439740334
1694,Neha Trivedi,Business,UK,44,36-50,Female,0,neha.trivedi1694@gmail.com,9103948031
1695,Akash Pandey,Leisure,India,58,51-65,Female,0,akash.pandey1695@gmail.com,9721027598
1696,Arjun Patel,Business,India,65,51-65,Male,0,arjun.patel1696@gmail.com,9686355619
1697,Suresh Agarwal,Business,India,31,26-35,Female,1,suresh.agarwal1697@gmail.com,9305255412
1698,Rohan Sharma,Business,India,70,65+,Female,1,rohan.sharma1698@gmail.com,9429601610
1699,Shreyash Pandey,Family,India,62,51-65,Female,0,shreyash.pandey1699@gmail.com,9589623575
1700,Nikhil Rao,Leisure,India,40,36-50,Female,0,nikhil.rao1700@gmail.com,9921499620
1701,Swati Kumar,Family,India,47,36-50,Female,0,swati.kumar1701@gmail.com,9693514629
1702,Ayush Joshi,Leisure,India,45,36-50,Female,0,ayush.joshi1702@gmail.com,9808246120
1703,Shruti Bose,Leisure,India,62,51-65,Male,0,shruti.bose1703@gmail.com,9965371229
1704,Arjun Singh,Leisure,India,19,18-25,Female,1,arjun.singh1704@gmail.com,9905245890
1705,Muskan Dixit,Leisure,India,24,18-25,Female,0,muskan.dixit1705@gmail.com,9965297020
1706,Amit Pillai,Business,India,72,65+,Female,1,amit.pillai1706@gmail.com,9934168821
1707,Pallavi Mishra,Couple,India,25,18-25,Male,0,pallavi.mishra1707@gmail.com,9233617038
1708,Manish Trivedi,Business,India,44,36-50,Female,1,manish.trivedi1708@gmail.com,9502270717
1709,Aditya Reddy,Couple,India,35,26-35,Female,0,aditya.reddy1709@gmail.com,9953773144
1710,Nikhil Pillai,Couple,India,18,18-25,Female,1,nikhil.pillai1710@gmail.com,9128182306
1711,Anjali Trivedi,Business,India,71,65+,Female,0,anjali.trivedi1711@gmail.com,9714381587
1712,Shruti Mehta,Business,India,43,36-50,Male,0,shruti.mehta1712@gmail.com,9522321705
1713,Sneha Trivedi,Couple,India,45,36-50,Male,0,sneha.trivedi1713@gmail.com,9519201365
1714,Divya Kapoor,Leisure,India,51,51-65,Male,0,divya.kapoor1714@gmail.com,9206920983
1715,Rohit Reddy,Business,India,58,51-65,Female,0,rohit.reddy1715@gmail.com,9773577976
1716,Deepak Pandey,Family,India,28,26-35,Female,1,deepak.pandey1716@gmail.com,9200142973
1717,Priya Rao,Business,India,58,51-65,Male,1,priya.rao1717@gmail.com,9859753852
1718,Tanvi Dixit,Couple,India,54,51-65,Female,1,tanvi.dixit1718@gmail.com,9888308138
1719,Rohit Iyer,Family,India,58,51-65,Female,1,rohit.iyer1719@gmail.com,9800640935
1720,Aditya Khanna,Business,India,52,51-65,Male,0,aditya.khanna1720@gmail.com,9966614227
1721,Gaurav Mukherjee,Business,India,60,51-65,Male,1,gaurav.mukherjee1721@gmail.com,9254371352
1722,Priya Bose,Business,India,24,18-25,Male,0,priya.bose1722@gmail.com,9739836790
1723,Neha Kumar,Leisure,India,36,36-50,Female,0,neha.kumar1723@gmail.com,9199618698
1724,Vikram Nair,Business,India,71,65+,Male,0,vikram.nair1724@gmail.com,9627246915
1725,Priya Rao,Couple,India,49,36-50,Male,1,priya.rao1725@gmail.com,9550871833
1726,Gaurav Kulkarni,Business,India,58,51-65,Female,0,gaurav.kulkarni1726@gmail.com,9293065688
1727,Nisha Sharma,Leisure,India,60,51-65,Male,1,nisha.sharma1727@gmail.com,9468089919
1728,Manish Nair,Family,India,56,51-65,Male,1,manish.nair1728@gmail.com,9896390906
1729,Deepak Dixit,Couple,India,30,26-35,Male,0,deepak.dixit1729@gmail.com,9656192815
1730,Shreyash Mukherjee,Couple,India,31,26-35,Female,1,shreyash.mukherjee1730@gmail.com,9332956649
1731,Priya Malhotra,Leisure,India,32,26-35,Male,0,priya.malhotra1731@gmail.com,9235914506
1732,Ritu Verma,Couple,India,30,26-35,Male,0,ritu.verma1732@gmail.com,9692165512
1733,Vishal Iyer,Leisure,India,45,36-50,Female,0,vishal.iyer1733@gmail.com,9368535479
1734,Divya Shah,Leisure,UAE,72,65+,Female,0,divya.shah1734@gmail.com,9210482235
1735,Simran Trivedi,Business,India,37,36-50,Male,0,simran.trivedi1735@gmail.com,9875306396
1736,Harsh Rao,Family,India,45,36-50,Female,0,harsh.rao1736@gmail.com,9768845554
1737,Arjun Agarwal,Leisure,India,45,36-50,Male,0,arjun.agarwal1737@gmail.com,9501537013
1738,Vikram Iyer,Business,India,20,18-25,Female,0,vikram.iyer1738@gmail.com,9415114820
1739,Ayush Pandey,Leisure,India,51,51-65,Female,0,ayush.pandey1739@gmail.com,9223104450
1740,Divya Trivedi,Leisure,India,45,36-50,Male,0,divya.trivedi1740@gmail.com,9177996967
1741,Meera Pillai,Couple,India,41,36-50,Male,0,meera.pillai1741@gmail.com,9231322499
1742,Rahul Malhotra,Couple,Singapore,18,18-25,Female,1,rahul.malhotra1742@gmail.com,9709315470
1743,Sanjay Kulkarni,Couple,India,53,51-65,Male,0,sanjay.kulkarni1743@gmail.com,9746179886
1744,Meera Reddy,Business,India,24,18-25,Female,0,meera.reddy1744@gmail.com,9966967595
1745,Vikram Saxena,Leisure,India,44,36-50,Female,0,vikram.saxena1745@gmail.com,9443727751
1746,Karan Shah,Leisure,India,69,65+,Female,0,karan.shah1746@gmail.com,9394651349
1747,Nikhil Kumar,Business,India,46,36-50,Male,0,nikhil.kumar1747@gmail.com,9734765132
1748,Gaurav Mehta,Leisure,India,19,18-25,Female,1,gaurav.mehta1748@gmail.com,9941068017
1749,Rohan Sharma,Couple,India,36,36-50,Male,0,rohan.sharma1749@gmail.com,9532514798
1750,Amit Kulkarni,Business,India,51,51-65,Male,0,amit.kulkarni1750@gmail.com,9117472245
1751,Vikram Nair,Leisure,India,71,65+,Female,0,vikram.nair1751@gmail.com,9394928476
1752,Sanjay Mukherjee,Business,India,43,36-50,Male,0,sanjay.mukherjee1752@gmail.com,9436268732
1753,Harsh Agarwal,Business,India,43,36-50,Female,0,harsh.agarwal1753@gmail.com,9588103427
1754,Harsh Desai,Business,India,25,18-25,Female,0,harsh.desai1754@gmail.com,9210320118
1755,Priya Mehta,Family,India,70,65+,Male,1,priya.mehta1755@gmail.com,9446667253
1756,Shruti Mehta,Couple,India,23,18-25,Male,0,shruti.mehta1756@gmail.com,9972181149
1757,Tanya Pandey,Family,India,18,18-25,Male,1,tanya.pandey1757@gmail.com,9942827240
1758,Amit Kumar,Leisure,India,37,36-50,Male,1,amit.kumar1758@gmail.com,9838650189
1759,Muskan Trivedi,Business,India,35,26-35,Male,0,muskan.trivedi1759@gmail.com,9726478110
1760,Pallavi Kumar,Leisure,India,38,36-50,Male,0,pallavi.kumar1760@gmail.com,9543770966
1761,Akash Pillai,Leisure,India,51,51-65,Male,0,akash.pillai1761@gmail.com,9810032153
1762,Harsh Verma,Couple,India,67,65+,Female,1,harsh.verma1762@gmail.com,9383266009
1763,Vishal Banerjee,Business,India,40,36-50,Male,0,vishal.banerjee1763@gmail.com,9889488302
1764,Meera Banerjee,Leisure,India,22,18-25,Female,1,meera.banerjee1764@gmail.com,9114096192
1765,Meera Iyer,Business,India,30,26-35,Female,1,meera.iyer1765@gmail.com,9324048532
1766,Simran Mukherjee,Leisure,India,50,36-50,Female,0,simran.mukherjee1766@gmail.com,9434820002
1767,Pallavi Bose,Couple,India,72,65+,Male,0,pallavi.bose1767@gmail.com,9334918423
1768,Tanya Kapoor,Leisure,India,57,51-65,Male,0,tanya.kapoor1768@gmail.com,9301813509
1769,Vikram Verma,Leisure,India,28,26-35,Female,0,vikram.verma1769@gmail.com,9719809183
1770,Arjun Gupta,Leisure,India,24,18-25,Male,1,arjun.gupta1770@gmail.com,9594830511
1771,Divya Verma,Leisure,India,48,36-50,Female,0,divya.verma1771@gmail.com,9227051781
1772,Ananya Singh,Couple,India,45,36-50,Male,1,ananya.singh1772@gmail.com,9639222830
1773,Shruti Reddy,Family,India,21,18-25,Female,1,shruti.reddy1773@gmail.com,9205025589
1774,Sneha Bose,Family,India,64,51-65,Female,1,sneha.bose1774@gmail.com,9303419997
1775,Kritika Joshi,Couple,India,35,26-35,Female,0,kritika.joshi1775@gmail.com,9217236027
1776,Sneha Bose,Leisure,India,25,18-25,Male,1,sneha.bose1776@gmail.com,9138319651
1777,Rohan Verma,Couple,India,22,18-25,Male,1,rohan.verma1777@gmail.com,9765956951
1778,Kritika Kapoor,Leisure,India,24,18-25,Male,0,kritika.kapoor1778@gmail.com,9842689810
1779,Ritu Nair,Leisure,India,28,26-35,Male,0,ritu.nair1779@gmail.com,9409229641
1780,Ayush Khanna,Couple,Malaysia,18,18-25,Male,1,ayush.khanna1780@gmail.com,9852125249
1781,Muskan Nair,Business,Nepal,37,36-50,Male,1,muskan.nair1781@gmail.com,9831693296
1782,Vikram Joshi,Family,India,39,36-50,Female,1,vikram.joshi1782@gmail.com,9113673918
1783,Riya Rao,Leisure,India,19,18-25,Male,0,riya.rao1783@gmail.com,9182653501
1784,Suresh Pillai,Couple,India,56,51-65,Female,0,suresh.pillai1784@gmail.com,9726162060
1785,Rahul Nair,Couple,India,48,36-50,Male,1,rahul.nair1785@gmail.com,9118673248
1786,Rohan Pillai,Family,India,71,65+,Male,0,rohan.pillai1786@gmail.com,9279642094
1787,Anjali Mukherjee,Couple,India,24,18-25,Female,0,anjali.mukherjee1787@gmail.com,9460430809
1788,Akash Nair,Couple,Nepal,40,36-50,Female,0,akash.nair1788@gmail.com,9372233117
1789,Tanya Iyer,Business,India,70,65+,Female,0,tanya.iyer1789@gmail.com,9458349379
1790,Ishaan Mukherjee,Leisure,India,72,65+,Female,1,ishaan.mukherjee1790@gmail.com,9836355132
1791,Ishaan Das,Business,India,19,18-25,Male,0,ishaan.das1791@gmail.com,9336497651
1792,Anjali Chopra,Couple,India,19,18-25,Male,0,anjali.chopra1792@gmail.com,9847116094
1793,Shruti Chopra,Leisure,India,65,51-65,Male,1,shruti.chopra1793@gmail.com,9505636313
1794,Arjun Verma,Couple,India,61,51-65,Female,0,arjun.verma1794@gmail.com,9665761958
1795,Divya Verma,Business,UK,40,36-50,Female,0,divya.verma1795@gmail.com,9548066320
1796,Ritu Khanna,Business,India,20,18-25,Female,0,ritu.khanna1796@gmail.com,9232028651
1797,Shruti Trivedi,Couple,India,54,51-65,Female,0,shruti.trivedi1797@gmail.com,9108949508
1798,Harsh Dixit,Business,UAE,27,26-35,Female,0,harsh.dixit1798@gmail.com,9661766871
1799,Vishal Agarwal,Business,India,60,51-65,Male,0,vishal.agarwal1799@gmail.com,9409516772
1800,Vikram Trivedi,Business,India,18,18-25,Female,1,vikram.trivedi1800@gmail.com,9403887508
1801,Simran Kumar,Family,India,49,36-50,Female,1,simran.kumar1801@gmail.com,9478231483
1802,Rahul Patel,Couple,India,26,26-35,Female,0,rahul.patel1802@gmail.com,9943170042
1803,Shreyash Pillai,Leisure,India,27,26-35,Male,0,shreyash.pillai1803@gmail.com,9253163103
1804,Karan Rao,Leisure,India,23,18-25,Female,1,karan.rao1804@gmail.com,9608070753
1805,Manish Mehta,Leisure,UK,58,51-65,Female,0,manish.mehta1805@gmail.com,9205375617
1806,Deepak Dixit,Couple,India,56,51-65,Female,1,deepak.dixit1806@gmail.com,9567954159
1807,Sanjay Trivedi,Couple,India,26,26-35,Male,1,sanjay.trivedi1807@gmail.com,9547011930
1808,Ananya Shah,Business,India,37,36-50,Male,0,ananya.shah1808@gmail.com,9774652206
1809,Pallavi Mishra,Business,India,42,36-50,Female,1,pallavi.mishra1809@gmail.com,9665401733
1810,Akash Banerjee,Business,India,50,36-50,Female,0,akash.banerjee1810@gmail.com,9559206277
1811,Pallavi Rao,Couple,India,47,36-50,Male,0,pallavi.rao1811@gmail.com,9128370531
1812,Nikhil Singh,Couple,India,57,51-65,Female,0,nikhil.singh1812@gmail.com,9723116455
1813,Shreyash Chopra,Leisure,India,57,51-65,Female,1,shreyash.chopra1813@gmail.com,9521614743
1814,Rohit Kapoor,Business,USA,18,18-25,Female,0,rohit.kapoor1814@gmail.com,9656207153
1815,Pallavi Pandey,Business,India,23,18-25,Male,1,pallavi.pandey1815@gmail.com,9797803278
1816,Arjun Malhotra,Family,India,24,18-25,Female,0,arjun.malhotra1816@gmail.com,9841518482
1817,Swati Desai,Leisure,India,25,18-25,Male,0,swati.desai1817@gmail.com,9654334283
1818,Anjali Mishra,Couple,Nepal,49,36-50,Male,1,anjali.mishra1818@gmail.com,9825506692
1819,Anjali Khanna,Couple,India,37,36-50,Male,0,anjali.khanna1819@gmail.com,9769654032
1820,Karan Kumar,Leisure,India,18,18-25,Male,0,karan.kumar1820@gmail.com,9229959717
1821,Ishaan Kumar,Business,India,31,26-35,Male,0,ishaan.kumar1821@gmail.com,9994133220
1822,Shreyash Iyer,Business,India,21,18-25,Male,0,shreyash.iyer1822@gmail.com,9619389882
1823,Divya Pandey,Couple,India,71,65+,Female,0,divya.pandey1823@gmail.com,9831562261
1824,Akash Desai,Couple,India,57,51-65,Male,0,akash.desai1824@gmail.com,9783111510
1825,Priya Joshi,Couple,India,70,65+,Male,1,priya.joshi1825@gmail.com,9896356429
1826,Tanvi Shah,Leisure,India,48,36-50,Female,0,tanvi.shah1826@gmail.com,9207395318
1827,Simran Nair,Business,India,60,51-65,Female,0,simran.nair1827@gmail.com,9849098886
1828,Arjun Iyer,Family,India,70,65+,Female,1,arjun.iyer1828@gmail.com,9404322294
1829,Pallavi Kumar,Couple,India,42,36-50,Male,0,pallavi.kumar1829@gmail.com,9136596922
1830,Muskan Iyer,Leisure,India,40,36-50,Male,0,muskan.iyer1830@gmail.com,9876385418
1831,Pallavi Verma,Family,India,28,26-35,Female,0,pallavi.verma1831@gmail.com,9640312926
1832,Meera Chopra,Couple,Germany,51,51-65,Female,0,meera.chopra1832@gmail.com,9287364597
1833,Anjali Chopra,Leisure,India,64,51-65,Female,0,anjali.chopra1833@gmail.com,9944709329
1834,Rohit Verma,Couple,India,37,36-50,Female,1,rohit.verma1834@gmail.com,9792707365
1835,Riya Kapoor,Couple,India,56,51-65,Male,0,riya.kapoor1835@gmail.com,9644365864
1836,Ishaan Verma,Couple,India,62,51-65,Female,0,ishaan.verma1836@gmail.com,9723548418
1837,Manish Saxena,Business,India,71,65+,Female,1,manish.saxena1837@gmail.com,9131698835
1838,Suresh Mehta,Leisure,India,60,51-65,Male,0,suresh.mehta1838@gmail.com,9829416737
1839,Riya Malhotra,Family,India,67,65+,Male,1,riya.malhotra1839@gmail.com,9286828884
1840,Gaurav Mukherjee,Business,India,22,18-25,Male,0,gaurav.mukherjee1840@gmail.com,9222915292
1841,Amit Desai,Leisure,India,46,36-50,Female,0,amit.desai1841@gmail.com,9131631847
1842,Divya Malhotra,Leisure,India,62,51-65,Female,0,divya.malhotra1842@gmail.com,9784398502
1843,Rohan Mishra,Leisure,India,30,26-35,Female,0,rohan.mishra1843@gmail.com,9828908586
1844,Vishal Mehta,Couple,India,65,51-65,Male,0,vishal.mehta1844@gmail.com,9667504169
1845,Karan Singh,Family,India,19,18-25,Male,1,karan.singh1845@gmail.com,9969740383
1846,Rohit Kulkarni,Business,India,41,36-50,Female,0,rohit.kulkarni1846@gmail.com,9177271956
1847,Swati Joshi,Business,UAE,64,51-65,Female,1,swati.joshi1847@gmail.com,9322774349
1848,Rohan Pandey,Business,India,50,36-50,Female,0,rohan.pandey1848@gmail.com,9699896664
1849,Rohit Trivedi,Family,India,46,36-50,Female,0,rohit.trivedi1849@gmail.com,9176093527
1850,Rohan Singh,Couple,India,68,65+,Female,1,rohan.singh1850@gmail.com,9635488193
1851,Aditya Patel,Leisure,India,52,51-65,Female,1,aditya.patel1851@gmail.com,9981894010
1852,Vishal Dixit,Couple,India,42,36-50,Female,1,vishal.dixit1852@gmail.com,9269504123
1853,Vishal Singh,Family,India,54,51-65,Male,0,vishal.singh1853@gmail.com,9756321848
1854,Shreyash Khanna,Couple,India,57,51-65,Male,0,shreyash.khanna1854@gmail.com,9219050557
1855,Simran Nair,Family,India,59,51-65,Male,1,simran.nair1855@gmail.com,9552480926
1856,Deepak Shah,Leisure,India,66,65+,Male,1,deepak.shah1856@gmail.com,9687430562
1857,Swati Dixit,Couple,India,21,18-25,Male,0,swati.dixit1857@gmail.com,9965073062
1858,Rohan Kulkarni,Leisure,India,62,51-65,Male,0,rohan.kulkarni1858@gmail.com,9175981291
1859,Nikhil Agarwal,Couple,Nepal,57,51-65,Male,0,nikhil.agarwal1859@gmail.com,9614076961
1860,Rohit Verma,Couple,France,20,18-25,Male,1,rohit.verma1860@gmail.com,9645035932
1861,Aditya Bose,Couple,India,45,36-50,Female,0,aditya.bose1861@gmail.com,9344550216
1862,Priya Dixit,Couple,India,19,18-25,Male,0,priya.dixit1862@gmail.com,9507365179
1863,Priya Mishra,Business,India,21,18-25,Female,0,priya.mishra1863@gmail.com,9846723590
1864,Rohit Rao,Leisure,Australia,45,36-50,Male,1,rohit.rao1864@gmail.com,9226693542
1865,Muskan Kulkarni,Family,India,40,36-50,Male,0,muskan.kulkarni1865@gmail.com,9162193817
1866,Kavya Mehta,Family,India,55,51-65,Male,1,kavya.mehta1866@gmail.com,9902595907
1867,Tanvi Saxena,Business,India,69,65+,Male,0,tanvi.saxena1867@gmail.com,9368352132
1868,Sneha Singh,Business,India,26,26-35,Female,1,sneha.singh1868@gmail.com,9146943379
1869,Sanjay Chopra,Business,India,59,51-65,Male,0,sanjay.chopra1869@gmail.com,9239281757
1870,Ayush Kapoor,Couple,India,60,51-65,Male,0,ayush.kapoor1870@gmail.com,9182010113
1871,Deepak Mishra,Couple,India,49,36-50,Female,0,deepak.mishra1871@gmail.com,9336531677
1872,Akash Banerjee,Business,India,41,36-50,Female,0,akash.banerjee1872@gmail.com,9362213975
1873,Ishaan Kulkarni,Leisure,India,38,36-50,Male,1,ishaan.kulkarni1873@gmail.com,9541129488
1874,Muskan Nair,Couple,India,23,18-25,Male,0,muskan.nair1874@gmail.com,9659414065
1875,Aditya Khanna,Couple,Nepal,53,51-65,Male,1,aditya.khanna1875@gmail.com,9878366992
1876,Anjali Patel,Leisure,India,62,51-65,Female,0,anjali.patel1876@gmail.com,9587224288
1877,Neha Sharma,Leisure,India,71,65+,Male,1,neha.sharma1877@gmail.com,9731618060
1878,Gaurav Khanna,Leisure,India,21,18-25,Female,0,gaurav.khanna1878@gmail.com,9512248417
1879,Harsh Sharma,Leisure,India,42,36-50,Female,1,harsh.sharma1879@gmail.com,9320901039
1880,Gaurav Joshi,Leisure,India,45,36-50,Male,0,gaurav.joshi1880@gmail.com,9133614668
1881,Tanvi Mukherjee,Couple,India,19,18-25,Female,0,tanvi.mukherjee1881@gmail.com,9381892376
1882,Simran Shah,Family,India,39,36-50,Female,0,simran.shah1882@gmail.com,9940323966
1883,Sneha Trivedi,Couple,India,53,51-65,Female,0,sneha.trivedi1883@gmail.com,9827964236
1884,Vishal Desai,Couple,India,47,36-50,Female,0,vishal.desai1884@gmail.com,9710210756
1885,Ishaan Verma,Business,India,42,36-50,Female,0,ishaan.verma1885@gmail.com,9355794196
1886,Rohit Dixit,Leisure,India,35,26-35,Female,1,rohit.dixit1886@gmail.com,9368363101
1887,Tanvi Khanna,Business,India,54,51-65,Female,1,tanvi.khanna1887@gmail.com,9394495044
1888,Tanya Verma,Business,India,34,26-35,Male,1,tanya.verma1888@gmail.com,9710358959
1889,Sanjay Pandey,Couple,India,72,65+,Male,0,sanjay.pandey1889@gmail.com,9118539966
1890,Akash Sharma,Family,India,20,18-25,Female,0,akash.sharma1890@gmail.com,9697653732
1891,Meera Rao,Business,India,55,51-65,Male,1,meera.rao1891@gmail.com,9755335262
1892,Ananya Malhotra,Leisure,India,46,36-50,Male,1,ananya.malhotra1892@gmail.com,9944751038
1893,Ritu Verma,Couple,India,26,26-35,Male,0,ritu.verma1893@gmail.com,9257734586
1894,Muskan Bose,Business,India,32,26-35,Male,0,muskan.bose1894@gmail.com,9297842828
1895,Shreyash Desai,Leisure,India,55,51-65,Female,1,shreyash.desai1895@gmail.com,9870256962
1896,Aditya Patel,Couple,Canada,34,26-35,Female,1,aditya.patel1896@gmail.com,9479390612
1897,Tanvi Banerjee,Couple,India,56,51-65,Male,0,tanvi.banerjee1897@gmail.com,9183192595
1898,Shreyash Iyer,Business,India,50,36-50,Male,1,shreyash.iyer1898@gmail.com,9449813326
1899,Rohan Chopra,Leisure,UAE,44,36-50,Male,0,rohan.chopra1899@gmail.com,9403959566
1900,Anjali Sharma,Couple,India,56,51-65,Female,0,anjali.sharma1900@gmail.com,9538234355
1901,Tanya Nair,Leisure,India,57,51-65,Male,1,tanya.nair1901@gmail.com,9147900241
1902,Vishal Dixit,Business,India,55,51-65,Male,1,vishal.dixit1902@gmail.com,9327074541
1903,Sanjay Reddy,Couple,Canada,67,65+,Female,0,sanjay.reddy1903@gmail.com,9506776019
1904,Simran Patel,Business,India,64,51-65,Male,0,simran.patel1904@gmail.com,9797086164
1905,Pooja Singh,Couple,India,54,51-65,Female,0,pooja.singh1905@gmail.com,9230183002
1906,Ishaan Trivedi,Business,India,56,51-65,Female,0,ishaan.trivedi1906@gmail.com,9658706525
1907,Akash Malhotra,Family,India,30,26-35,Female,0,akash.malhotra1907@gmail.com,9452922297
1908,Kavya Trivedi,Leisure,India,32,26-35,Female,0,kavya.trivedi1908@gmail.com,9223927974
1909,Kavya Iyer,Leisure,Malaysia,44,36-50,Female,1,kavya.iyer1909@gmail.com,9701786256
1910,Shreyash Singh,Business,India,59,51-65,Female,0,shreyash.singh1910@gmail.com,9582075743
1911,Nikhil Mehta,Leisure,India,70,65+,Male,0,nikhil.mehta1911@gmail.com,9363006537
1912,Nikhil Pillai,Family,India,60,51-65,Male,0,nikhil.pillai1912@gmail.com,9954543820
1913,Vishal Malhotra,Family,India,25,18-25,Male,0,vishal.malhotra1913@gmail.com,9642267469
1914,Anjali Saxena,Leisure,India,58,51-65,Male,0,anjali.saxena1914@gmail.com,9587553038
1915,Rahul Joshi,Leisure,India,44,36-50,Female,0,rahul.joshi1915@gmail.com,9863840464
1916,Riya Das,Couple,India,26,26-35,Male,0,riya.das1916@gmail.com,9125696210
1917,Suresh Singh,Family,India,50,36-50,Female,0,suresh.singh1917@gmail.com,9480499500
1918,Rohit Kapoor,Leisure,Australia,53,51-65,Male,0,rohit.kapoor1918@gmail.com,9227807104
1919,Swati Kulkarni,Leisure,India,55,51-65,Male,0,swati.kulkarni1919@gmail.com,9148573610
1920,Vikram Das,Leisure,India,46,36-50,Female,0,vikram.das1920@gmail.com,9895317860
1921,Shruti Khanna,Couple,India,62,51-65,Male,0,shruti.khanna1921@gmail.com,9877074970
1922,Simran Dixit,Business,India,23,18-25,Male,0,simran.dixit1922@gmail.com,9737322987
1923,Simran Chopra,Couple,UK,59,51-65,Female,0,simran.chopra1923@gmail.com,9570929255
1924,Divya Reddy,Leisure,France,55,51-65,Female,0,divya.reddy1924@gmail.com,9204044084
1925,Aditya Khanna,Couple,India,39,36-50,Male,0,aditya.khanna1925@gmail.com,9663922382
1926,Simran Reddy,Business,India,36,36-50,Female,0,simran.reddy1926@gmail.com,9913144918
1927,Divya Gupta,Leisure,India,70,65+,Male,0,divya.gupta1927@gmail.com,9398775349
1928,Rohan Kulkarni,Leisure,India,38,36-50,Male,0,rohan.kulkarni1928@gmail.com,9277803636
1929,Neha Khanna,Couple,India,49,36-50,Female,1,neha.khanna1929@gmail.com,9281806799
1930,Vishal Dixit,Business,India,56,51-65,Male,0,vishal.dixit1930@gmail.com,9815577646
1931,Ritu Gupta,Leisure,India,31,26-35,Male,1,ritu.gupta1931@gmail.com,9142675910
1932,Tanvi Mishra,Leisure,India,18,18-25,Female,0,tanvi.mishra1932@gmail.com,9127678171
1933,Tanya Shah,Leisure,India,54,51-65,Female,0,tanya.shah1933@gmail.com,9659305565
1934,Rohit Pandey,Couple,India,36,36-50,Male,0,rohit.pandey1934@gmail.com,9228785230
1935,Akash Kulkarni,Couple,India,49,36-50,Female,1,akash.kulkarni1935@gmail.com,9246907242
1936,Ritu Das,Couple,USA,25,18-25,Female,0,ritu.das1936@gmail.com,9899161913
1937,Aditya Das,Leisure,India,38,36-50,Male,0,aditya.das1937@gmail.com,9396468739
1938,Pallavi Bose,Couple,Nepal,50,36-50,Male,0,pallavi.bose1938@gmail.com,9438024582
1939,Amit Rao,Leisure,India,63,51-65,Female,1,amit.rao1939@gmail.com,9699330783
1940,Amit Bose,Business,India,18,18-25,Male,1,amit.bose1940@gmail.com,9503951395
1941,Aditya Pillai,Business,India,34,26-35,Female,1,aditya.pillai1941@gmail.com,9973885029
1942,Divya Das,Leisure,India,36,36-50,Male,1,divya.das1942@gmail.com,9195253470
1943,Ishaan Desai,Couple,France,65,51-65,Male,1,ishaan.desai1943@gmail.com,9172221238
1944,Harsh Mishra,Couple,India,31,26-35,Male,1,harsh.mishra1944@gmail.com,9838714681
1945,Deepak Agarwal,Couple,India,58,51-65,Male,0,deepak.agarwal1945@gmail.com,9619941291
1946,Ishaan Pillai,Leisure,India,37,36-50,Male,0,ishaan.pillai1946@gmail.com,9817233555
1947,Harsh Nair,Leisure,India,43,36-50,Female,0,harsh.nair1947@gmail.com,9417201826
1948,Arjun Mehta,Business,India,66,65+,Female,0,arjun.mehta1948@gmail.com,9580148263
1949,Sanjay Mehta,Leisure,India,45,36-50,Male,1,sanjay.mehta1949@gmail.com,9442422662
1950,Neha Chopra,Leisure,Australia,43,36-50,Male,0,neha.chopra1950@gmail.com,9619410509
1951,Harsh Agarwal,Business,India,61,51-65,Male,1,harsh.agarwal1951@gmail.com,9387681056
1952,Shreyash Shah,Business,India,21,18-25,Female,1,shreyash.shah1952@gmail.com,9441040118
1953,Nikhil Kapoor,Leisure,India,45,36-50,Female,1,nikhil.kapoor1953@gmail.com,9158662128
1954,Ritu Nair,Couple,Malaysia,32,26-35,Female,0,ritu.nair1954@gmail.com,9148993264
1955,Nisha Iyer,Family,India,32,26-35,Male,0,nisha.iyer1955@gmail.com,9937037587
1956,Neha Agarwal,Family,India,39,36-50,Male,0,neha.agarwal1956@gmail.com,9121388847
1957,Priya Trivedi,Couple,India,23,18-25,Female,0,priya.trivedi1957@gmail.com,9923390378
1958,Ananya Singh,Leisure,India,21,18-25,Male,0,ananya.singh1958@gmail.com,9313073127
1959,Suresh Pandey,Couple,India,43,36-50,Male,0,suresh.pandey1959@gmail.com,9273306409
1960,Tanya Malhotra,Couple,India,31,26-35,Male,0,tanya.malhotra1960@gmail.com,9138735200
1961,Priya Mukherjee,Business,India,24,18-25,Female,0,priya.mukherjee1961@gmail.com,9145403352
1962,Suresh Khanna,Leisure,India,19,18-25,Male,0,suresh.khanna1962@gmail.com,9838809575
1963,Kavya Patel,Couple,India,65,51-65,Male,0,kavya.patel1963@gmail.com,9505720578
1964,Kritika Gupta,Leisure,Nepal,35,26-35,Male,1,kritika.gupta1964@gmail.com,9641713121
1965,Nikhil Sharma,Leisure,India,65,51-65,Male,1,nikhil.sharma1965@gmail.com,9731570422
1966,Kritika Shah,Leisure,India,72,65+,Female,0,kritika.shah1966@gmail.com,9556504247
1967,Shreyash Das,Business,India,37,36-50,Female,0,shreyash.das1967@gmail.com,9207029747
1968,Deepak Bose,Leisure,India,48,36-50,Female,0,deepak.bose1968@gmail.com,9199924985
1969,Aditya Rao,Leisure,India,35,26-35,Female,0,aditya.rao1969@gmail.com,9854711076
1970,Tanvi Reddy,Business,India,42,36-50,Male,0,tanvi.reddy1970@gmail.com,9881208866
1971,Kritika Chopra,Business,India,63,51-65,Male,0,kritika.chopra1971@gmail.com,9720493372
1972,Priya Kapoor,Couple,India,46,36-50,Female,0,priya.kapoor1972@gmail.com,9216982506
1973,Nisha Malhotra,Leisure,India,69,65+,Male,1,nisha.malhotra1973@gmail.com,9281736941
1974,Meera Desai,Leisure,India,55,51-65,Male,1,meera.desai1974@gmail.com,9532927410
1975,Muskan Pandey,Leisure,India,51,51-65,Male,1,muskan.pandey1975@gmail.com,9629803264
1976,Deepak Rao,Family,India,65,51-65,Female,0,deepak.rao1976@gmail.com,9139202005
1977,Sanjay Banerjee,Leisure,India,56,51-65,Female,0,sanjay.banerjee1977@gmail.com,9387918390
1978,Meera Mukherjee,Leisure,India,68,65+,Female,0,meera.mukherjee1978@gmail.com,9436098559
1979,Kavya Malhotra,Family,India,63,51-65,Female,0,kavya.malhotra1979@gmail.com,9894230707
1980,Pooja Dixit,Couple,India,45,36-50,Male,0,pooja.dixit1980@gmail.com,9912700913
1981,Rahul Joshi,Business,India,65,51-65,Male,1,rahul.joshi1981@gmail.com,9569870769
1982,Neha Patel,Couple,India,49,36-50,Male,0,neha.patel1982@gmail.com,9663273254
1983,Harsh Gupta,Leisure,India,44,36-50,Female,1,harsh.gupta1983@gmail.com,9226254084
1984,Shruti Khanna,Leisure,France,61,51-65,Female,0,shruti.khanna1984@gmail.com,9760459116
1985,Tanya Saxena,Business,India,28,26-35,Male,0,tanya.saxena1985@gmail.com,9835538791
1986,Meera Trivedi,Business,India,63,51-65,Female,0,meera.trivedi1986@gmail.com,9369766215
1987,Riya Iyer,Couple,India,39,36-50,Male,1,riya.iyer1987@gmail.com,9867812836
1988,Riya Sharma,Leisure,India,44,36-50,Male,1,riya.sharma1988@gmail.com,9171992253
1989,Rahul Khanna,Leisure,Australia,30,26-35,Male,0,rahul.khanna1989@gmail.com,9677384799
1990,Pallavi Malhotra,Couple,India,21,18-25,Female,0,pallavi.malhotra1990@gmail.com,9171695888
1991,Manish Bose,Couple,India,32,26-35,Female,0,manish.bose1991@gmail.com,9306846339
1992,Ritu Khanna,Business,India,55,51-65,Female,0,ritu.khanna1992@gmail.com,9923547996
1993,Kritika Dixit,Couple,India,53,51-65,Male,1,kritika.dixit1993@gmail.com,9263661669
1994,Arjun Das,Business,India,35,26-35,Male,1,arjun.das1994@gmail.com,9209867551
1995,Rohit Trivedi,Couple,India,55,51-65,Female,0,rohit.trivedi1995@gmail.com,9928905792
1996,Simran Agarwal,Couple,India,69,65+,Female,1,simran.agarwal1996@gmail.com,9102867735
1997,Aditya Shah,Family,India,69,65+,Male,1,aditya.shah1997@gmail.com,9610525583
1998,Rahul Malhotra,Business,India,21,18-25,Male,0,rahul.malhotra1998@gmail.com,9572112488
1999,Shruti Pillai,Business,India,38,36-50,Female,0,shruti.pillai1999@gmail.com,9225946154
2000,Kavya Mishra,Leisure,India,42,36-50,Female,0,kavya.mishra2000@gmail.com,9481169366
2001,Nisha Pandey,Leisure,India,38,36-50,Male,0,nisha.pandey2001@gmail.com,9329672688
2002,Suresh Bose,Business,India,63,51-65,Male,0,suresh.bose2002@gmail.com,9701817116
2003,Akash Nair,Family,Singapore,68,65+,Female,0,akash.nair2003@gmail.com,9699046021
2004,Shruti Bose,Business,India,29,26-35,Male,0,shruti.bose2004@gmail.com,9600445166
2005,Manish Das,Leisure,India,31,26-35,Male,0,manish.das2005@gmail.com,9292205795
2006,Rahul Shah,Couple,India,41,36-50,Male,1,rahul.shah2006@gmail.com,9433279476
2007,Swati Kumar,Leisure,India,34,26-35,Male,0,swati.kumar2007@gmail.com,9136000620
2008,Ritu Bose,Couple,India,43,36-50,Male,0,ritu.bose2008@gmail.com,9856198237
2009,Deepak Verma,Business,India,21,18-25,Male,0,deepak.verma2009@gmail.com,9605527617
2010,Ayush Bose,Leisure,India,49,36-50,Male,0,ayush.bose2010@gmail.com,9795299896
2011,Tanvi Trivedi,Business,India,20,18-25,Female,1,tanvi.trivedi2011@gmail.com,9865911268
2012,Anjali Banerjee,Business,Nepal,29,26-35,Male,1,anjali.banerjee2012@gmail.com,9995569858
2013,Neha Patel,Family,India,58,51-65,Male,0,neha.patel2013@gmail.com,9684205193
2014,Ritu Desai,Business,India,59,51-65,Male,0,ritu.desai2014@gmail.com,9821544753
2015,Sanjay Kulkarni,Leisure,Germany,28,26-35,Female,0,sanjay.kulkarni2015@gmail.com,9813496434
2016,Kritika Rao,Leisure,USA,60,51-65,Male,1,kritika.rao2016@gmail.com,9985888054
2017,Shreyash Gupta,Leisure,Malaysia,35,26-35,Male,1,shreyash.gupta2017@gmail.com,9147790560
2018,Ritu Agarwal,Family,India,62,51-65,Female,1,ritu.agarwal2018@gmail.com,9901900912
2019,Rahul Khanna,Business,India,53,51-65,Female,1,rahul.khanna2019@gmail.com,9600634572
2020,Rohan Pandey,Couple,Australia,23,18-25,Female,1,rohan.pandey2020@gmail.com,9197239910
2021,Divya Das,Family,India,29,26-35,Female,0,divya.das2021@gmail.com,9121590125
2022,Suresh Trivedi,Leisure,India,31,26-35,Female,0,suresh.trivedi2022@gmail.com,9877686250
2023,Kavya Khanna,Family,UAE,59,51-65,Male,0,kavya.khanna2023@gmail.com,9892540084
2024,Rohit Khanna,Business,India,42,36-50,Female,1,rohit.khanna2024@gmail.com,9250781347
2025,Rohan Malhotra,Leisure,India,32,26-35,Male,1,rohan.malhotra2025@gmail.com,9313915836
2026,Divya Khanna,Leisure,India,62,51-65,Female,1,divya.khanna2026@gmail.com,9626010720
2027,Manish Saxena,Couple,India,40,36-50,Female,0,manish.saxena2027@gmail.com,9837703441
2028,Suresh Patel,Family,India,42,36-50,Male,0,suresh.patel2028@gmail.com,9326197454
2029,Shruti Chopra,Leisure,India,69,65+,Female,1,shruti.chopra2029@gmail.com,9851247570
2030,Shreyash Mishra,Couple,India,23,18-25,Male,1,shreyash.mishra2030@gmail.com,9602176380
2031,Deepak Patel,Business,India,51,51-65,Male,0,deepak.patel2031@gmail.com,9601702509
2032,Simran Malhotra,Leisure,India,54,51-65,Female,0,simran.malhotra2032@gmail.com,9136345929
2033,Sanjay Banerjee,Leisure,India,58,51-65,Female,0,sanjay.banerjee2033@gmail.com,9108480736
2034,Suresh Rao,Family,India,39,36-50,Female,0,suresh.rao2034@gmail.com,9207597190
2035,Divya Dixit,Couple,India,37,36-50,Male,0,divya.dixit2035@gmail.com,9299888553
2036,Priya Iyer,Leisure,India,47,36-50,Female,0,priya.iyer2036@gmail.com,9608494141
2037,Kavya Verma,Business,France,41,36-50,Female,0,kavya.verma2037@gmail.com,9530734870
2038,Nisha Patel,Business,India,66,65+,Male,0,nisha.patel2038@gmail.com,9931153961
2039,Ritu Saxena,Business,India,55,51-65,Male,1,ritu.saxena2039@gmail.com,9278654244
2040,Nisha Kulkarni,Leisure,India,62,51-65,Male,0,nisha.kulkarni2040@gmail.com,9709872762
2041,Rohit Gupta,Family,India,39,36-50,Male,0,rohit.gupta2041@gmail.com,9432079935
2042,Anjali Trivedi,Leisure,India,47,36-50,Female,1,anjali.trivedi2042@gmail.com,9100905387
2043,Anjali Shah,Leisure,India,37,36-50,Female,1,anjali.shah2043@gmail.com,9353600185
2044,Meera Rao,Business,India,64,51-65,Male,1,meera.rao2044@gmail.com,9696300619
2045,Tanya Sharma,Family,India,28,26-35,Female,1,tanya.sharma2045@gmail.com,9690374468
2046,Kritika Banerjee,Couple,India,48,36-50,Female,0,kritika.banerjee2046@gmail.com,9858302352
2047,Kavya Mukherjee,Business,India,42,36-50,Male,0,kavya.mukherjee2047@gmail.com,9243372740
2048,Kritika Mukherjee,Couple,India,36,36-50,Female,0,kritika.mukherjee2048@gmail.com,9673501806
2049,Vikram Chopra,Leisure,India,60,51-65,Male,1,vikram.chopra2049@gmail.com,9753395881
2050,Divya Mukherjee,Business,India,41,36-50,Female,0,divya.mukherjee2050@gmail.com,9983945228
2051,Rahul Agarwal,Leisure,India,66,65+,Female,0,rahul.agarwal2051@gmail.com,9793183317
2052,Aditya Gupta,Leisure,India,30,26-35,Male,1,aditya.gupta2052@gmail.com,9567507869
2053,Pooja Malhotra,Business,India,59,51-65,Male,0,pooja.malhotra2053@gmail.com,9405977902
2054,Nisha Kapoor,Family,UK,70,65+,Female,1,nisha.kapoor2054@gmail.com,9552836541
2055,Divya Joshi,Couple,India,61,51-65,Male,0,divya.joshi2055@gmail.com,9188734530
2056,Manish Pillai,Couple,Malaysia,24,18-25,Female,0,manish.pillai2056@gmail.com,9113125946
2057,Suresh Malhotra,Leisure,India,54,51-65,Female,0,suresh.malhotra2057@gmail.com,9112443230
2058,Harsh Bose,Leisure,USA,43,36-50,Female,0,harsh.bose2058@gmail.com,9425294935
2059,Shruti Verma,Couple,Nepal,58,51-65,Male,0,shruti.verma2059@gmail.com,9961590184
2060,Akash Reddy,Leisure,India,67,65+,Female,0,akash.reddy2060@gmail.com,9674477822
2061,Tanya Kumar,Business,India,45,36-50,Female,0,tanya.kumar2061@gmail.com,9185909132
2062,Anjali Sharma,Leisure,India,63,51-65,Female,1,anjali.sharma2062@gmail.com,9972775048
2063,Muskan Das,Couple,India,45,36-50,Male,0,muskan.das2063@gmail.com,9142782651
2064,Neha Desai,Leisure,India,47,36-50,Female,1,neha.desai2064@gmail.com,9743523776
2065,Tanya Verma,Business,India,39,36-50,Female,0,tanya.verma2065@gmail.com,9125265519
2066,Tanvi Verma,Couple,India,36,36-50,Female,0,tanvi.verma2066@gmail.com,9579715798
2067,Sanjay Khanna,Business,India,20,18-25,Male,0,sanjay.khanna2067@gmail.com,9139312208
2068,Tanvi Das,Leisure,India,33,26-35,Male,1,tanvi.das2068@gmail.com,9201546534
2069,Rohit Das,Business,India,58,51-65,Female,0,rohit.das2069@gmail.com,9394952837
2070,Manish Iyer,Leisure,Singapore,57,51-65,Male,0,manish.iyer2070@gmail.com,9996486264
2071,Ishaan Saxena,Couple,India,20,18-25,Male,0,ishaan.saxena2071@gmail.com,9141110761
2072,Anjali Agarwal,Leisure,France,58,51-65,Male,0,anjali.agarwal2072@gmail.com,9878891323
2073,Pooja Malhotra,Business,India,65,51-65,Female,0,pooja.malhotra2073@gmail.com,9124034078
2074,Divya Das,Family,India,64,51-65,Male,0,divya.das2074@gmail.com,9565397586
2075,Neha Trivedi,Family,India,54,51-65,Female,0,neha.trivedi2075@gmail.com,9760975575
2076,Shreyash Mishra,Family,India,62,51-65,Male,0,shreyash.mishra2076@gmail.com,9607792264
2077,Meera Mukherjee,Business,India,35,26-35,Male,1,meera.mukherjee2077@gmail.com,9820952828
2078,Amit Agarwal,Leisure,India,29,26-35,Female,1,amit.agarwal2078@gmail.com,9537209194
2079,Meera Sharma,Family,India,60,51-65,Male,1,meera.sharma2079@gmail.com,9596542483
2080,Ayush Trivedi,Couple,India,38,36-50,Male,1,ayush.trivedi2080@gmail.com,9119405653
2081,Sanjay Mehta,Business,India,57,51-65,Female,0,sanjay.mehta2081@gmail.com,9754248239
2082,Pallavi Saxena,Business,India,58,51-65,Female,0,pallavi.saxena2082@gmail.com,9610674706
2083,Ananya Sharma,Leisure,India,39,36-50,Female,0,ananya.sharma2083@gmail.com,9577152687
2084,Anjali Iyer,Family,India,31,26-35,Male,0,anjali.iyer2084@gmail.com,9374547837
2085,Kritika Patel,Leisure,India,72,65+,Male,0,kritika.patel2085@gmail.com,9702718913
2086,Manish Singh,Leisure,India,65,51-65,Female,0,manish.singh2086@gmail.com,9906227124
2087,Sanjay Iyer,Business,UK,47,36-50,Male,1,sanjay.iyer2087@gmail.com,9728071202
2088,Suresh Agarwal,Couple,India,54,51-65,Female,0,suresh.agarwal2088@gmail.com,9921348247
2089,Priya Mukherjee,Couple,India,53,51-65,Female,0,priya.mukherjee2089@gmail.com,9502958483
2090,Tanvi Gupta,Leisure,India,56,51-65,Male,1,tanvi.gupta2090@gmail.com,9334403617
2091,Meera Kumar,Couple,India,36,36-50,Male,0,meera.kumar2091@gmail.com,9923425368
2092,Kritika Mishra,Family,India,40,36-50,Male,0,kritika.mishra2092@gmail.com,9743438223
2093,Ritu Malhotra,Business,India,58,51-65,Male,0,ritu.malhotra2093@gmail.com,9837492998
2094,Sanjay Reddy,Leisure,India,52,51-65,Female,1,sanjay.reddy2094@gmail.com,9533755155
2095,Harsh Mukherjee,Leisure,India,36,36-50,Female,1,harsh.mukherjee2095@gmail.com,9290725138
2096,Kritika Khanna,Couple,India,52,51-65,Female,0,kritika.khanna2096@gmail.com,9804579307
2097,Divya Pillai,Leisure,India,42,36-50,Female,0,divya.pillai2097@gmail.com,9540549617
2098,Karan Bose,Couple,India,57,51-65,Male,1,karan.bose2098@gmail.com,9765634347
2099,Shreyash Singh,Couple,India,54,51-65,Female,0,shreyash.singh2099@gmail.com,9448987901
2100,Muskan Mehta,Leisure,India,54,51-65,Female,0,muskan.mehta2100@gmail.com,9497602212
2101,Priya Das,Family,India,68,65+,Female,0,priya.das2101@gmail.com,9307266073
2102,Suresh Iyer,Leisure,India,64,51-65,Male,1,suresh.iyer2102@gmail.com,9865355140
2103,Karan Malhotra,Business,India,36,36-50,Male,0,karan.malhotra2103@gmail.com,9322272362
2104,Rohan Iyer,Couple,India,33,26-35,Female,0,rohan.iyer2104@gmail.com,9955507623
2105,Divya Iyer,Couple,India,59,51-65,Male,0,divya.iyer2105@gmail.com,9999661919
2106,Swati Desai,Leisure,India,33,26-35,Female,0,swati.desai2106@gmail.com,9174992570
2107,Rahul Das,Family,India,61,51-65,Female,0,rahul.das2107@gmail.com,9604883307
2108,Gaurav Singh,Family,India,34,26-35,Male,0,gaurav.singh2108@gmail.com,9751736500
2109,Tanvi Banerjee,Leisure,India,46,36-50,Female,0,tanvi.banerjee2109@gmail.com,9164195017
2110,Vishal Trivedi,Family,India,71,65+,Male,0,vishal.trivedi2110@gmail.com,9869469831
2111,Shreyash Bose,Business,India,46,36-50,Female,0,shreyash.bose2111@gmail.com,9211264367
2112,Anjali Desai,Business,India,66,65+,Male,0,anjali.desai2112@gmail.com,9493488269
2113,Nikhil Pillai,Business,India,27,26-35,Male,0,nikhil.pillai2113@gmail.com,9325577036
2114,Deepak Kumar,Family,India,59,51-65,Male,0,deepak.kumar2114@gmail.com,9861371949
2115,Harsh Mukherjee,Couple,India,66,65+,Female,0,harsh.mukherjee2115@gmail.com,9840016544
2116,Akash Malhotra,Business,India,62,51-65,Female,0,akash.malhotra2116@gmail.com,9738262346
2117,Amit Mukherjee,Leisure,India,27,26-35,Female,1,amit.mukherjee2117@gmail.com,9498198359
2118,Rohan Chopra,Couple,Canada,36,36-50,Female,0,rohan.chopra2118@gmail.com,9269975959
2119,Rohan Bose,Business,India,48,36-50,Female,0,rohan.bose2119@gmail.com,9265830066
2120,Rohit Gupta,Family,India,36,36-50,Female,1,rohit.gupta2120@gmail.com,9344725121
2121,Priya Desai,Couple,India,55,51-65,Female,1,priya.desai2121@gmail.com,9112956537
2122,Deepak Chopra,Leisure,France,50,36-50,Female,0,deepak.chopra2122@gmail.com,9282976474
2123,Manish Bose,Family,India,55,51-65,Female,0,manish.bose2123@gmail.com,9505851578
2124,Harsh Bose,Leisure,India,51,51-65,Female,1,harsh.bose2124@gmail.com,9507884854
2125,Rahul Pillai,Family,India,39,36-50,Male,0,rahul.pillai2125@gmail.com,9340851021
2126,Anjali Verma,Couple,India,67,65+,Male,0,anjali.verma2126@gmail.com,9482790534
2127,Harsh Iyer,Couple,India,58,51-65,Male,0,harsh.iyer2127@gmail.com,9979283404
2128,Ishaan Kulkarni,Business,India,65,51-65,Male,0,ishaan.kulkarni2128@gmail.com,9135262255
2129,Kritika Bose,Family,India,39,36-50,Male,1,kritika.bose2129@gmail.com,9674187598
2130,Tanvi Desai,Leisure,India,69,65+,Male,0,tanvi.desai2130@gmail.com,9661511992
2131,Kavya Mehta,Business,India,69,65+,Male,0,kavya.mehta2131@gmail.com,9798798920
2132,Kavya Mehta,Business,Singapore,63,51-65,Female,1,kavya.mehta2132@gmail.com,9754056633
2133,Ritu Mishra,Leisure,India,23,18-25,Male,0,ritu.mishra2133@gmail.com,9168363995
2134,Rohit Reddy,Leisure,India,21,18-25,Male,1,rohit.reddy2134@gmail.com,9728866304
2135,Simran Nair,Couple,India,24,18-25,Male,0,simran.nair2135@gmail.com,9780651069
2136,Vikram Shah,Family,India,25,18-25,Female,1,vikram.shah2136@gmail.com,9311952606
2137,Arjun Mishra,Business,India,31,26-35,Female,0,arjun.mishra2137@gmail.com,9110310578
2138,Simran Rao,Couple,India,64,51-65,Female,0,simran.rao2138@gmail.com,9309163581
2139,Simran Trivedi,Business,India,57,51-65,Female,0,simran.trivedi2139@gmail.com,9370312117
2140,Nikhil Agarwal,Family,India,49,36-50,Male,0,nikhil.agarwal2140@gmail.com,9618917583
2141,Shreyash Khanna,Couple,India,37,36-50,Female,0,shreyash.khanna2141@gmail.com,9367385338
2142,Swati Verma,Leisure,UK,53,51-65,Female,0,swati.verma2142@gmail.com,9219690062
2143,Divya Nair,Couple,India,38,36-50,Female,0,divya.nair2143@gmail.com,9291979848
2144,Vikram Mukherjee,Leisure,India,61,51-65,Female,1,vikram.mukherjee2144@gmail.com,9575880586
2145,Swati Bose,Leisure,UAE,52,51-65,Male,1,swati.bose2145@gmail.com,9216728302
2146,Aditya Shah,Couple,India,50,36-50,Female,0,aditya.shah2146@gmail.com,9669512145
2147,Riya Kumar,Leisure,UAE,37,36-50,Male,0,riya.kumar2147@gmail.com,9265997961
2148,Sanjay Joshi,Leisure,India,67,65+,Female,0,sanjay.joshi2148@gmail.com,9269590180
2149,Muskan Pillai,Leisure,India,38,36-50,Female,0,muskan.pillai2149@gmail.com,9946912399
2150,Nikhil Mukherjee,Couple,France,35,26-35,Male,0,nikhil.mukherjee2150@gmail.com,9606786457
2151,Nisha Chopra,Leisure,India,37,36-50,Female,0,nisha.chopra2151@gmail.com,9990380314
2152,Sanjay Iyer,Business,India,45,36-50,Female,0,sanjay.iyer2152@gmail.com,9106090827
2153,Kritika Patel,Couple,India,40,36-50,Male,0,kritika.patel2153@gmail.com,9923612160
2154,Ritu Sharma,Couple,Germany,30,26-35,Male,0,ritu.sharma2154@gmail.com,9374802025
2155,Vishal Pandey,Business,India,19,18-25,Female,0,vishal.pandey2155@gmail.com,9510605678
2156,Sanjay Mishra,Business,India,65,51-65,Male,0,sanjay.mishra2156@gmail.com,9763095528
2157,Shreyash Iyer,Business,India,24,18-25,Male,1,shreyash.iyer2157@gmail.com,9449484749
2158,Riya Das,Leisure,India,48,36-50,Male,0,riya.das2158@gmail.com,9518826971
2159,Harsh Mehta,Leisure,India,56,51-65,Female,1,harsh.mehta2159@gmail.com,9160252553
2160,Swati Verma,Couple,India,41,36-50,Female,0,swati.verma2160@gmail.com,9219218400
2161,Riya Gupta,Couple,India,38,36-50,Female,0,riya.gupta2161@gmail.com,9261511790
2162,Simran Khanna,Couple,India,30,26-35,Male,0,simran.khanna2162@gmail.com,9452017789
2163,Rohan Mishra,Leisure,India,34,26-35,Female,0,rohan.mishra2163@gmail.com,9250825897
2164,Vikram Desai,Couple,Australia,63,51-65,Female,0,vikram.desai2164@gmail.com,9487867336
2165,Akash Das,Leisure,India,29,26-35,Female,0,akash.das2165@gmail.com,9594784193
2166,Tanya Malhotra,Family,India,61,51-65,Female,1,tanya.malhotra2166@gmail.com,9902783369
2167,Priya Gupta,Couple,India,59,51-65,Female,0,priya.gupta2167@gmail.com,9965505500
2168,Harsh Trivedi,Business,India,71,65+,Male,0,harsh.trivedi2168@gmail.com,9650036781
2169,Tanya Sharma,Couple,India,45,36-50,Male,0,tanya.sharma2169@gmail.com,9957144737
2170,Sanjay Trivedi,Leisure,India,49,36-50,Female,0,sanjay.trivedi2170@gmail.com,9781153731
2171,Vikram Das,Couple,India,54,51-65,Male,0,vikram.das2171@gmail.com,9938150211
2172,Neha Mishra,Business,India,69,65+,Male,0,neha.mishra2172@gmail.com,9602990912
2173,Muskan Bose,Business,India,66,65+,Male,0,muskan.bose2173@gmail.com,9562725525
2174,Ritu Iyer,Family,India,65,51-65,Male,0,ritu.iyer2174@gmail.com,9178410847
2175,Divya Bose,Business,India,39,36-50,Female,0,divya.bose2175@gmail.com,9843658732
2176,Shruti Kulkarni,Couple,India,43,36-50,Female,1,shruti.kulkarni2176@gmail.com,9989297289
2177,Gaurav Sharma,Leisure,India,32,26-35,Female,0,gaurav.sharma2177@gmail.com,9377941235
2178,Aditya Saxena,Couple,UK,67,65+,Female,0,aditya.saxena2178@gmail.com,9801811295
2179,Karan Mukherjee,Couple,India,40,36-50,Male,1,karan.mukherjee2179@gmail.com,9259218523
2180,Meera Khanna,Leisure,India,24,18-25,Male,0,meera.khanna2180@gmail.com,9142361888
2181,Rohit Mishra,Leisure,India,22,18-25,Female,0,rohit.mishra2181@gmail.com,9347072130
2182,Meera Shah,Business,India,28,26-35,Female,0,meera.shah2182@gmail.com,9350159135
2183,Meera Mukherjee,Business,India,19,18-25,Male,0,meera.mukherjee2183@gmail.com,9572060870
2184,Neha Pandey,Leisure,India,19,18-25,Female,0,neha.pandey2184@gmail.com,9894475285
2185,Meera Kapoor,Couple,India,46,36-50,Female,0,meera.kapoor2185@gmail.com,9320795960
2186,Gaurav Saxena,Family,India,23,18-25,Male,0,gaurav.saxena2186@gmail.com,9720948691
2187,Ishaan Kumar,Family,India,66,65+,Male,1,ishaan.kumar2187@gmail.com,9625176174
2188,Ayush Chopra,Couple,India,44,36-50,Male,1,ayush.chopra2188@gmail.com,9197486070
2189,Shreyash Chopra,Couple,India,34,26-35,Male,0,shreyash.chopra2189@gmail.com,9117336060
2190,Rahul Kapoor,Couple,India,43,36-50,Male,0,rahul.kapoor2190@gmail.com,9432840339
2191,Vikram Rao,Leisure,India,37,36-50,Male,0,vikram.rao2191@gmail.com,9190679079
2192,Gaurav Kulkarni,Family,India,19,18-25,Female,0,gaurav.kulkarni2192@gmail.com,9447109525
2193,Amit Gupta,Couple,India,29,26-35,Male,1,amit.gupta2193@gmail.com,9267244216
2194,Rohit Banerjee,Leisure,India,66,65+,Male,1,rohit.banerjee2194@gmail.com,9961549262
2195,Meera Desai,Business,Nepal,60,51-65,Female,0,meera.desai2195@gmail.com,9545470111
2196,Suresh Rao,Leisure,India,29,26-35,Male,0,suresh.rao2196@gmail.com,9970074123
2197,Divya Chopra,Leisure,India,68,65+,Male,1,divya.chopra2197@gmail.com,9319125903
2198,Nisha Kapoor,Family,India,41,36-50,Female,0,nisha.kapoor2198@gmail.com,9130578211
2199,Priya Malhotra,Leisure,India,48,36-50,Male,0,priya.malhotra2199@gmail.com,9254984763
2200,Nikhil Patel,Leisure,India,42,36-50,Male,1,nikhil.patel2200@gmail.com,9116040051
2201,Manish Kulkarni,Family,India,23,18-25,Female,0,manish.kulkarni2201@gmail.com,9220699944
2202,Riya Iyer,Business,India,72,65+,Female,1,riya.iyer2202@gmail.com,9747757401
2203,Rahul Khanna,Leisure,India,48,36-50,Female,1,rahul.khanna2203@gmail.com,9804776508
2204,Tanvi Chopra,Business,India,60,51-65,Male,0,tanvi.chopra2204@gmail.com,9903930813
2205,Rohan Shah,Couple,India,32,26-35,Male,0,rohan.shah2205@gmail.com,9253110789
2206,Aditya Pillai,Family,India,65,51-65,Male,0,aditya.pillai2206@gmail.com,9403117074
2207,Muskan Kumar,Leisure,India,32,26-35,Female,1,muskan.kumar2207@gmail.com,9807992462
2208,Nisha Malhotra,Family,Germany,47,36-50,Female,0,nisha.malhotra2208@gmail.com,9241419420
2209,Sanjay Rao,Leisure,India,60,51-65,Male,0,sanjay.rao2209@gmail.com,9136749147
2210,Gaurav Bose,Family,India,68,65+,Male,0,gaurav.bose2210@gmail.com,9115377844
2211,Anjali Bose,Couple,India,71,65+,Male,1,anjali.bose2211@gmail.com,9446316507
2212,Rahul Saxena,Couple,India,48,36-50,Female,1,rahul.saxena2212@gmail.com,9977235777
2213,Rohan Kapoor,Business,India,31,26-35,Female,0,rohan.kapoor2213@gmail.com,9686133574
2214,Akash Kumar,Family,India,59,51-65,Female,0,akash.kumar2214@gmail.com,9300058933
2215,Deepak Malhotra,Couple,India,67,65+,Female,0,deepak.malhotra2215@gmail.com,9817273153
2216,Swati Mukherjee,Leisure,India,34,26-35,Male,0,swati.mukherjee2216@gmail.com,9557966476
2217,Priya Mishra,Couple,India,24,18-25,Male,0,priya.mishra2217@gmail.com,9991289421
2218,Neha Kumar,Leisure,India,63,51-65,Female,1,neha.kumar2218@gmail.com,9473258690
2219,Nisha Iyer,Family,India,53,51-65,Male,0,nisha.iyer2219@gmail.com,9641942969
2220,Divya Kapoor,Business,India,30,26-35,Male,0,divya.kapoor2220@gmail.com,9338217239
2221,Priya Shah,Couple,Malaysia,65,51-65,Female,0,priya.shah2221@gmail.com,9937451724
2222,Anjali Saxena,Leisure,India,51,51-65,Male,0,anjali.saxena2222@gmail.com,9489399078
2223,Tanvi Mehta,Business,Singapore,51,51-65,Male,0,tanvi.mehta2223@gmail.com,9207522432
2224,Suresh Bose,Business,India,72,65+,Male,0,suresh.bose2224@gmail.com,9906491970
2225,Anjali Mishra,Business,India,45,36-50,Male,1,anjali.mishra2225@gmail.com,9530433938
2226,Vishal Kapoor,Leisure,India,44,36-50,Female,0,vishal.kapoor2226@gmail.com,9246157602
2227,Nisha Sharma,Leisure,India,34,26-35,Female,1,nisha.sharma2227@gmail.com,9887547201
2228,Muskan Agarwal,Leisure,India,21,18-25,Female,1,muskan.agarwal2228@gmail.com,9616396932
2229,Suresh Mukherjee,Leisure,India,43,36-50,Male,0,suresh.mukherjee2229@gmail.com,9519832695
2230,Simran Shah,Leisure,India,71,65+,Female,1,simran.shah2230@gmail.com,9396586682
2231,Rohit Kulkarni,Couple,India,25,18-25,Male,1,rohit.kulkarni2231@gmail.com,9252909891
2232,Ritu Mukherjee,Business,India,18,18-25,Male,0,ritu.mukherjee2232@gmail.com,9662899443
2233,Arjun Mukherjee,Family,India,56,51-65,Female,1,arjun.mukherjee2233@gmail.com,9570590964
2234,Nisha Pandey,Family,India,52,51-65,Female,1,nisha.pandey2234@gmail.com,9909870047
2235,Swati Kulkarni,Couple,India,20,18-25,Female,0,swati.kulkarni2235@gmail.com,9374289896
2236,Neha Bose,Leisure,India,45,36-50,Male,0,neha.bose2236@gmail.com,9842424736
2237,Harsh Mukherjee,Family,India,32,26-35,Male,1,harsh.mukherjee2237@gmail.com,9885720569
2238,Ayush Agarwal,Business,India,33,26-35,Female,0,ayush.agarwal2238@gmail.com,9564368978
2239,Nikhil Patel,Business,India,24,18-25,Female,0,nikhil.patel2239@gmail.com,9886454293
2240,Ritu Kulkarni,Business,India,58,51-65,Female,0,ritu.kulkarni2240@gmail.com,9997966258
2241,Deepak Chopra,Couple,India,18,18-25,Male,0,deepak.chopra2241@gmail.com,9621354015
2242,Kavya Saxena,Business,India,32,26-35,Female,0,kavya.saxena2242@gmail.com,9211632051
2243,Harsh Mishra,Leisure,India,71,65+,Female,0,harsh.mishra2243@gmail.com,9816783908
2244,Gaurav Patel,Family,India,24,18-25,Male,0,gaurav.patel2244@gmail.com,9226136059
2245,Kavya Chopra,Family,India,61,51-65,Female,0,kavya.chopra2245@gmail.com,9871256936
2246,Amit Chopra,Leisure,India,68,65+,Female,0,amit.chopra2246@gmail.com,9715624421
2247,Ishaan Patel,Business,India,70,65+,Female,0,ishaan.patel2247@gmail.com,9127531354
2248,Meera Saxena,Couple,India,19,18-25,Female,1,meera.saxena2248@gmail.com,9542536154
2249,Priya Das,Leisure,India,72,65+,Female,0,priya.das2249@gmail.com,9833378225
2250,Manish Chopra,Business,India,35,26-35,Female,0,manish.chopra2250@gmail.com,9448442536
2251,Pallavi Banerjee,Business,India,34,26-35,Male,1,pallavi.banerjee2251@gmail.com,9927649755
2252,Ananya Bose,Family,India,65,51-65,Female,0,ananya.bose2252@gmail.com,9938558242
2253,Divya Desai,Couple,India,72,65+,Male,0,divya.desai2253@gmail.com,9761857388
2254,Tanvi Das,Couple,India,38,36-50,Female,1,tanvi.das2254@gmail.com,9875177891
2255,Pooja Bose,Family,India,38,36-50,Female,0,pooja.bose2255@gmail.com,9912354926
2256,Gaurav Shah,Leisure,India,72,65+,Female,0,gaurav.shah2256@gmail.com,9965325849
2257,Akash Kulkarni,Leisure,India,66,65+,Male,0,akash.kulkarni2257@gmail.com,9446560674
2258,Priya Kumar,Leisure,India,55,51-65,Female,0,priya.kumar2258@gmail.com,9851864410
2259,Ananya Khanna,Leisure,India,52,51-65,Male,0,ananya.khanna2259@gmail.com,9846933565
2260,Vikram Shah,Leisure,India,23,18-25,Female,0,vikram.shah2260@gmail.com,9256514450
2261,Swati Mishra,Couple,India,43,36-50,Male,0,swati.mishra2261@gmail.com,9211267593
2262,Vishal Agarwal,Couple,India,23,18-25,Female,0,vishal.agarwal2262@gmail.com,9575169464
2263,Amit Mehta,Family,India,27,26-35,Female,1,amit.mehta2263@gmail.com,9341021325
2264,Aditya Mehta,Leisure,India,46,36-50,Male,1,aditya.mehta2264@gmail.com,9418679207
2265,Kavya Sharma,Couple,India,48,36-50,Female,0,kavya.sharma2265@gmail.com,9691874571
2266,Rohan Shah,Couple,India,29,26-35,Female,0,rohan.shah2266@gmail.com,9515649533
2267,Deepak Banerjee,Leisure,India,69,65+,Female,0,deepak.banerjee2267@gmail.com,9491394490
2268,Kavya Malhotra,Couple,India,40,36-50,Male,0,kavya.malhotra2268@gmail.com,9244410546
2269,Sanjay Desai,Business,Australia,33,26-35,Male,1,sanjay.desai2269@gmail.com,9942048319
2270,Shreyash Banerjee,Leisure,India,52,51-65,Female,1,shreyash.banerjee2270@gmail.com,9987226166
2271,Ayush Mehta,Business,France,40,36-50,Male,0,ayush.mehta2271@gmail.com,9716606071
2272,Sneha Iyer,Leisure,India,46,36-50,Female,0,sneha.iyer2272@gmail.com,9169425739
2273,Suresh Sharma,Leisure,India,46,36-50,Male,0,suresh.sharma2273@gmail.com,9611773745
2274,Anjali Singh,Couple,UAE,40,36-50,Male,0,anjali.singh2274@gmail.com,9396449785
2275,Rohan Verma,Family,Malaysia,19,18-25,Female,0,rohan.verma2275@gmail.com,9920730879
2276,Rohit Kapoor,Couple,India,60,51-65,Female,0,rohit.kapoor2276@gmail.com,9848619208
2277,Nisha Malhotra,Couple,India,54,51-65,Female,1,nisha.malhotra2277@gmail.com,9679404629
2278,Simran Malhotra,Leisure,India,57,51-65,Male,0,simran.malhotra2278@gmail.com,9484774860
2279,Simran Kumar,Couple,India,57,51-65,Male,0,simran.kumar2279@gmail.com,9884239926
2280,Suresh Das,Business,India,33,26-35,Male,0,suresh.das2280@gmail.com,9131662023
2281,Harsh Das,Leisure,India,39,36-50,Male,1,harsh.das2281@gmail.com,9533314189
2282,Rohan Banerjee,Leisure,UAE,42,36-50,Female,0,rohan.banerjee2282@gmail.com,9609391242
2283,Rohit Desai,Leisure,India,29,26-35,Male,0,rohit.desai2283@gmail.com,9290493557
2284,Shruti Kulkarni,Business,India,49,36-50,Male,1,shruti.kulkarni2284@gmail.com,9531029772
2285,Karan Mehta,Business,India,59,51-65,Male,0,karan.mehta2285@gmail.com,9907255627
2286,Arjun Reddy,Leisure,India,19,18-25,Male,0,arjun.reddy2286@gmail.com,9163507748
2287,Tanya Kumar,Family,India,18,18-25,Male,1,tanya.kumar2287@gmail.com,9513125946
2288,Nisha Sharma,Leisure,India,54,51-65,Female,0,nisha.sharma2288@gmail.com,9285105531
2289,Karan Bose,Leisure,India,49,36-50,Male,0,karan.bose2289@gmail.com,9470707181
2290,Arjun Desai,Business,UAE,27,26-35,Female,0,arjun.desai2290@gmail.com,9573195431
2291,Divya Reddy,Couple,India,70,65+,Female,1,divya.reddy2291@gmail.com,9141633567
2292,Tanvi Kulkarni,Leisure,India,69,65+,Female,0,tanvi.kulkarni2292@gmail.com,9215722444
2293,Manish Pillai,Business,India,55,51-65,Male,0,manish.pillai2293@gmail.com,9634348745
2294,Karan Agarwal,Leisure,India,57,51-65,Female,0,karan.agarwal2294@gmail.com,9807046107
2295,Ananya Pandey,Business,India,68,65+,Female,0,ananya.pandey2295@gmail.com,9818016609
2296,Ananya Singh,Business,India,33,26-35,Female,1,ananya.singh2296@gmail.com,9977875748
2297,Harsh Shah,Business,India,20,18-25,Female,1,harsh.shah2297@gmail.com,9615850694
2298,Simran Kumar,Business,India,23,18-25,Female,0,simran.kumar2298@gmail.com,9704513096
2299,Rohan Banerjee,Business,India,51,51-65,Female,0,rohan.banerjee2299@gmail.com,9790629137
2300,Karan Khanna,Leisure,India,26,26-35,Female,0,karan.khanna2300@gmail.com,9414562491
2301,Shruti Kapoor,Couple,India,42,36-50,Male,0,shruti.kapoor2301@gmail.com,9627464296
2302,Arjun Malhotra,Leisure,India,48,36-50,Female,0,arjun.malhotra2302@gmail.com,9944347580
2303,Vishal Mukherjee,Leisure,UAE,62,51-65,Male,0,vishal.mukherjee2303@gmail.com,9144702604
2304,Karan Singh,Leisure,India,55,51-65,Male,0,karan.singh2304@gmail.com,9893771221
2305,Sneha Mishra,Family,India,21,18-25,Female,0,sneha.mishra2305@gmail.com,9477705443
2306,Tanvi Patel,Leisure,UAE,45,36-50,Male,0,tanvi.patel2306@gmail.com,9831361407
2307,Amit Dixit,Business,India,24,18-25,Female,0,amit.dixit2307@gmail.com,9337905905
2308,Sanjay Singh,Couple,Canada,31,26-35,Female,1,sanjay.singh2308@gmail.com,9787646966
2309,Muskan Sharma,Business,India,42,36-50,Male,0,muskan.sharma2309@gmail.com,9224909482
2310,Vishal Sharma,Leisure,India,60,51-65,Female,0,vishal.sharma2310@gmail.com,9518668865
2311,Aditya Chopra,Leisure,India,20,18-25,Male,1,aditya.chopra2311@gmail.com,9364326419
2312,Muskan Pillai,Family,India,45,36-50,Female,1,muskan.pillai2312@gmail.com,9801514571
2313,Ritu Rao,Leisure,Singapore,18,18-25,Female,0,ritu.rao2313@gmail.com,9504942146
2314,Ritu Pandey,Couple,India,70,65+,Female,1,ritu.pandey2314@gmail.com,9111198809
2315,Kritika Patel,Family,Australia,67,65+,Female,1,kritika.patel2315@gmail.com,9840344312
2316,Aditya Singh,Business,India,25,18-25,Male,1,aditya.singh2316@gmail.com,9949533843
2317,Harsh Singh,Leisure,India,52,51-65,Female,1,harsh.singh2317@gmail.com,9894668747
2318,Deepak Pillai,Leisure,Canada,62,51-65,Female,0,deepak.pillai2318@gmail.com,9407561494
2319,Vishal Desai,Leisure,India,34,26-35,Male,0,vishal.desai2319@gmail.com,9524027345
2320,Karan Singh,Leisure,India,72,65+,Female,1,karan.singh2320@gmail.com,9656440452
2321,Amit Nair,Family,India,24,18-25,Male,1,amit.nair2321@gmail.com,9994528661
2322,Gaurav Joshi,Couple,India,66,65+,Male,1,gaurav.joshi2322@gmail.com,9760695708
2323,Tanya Iyer,Couple,Nepal,27,26-35,Female,0,tanya.iyer2323@gmail.com,9144079149
2324,Shreyash Mukherjee,Leisure,India,67,65+,Male,0,shreyash.mukherjee2324@gmail.com,9146984680
2325,Rohan Sharma,Couple,India,39,36-50,Female,0,rohan.sharma2325@gmail.com,9475935498
2326,Pallavi Shah,Family,India,21,18-25,Female,0,pallavi.shah2326@gmail.com,9413323876
2327,Shreyash Singh,Couple,India,29,26-35,Male,0,shreyash.singh2327@gmail.com,9874362292
2328,Akash Sharma,Business,India,22,18-25,Male,0,akash.sharma2328@gmail.com,9409029918
2329,Ananya Joshi,Couple,India,53,51-65,Female,1,ananya.joshi2329@gmail.com,9835258495
2330,Vikram Rao,Business,India,52,51-65,Male,0,vikram.rao2330@gmail.com,9282445097
2331,Sanjay Chopra,Leisure,India,27,26-35,Male,0,sanjay.chopra2331@gmail.com,9106336800
2332,Gaurav Sharma,Business,India,21,18-25,Female,0,gaurav.sharma2332@gmail.com,9228464715
2333,Aditya Mukherjee,Couple,India,20,18-25,Male,1,aditya.mukherjee2333@gmail.com,9984761546
2334,Riya Dixit,Couple,India,59,51-65,Female,0,riya.dixit2334@gmail.com,9761477677
2335,Gaurav Iyer,Business,India,61,51-65,Female,0,gaurav.iyer2335@gmail.com,9470597962
2336,Pallavi Nair,Leisure,India,47,36-50,Female,1,pallavi.nair2336@gmail.com,9408017346
2337,Divya Kapoor,Leisure,India,28,26-35,Female,0,divya.kapoor2337@gmail.com,9563573628
2338,Nisha Gupta,Leisure,India,47,36-50,Female,0,nisha.gupta2338@gmail.com,9681429608
2339,Aditya Kapoor,Business,India,71,65+,Female,1,aditya.kapoor2339@gmail.com,9535716227
2340,Nikhil Kulkarni,Leisure,India,47,36-50,Female,0,nikhil.kulkarni2340@gmail.com,9517087338
2341,Pallavi Chopra,Couple,India,38,36-50,Female,1,pallavi.chopra2341@gmail.com,9669015275
2342,Meera Mehta,Business,India,63,51-65,Male,0,meera.mehta2342@gmail.com,9883087208
2343,Muskan Chopra,Business,India,53,51-65,Female,0,muskan.chopra2343@gmail.com,9429530273
2344,Meera Kapoor,Leisure,India,48,36-50,Male,0,meera.kapoor2344@gmail.com,9585674703
2345,Nisha Kulkarni,Family,India,44,36-50,Male,1,nisha.kulkarni2345@gmail.com,9462584525
2346,Ananya Kulkarni,Couple,India,60,51-65,Female,0,ananya.kulkarni2346@gmail.com,9563624345
2347,Divya Iyer,Couple,India,62,51-65,Male,0,divya.iyer2347@gmail.com,9816178863
2348,Divya Verma,Leisure,UAE,54,51-65,Male,0,divya.verma2348@gmail.com,9717475789
2349,Karan Gupta,Leisure,India,38,36-50,Female,1,karan.gupta2349@gmail.com,9892921493
2350,Rohit Mukherjee,Business,India,38,36-50,Male,0,rohit.mukherjee2350@gmail.com,9944994295
2351,Vikram Singh,Couple,India,18,18-25,Male,0,vikram.singh2351@gmail.com,9196579827
2352,Sanjay Dixit,Family,India,30,26-35,Male,0,sanjay.dixit2352@gmail.com,9430242008
2353,Vikram Chopra,Couple,India,38,36-50,Female,0,vikram.chopra2353@gmail.com,9855488200
2354,Divya Khanna,Family,India,24,18-25,Male,0,divya.khanna2354@gmail.com,9263226903
2355,Suresh Rao,Couple,India,52,51-65,Female,1,suresh.rao2355@gmail.com,9693050376
2356,Riya Banerjee,Business,India,62,51-65,Male,0,riya.banerjee2356@gmail.com,9812824006
2357,Anjali Dixit,Family,India,24,18-25,Male,1,anjali.dixit2357@gmail.com,9509041030
2358,Riya Kapoor,Business,India,28,26-35,Male,0,riya.kapoor2358@gmail.com,9978268954
2359,Tanya Dixit,Leisure,India,55,51-65,Male,0,tanya.dixit2359@gmail.com,9121320928
2360,Harsh Pillai,Business,India,40,36-50,Female,0,harsh.pillai2360@gmail.com,9497250289
2361,Vikram Joshi,Business,India,57,51-65,Female,0,vikram.joshi2361@gmail.com,9260509374
2362,Neha Dixit,Leisure,USA,30,26-35,Female,0,neha.dixit2362@gmail.com,9951243045
2363,Pooja Chopra,Leisure,India,69,65+,Female,1,pooja.chopra2363@gmail.com,9733854211
2364,Nikhil Joshi,Leisure,India,72,65+,Female,1,nikhil.joshi2364@gmail.com,9400911674
2365,Ishaan Kulkarni,Leisure,India,49,36-50,Female,0,ishaan.kulkarni2365@gmail.com,9155846463
2366,Kavya Banerjee,Business,India,34,26-35,Female,0,kavya.banerjee2366@gmail.com,9462407010
2367,Amit Verma,Business,India,47,36-50,Male,0,amit.verma2367@gmail.com,9133687368
2368,Rohit Desai,Leisure,India,18,18-25,Male,0,rohit.desai2368@gmail.com,9314364386
2369,Riya Kapoor,Leisure,India,20,18-25,Female,0,riya.kapoor2369@gmail.com,9460385246
2370,Tanya Trivedi,Couple,India,72,65+,Female,0,tanya.trivedi2370@gmail.com,9467357881
2371,Rohit Chopra,Couple,France,34,26-35,Male,0,rohit.chopra2371@gmail.com,9386337455
2372,Pooja Dixit,Couple,India,60,51-65,Male,0,pooja.dixit2372@gmail.com,9442109092
2373,Shreyash Kulkarni,Couple,India,19,18-25,Male,0,shreyash.kulkarni2373@gmail.com,9214943641
2374,Kavya Singh,Leisure,India,41,36-50,Male,1,kavya.singh2374@gmail.com,9960557964
2375,Kavya Mukherjee,Couple,India,22,18-25,Male,0,kavya.mukherjee2375@gmail.com,9890814637
2376,Swati Desai,Leisure,India,22,18-25,Male,0,swati.desai2376@gmail.com,9594740501
2377,Swati Trivedi,Leisure,USA,24,18-25,Male,1,swati.trivedi2377@gmail.com,9248944032
2378,Karan Dixit,Couple,India,29,26-35,Male,0,karan.dixit2378@gmail.com,9198339644
2379,Rahul Rao,Leisure,UAE,32,26-35,Male,1,rahul.rao2379@gmail.com,9185267939
2380,Gaurav Malhotra,Couple,India,51,51-65,Male,0,gaurav.malhotra2380@gmail.com,9311848994
2381,Harsh Agarwal,Couple,Germany,29,26-35,Female,0,harsh.agarwal2381@gmail.com,9826020552
2382,Simran Desai,Family,India,46,36-50,Male,0,simran.desai2382@gmail.com,9185425073
2383,Divya Shah,Family,India,27,26-35,Male,0,divya.shah2383@gmail.com,9854698869
2384,Vikram Shah,Leisure,India,72,65+,Female,0,vikram.shah2384@gmail.com,9344507704
2385,Suresh Kapoor,Leisure,India,71,65+,Female,0,suresh.kapoor2385@gmail.com,9644016077
2386,Vishal Shah,Leisure,India,34,26-35,Female,0,vishal.shah2386@gmail.com,9669674636
2387,Rahul Bose,Leisure,UAE,34,26-35,Female,0,rahul.bose2387@gmail.com,9169420993
2388,Sneha Singh,Couple,India,40,36-50,Male,0,sneha.singh2388@gmail.com,9978002461
2389,Shruti Singh,Couple,UK,66,65+,Female,1,shruti.singh2389@gmail.com,9899152426
2390,Pooja Malhotra,Couple,India,67,65+,Female,0,pooja.malhotra2390@gmail.com,9750158037
2391,Vikram Saxena,Leisure,India,64,51-65,Female,0,vikram.saxena2391@gmail.com,9896923287
2392,Riya Chopra,Business,India,37,36-50,Female,0,riya.chopra2392@gmail.com,9899904758
2393,Karan Mehta,Leisure,India,28,26-35,Male,0,karan.mehta2393@gmail.com,9539946808
2394,Pallavi Kulkarni,Business,India,38,36-50,Female,0,pallavi.kulkarni2394@gmail.com,9598637732
2395,Akash Gupta,Family,India,65,51-65,Female,0,akash.gupta2395@gmail.com,9126285005
2396,Rohit Trivedi,Leisure,India,42,36-50,Male,0,rohit.trivedi2396@gmail.com,9114978878
2397,Shruti Trivedi,Business,India,29,26-35,Male,0,shruti.trivedi2397@gmail.com,9297471450
2398,Meera Kumar,Business,India,43,36-50,Female,1,meera.kumar2398@gmail.com,9462189456
2399,Karan Sharma,Couple,India,43,36-50,Male,0,karan.sharma2399@gmail.com,9689837130
2400,Ritu Mehta,Couple,India,49,36-50,Female,0,ritu.mehta2400@gmail.com,9271606116
2401,Harsh Pillai,Leisure,India,40,36-50,Male,1,harsh.pillai2401@gmail.com,9447121938
2402,Riya Agarwal,Business,India,27,26-35,Male,0,riya.agarwal2402@gmail.com,9630677125
2403,Meera Rao,Leisure,India,18,18-25,Female,0,meera.rao2403@gmail.com,9463548050
2404,Nisha Pillai,Leisure,India,45,36-50,Male,0,nisha.pillai2404@gmail.com,9668693102
2405,Vishal Malhotra,Couple,France,41,36-50,Male,0,vishal.malhotra2405@gmail.com,9608441503
2406,Vikram Sharma,Couple,India,41,36-50,Female,1,vikram.sharma2406@gmail.com,9450255245
2407,Aditya Dixit,Leisure,India,58,51-65,Female,0,aditya.dixit2407@gmail.com,9695922147
2408,Swati Saxena,Business,India,62,51-65,Male,0,swati.saxena2408@gmail.com,9445565285
2409,Rohan Dixit,Family,India,63,51-65,Male,0,rohan.dixit2409@gmail.com,9367468084
2410,Harsh Saxena,Leisure,India,19,18-25,Female,0,harsh.saxena2410@gmail.com,9202631097
2411,Gaurav Mukherjee,Couple,India,57,51-65,Female,1,gaurav.mukherjee2411@gmail.com,9627143325
2412,Pallavi Agarwal,Business,Malaysia,35,26-35,Male,0,pallavi.agarwal2412@gmail.com,9934762567
2413,Karan Trivedi,Leisure,India,63,51-65,Male,0,karan.trivedi2413@gmail.com,9935112665
2414,Sneha Nair,Business,India,32,26-35,Male,0,sneha.nair2414@gmail.com,9985661745
2415,Muskan Nair,Leisure,India,27,26-35,Female,0,muskan.nair2415@gmail.com,9620440200
2416,Sanjay Agarwal,Family,India,30,26-35,Male,0,sanjay.agarwal2416@gmail.com,9741654357
2417,Ayush Kumar,Leisure,India,64,51-65,Male,0,ayush.kumar2417@gmail.com,9309318542
2418,Ishaan Trivedi,Business,India,36,36-50,Male,0,ishaan.trivedi2418@gmail.com,9554183477
2419,Rahul Khanna,Business,India,31,26-35,Male,0,rahul.khanna2419@gmail.com,9130946562
2420,Nikhil Singh,Leisure,India,47,36-50,Male,0,nikhil.singh2420@gmail.com,9510190265
2421,Ananya Joshi,Business,India,46,36-50,Female,1,ananya.joshi2421@gmail.com,9393724281
2422,Pallavi Verma,Business,India,63,51-65,Female,0,pallavi.verma2422@gmail.com,9729728465
2423,Rohit Malhotra,Couple,India,25,18-25,Male,0,rohit.malhotra2423@gmail.com,9693323022
2424,Riya Chopra,Leisure,India,38,36-50,Female,0,riya.chopra2424@gmail.com,9775265863
2425,Shruti Bose,Leisure,India,43,36-50,Male,0,shruti.bose2425@gmail.com,9997726891
2426,Amit Bose,Family,India,38,36-50,Male,0,amit.bose2426@gmail.com,9159978336
2427,Rohit Nair,Business,India,22,18-25,Male,1,rohit.nair2427@gmail.com,9661331376
2428,Suresh Banerjee,Family,India,23,18-25,Female,0,suresh.banerjee2428@gmail.com,9463094446
2429,Pooja Rao,Leisure,India,66,65+,Male,0,pooja.rao2429@gmail.com,9685308891
2430,Sneha Reddy,Family,India,59,51-65,Female,0,sneha.reddy2430@gmail.com,9688515227
2431,Pooja Pandey,Couple,India,46,36-50,Male,1,pooja.pandey2431@gmail.com,9379983216
2432,Aditya Mehta,Couple,India,59,51-65,Male,1,aditya.mehta2432@gmail.com,9848707043
2433,Aditya Nair,Family,India,20,18-25,Male,0,aditya.nair2433@gmail.com,9263886015
2434,Rohit Reddy,Leisure,India,38,36-50,Female,0,rohit.reddy2434@gmail.com,9819689421
2435,Kritika Sharma,Family,India,66,65+,Female,0,kritika.sharma2435@gmail.com,9819022698
2436,Nikhil Mishra,Leisure,India,20,18-25,Male,0,nikhil.mishra2436@gmail.com,9324236606
2437,Aditya Saxena,Leisure,India,18,18-25,Female,0,aditya.saxena2437@gmail.com,9724470223
2438,Tanya Reddy,Leisure,India,43,36-50,Male,1,tanya.reddy2438@gmail.com,9107891939
2439,Muskan Khanna,Leisure,India,53,51-65,Female,0,muskan.khanna2439@gmail.com,9271651932
2440,Karan Mukherjee,Business,India,34,26-35,Female,1,karan.mukherjee2440@gmail.com,9379539935
2441,Kritika Kumar,Leisure,India,36,36-50,Female,1,kritika.kumar2441@gmail.com,9747861303
2442,Shreyash Mukherjee,Leisure,India,31,26-35,Male,1,shreyash.mukherjee2442@gmail.com,9516023480
2443,Arjun Das,Couple,India,30,26-35,Female,0,arjun.das2443@gmail.com,9823923536
2444,Meera Kulkarni,Couple,India,70,65+,Female,0,meera.kulkarni2444@gmail.com,9158376718
2445,Aditya Saxena,Leisure,India,31,26-35,Male,0,aditya.saxena2445@gmail.com,9332383018
2446,Divya Desai,Leisure,India,31,26-35,Female,0,divya.desai2446@gmail.com,9517225705
2447,Sanjay Iyer,Leisure,India,56,51-65,Male,0,sanjay.iyer2447@gmail.com,9615584596
2448,Ananya Agarwal,Business,India,68,65+,Male,1,ananya.agarwal2448@gmail.com,9215171252
2449,Rahul Desai,Business,India,57,51-65,Male,0,rahul.desai2449@gmail.com,9394453633
2450,Rahul Khanna,Leisure,India,42,36-50,Male,1,rahul.khanna2450@gmail.com,9495190429
2451,Meera Bose,Leisure,India,45,36-50,Female,1,meera.bose2451@gmail.com,9548273280
2452,Priya Khanna,Family,India,25,18-25,Female,1,priya.khanna2452@gmail.com,9590622322
2453,Meera Kumar,Leisure,India,65,51-65,Male,0,meera.kumar2453@gmail.com,9611643148
2454,Divya Sharma,Leisure,India,23,18-25,Male,0,divya.sharma2454@gmail.com,9722530817
2455,Ananya Verma,Leisure,India,19,18-25,Female,1,ananya.verma2455@gmail.com,9842816227
2456,Anjali Shah,Business,India,43,36-50,Female,1,anjali.shah2456@gmail.com,9634104348
2457,Shruti Pandey,Leisure,India,44,36-50,Male,0,shruti.pandey2457@gmail.com,9719292065
2458,Amit Pillai,Couple,India,67,65+,Female,0,amit.pillai2458@gmail.com,9871881681
2459,Riya Shah,Leisure,India,19,18-25,Female,0,riya.shah2459@gmail.com,9301938429
2460,Kavya Banerjee,Leisure,India,69,65+,Male,0,kavya.banerjee2460@gmail.com,9147376817
2461,Rohan Pandey,Family,India,53,51-65,Female,0,rohan.pandey2461@gmail.com,9868336705
2462,Sneha Khanna,Family,India,23,18-25,Female,0,sneha.khanna2462@gmail.com,9607316366
2463,Tanvi Joshi,Couple,India,60,51-65,Female,0,tanvi.joshi2463@gmail.com,9680644162
2464,Anjali Malhotra,Leisure,Nepal,58,51-65,Female,0,anjali.malhotra2464@gmail.com,9722997665
2465,Kritika Chopra,Couple,India,40,36-50,Female,1,kritika.chopra2465@gmail.com,9822260967
2466,Harsh Pillai,Business,India,44,36-50,Female,0,harsh.pillai2466@gmail.com,9192820212
2467,Ayush Verma,Leisure,India,39,36-50,Female,0,ayush.verma2467@gmail.com,9584009254
2468,Tanvi Desai,Business,UAE,28,26-35,Male,0,tanvi.desai2468@gmail.com,9771156085
2469,Anjali Agarwal,Leisure,India,52,51-65,Male,0,anjali.agarwal2469@gmail.com,9715997729
2470,Rohit Pandey,Leisure,India,70,65+,Female,1,rohit.pandey2470@gmail.com,9549872125
2471,Neha Reddy,Business,India,20,18-25,Male,0,neha.reddy2471@gmail.com,9373500468
2472,Ananya Pillai,Family,India,65,51-65,Male,0,ananya.pillai2472@gmail.com,9945812471
2473,Swati Nair,Family,India,38,36-50,Female,0,swati.nair2473@gmail.com,9524085631
2474,Ishaan Pillai,Couple,India,32,26-35,Female,0,ishaan.pillai2474@gmail.com,9838520633
2475,Arjun Mehta,Leisure,India,59,51-65,Female,1,arjun.mehta2475@gmail.com,9845115443
2476,Karan Banerjee,Family,India,68,65+,Male,0,karan.banerjee2476@gmail.com,9177531324
2477,Nisha Mehta,Business,India,37,36-50,Male,0,nisha.mehta2477@gmail.com,9203709736
2478,Karan Sharma,Couple,India,19,18-25,Female,1,karan.sharma2478@gmail.com,9299409014
2479,Vikram Singh,Business,India,46,36-50,Male,0,vikram.singh2479@gmail.com,9483878046
2480,Kritika Sharma,Couple,Australia,56,51-65,Female,0,kritika.sharma2480@gmail.com,9502562927
2481,Meera Khanna,Leisure,India,57,51-65,Female,0,meera.khanna2481@gmail.com,9737089884
2482,Amit Pillai,Family,India,20,18-25,Female,0,amit.pillai2482@gmail.com,9133329291
2483,Deepak Banerjee,Family,India,69,65+,Female,0,deepak.banerjee2483@gmail.com,9926552926
2484,Arjun Rao,Business,Singapore,55,51-65,Female,0,arjun.rao2484@gmail.com,9835350127
2485,Harsh Sharma,Leisure,India,20,18-25,Female,0,harsh.sharma2485@gmail.com,9193231525
2486,Riya Verma,Family,India,23,18-25,Male,1,riya.verma2486@gmail.com,9991882236
2487,Arjun Iyer,Leisure,India,65,51-65,Female,1,arjun.iyer2487@gmail.com,9603885031
2488,Amit Malhotra,Family,India,53,51-65,Female,1,amit.malhotra2488@gmail.com,9540886010
2489,Arjun Sharma,Leisure,UAE,26,26-35,Male,0,arjun.sharma2489@gmail.com,9577203049
2490,Vikram Reddy,Leisure,India,47,36-50,Female,0,vikram.reddy2490@gmail.com,9516803068
2491,Tanvi Bose,Leisure,France,21,18-25,Female,0,tanvi.bose2491@gmail.com,9849704323
2492,Ishaan Nair,Business,India,46,36-50,Female,0,ishaan.nair2492@gmail.com,9142752637
2493,Vishal Agarwal,Couple,India,45,36-50,Male,0,vishal.agarwal2493@gmail.com,9999123955
2494,Vikram Shah,Leisure,India,49,36-50,Male,1,vikram.shah2494@gmail.com,9932944604
2495,Divya Mukherjee,Leisure,India,20,18-25,Female,1,divya.mukherjee2495@gmail.com,9465147820
2496,Simran Desai,Leisure,India,32,26-35,Female,0,simran.desai2496@gmail.com,9224650196
2497,Arjun Joshi,Leisure,India,26,26-35,Male,0,arjun.joshi2497@gmail.com,9493714969
2498,Shruti Sharma,Family,Germany,51,51-65,Female,0,shruti.sharma2498@gmail.com,9214168939
2499,Nikhil Nair,Family,India,35,26-35,Female,0,nikhil.nair2499@gmail.com,9553393108
2500,Vikram Singh,Leisure,India,34,26-35,Female,0,vikram.singh2500@gmail.com,9644509042
2501,Kavya Dixit,Couple,India,25,18-25,Male,1,kavya.dixit2501@gmail.com,9712484480
2502,Divya Pillai,Couple,India,46,36-50,Female,0,divya.pillai2502@gmail.com,9613119468
2503,Vikram Trivedi,Leisure,India,29,26-35,Female,1,vikram.trivedi2503@gmail.com,9142687424
2504,Aditya Shah,Family,India,37,36-50,Male,0,aditya.shah2504@gmail.com,9519521409
2505,Rahul Chopra,Business,India,50,36-50,Male,1,rahul.chopra2505@gmail.com,9815016702
2506,Ritu Saxena,Business,India,18,18-25,Female,0,ritu.saxena2506@gmail.com,9247168982
2507,Sanjay Dixit,Family,India,48,36-50,Male,1,sanjay.dixit2507@gmail.com,9609769187
2508,Riya Nair,Leisure,India,24,18-25,Male,0,riya.nair2508@gmail.com,9780104381
2509,Tanvi Desai,Couple,India,27,26-35,Male,0,tanvi.desai2509@gmail.com,9256124866
2510,Vikram Nair,Family,India,22,18-25,Male,1,vikram.nair2510@gmail.com,9908971848
2511,Nikhil Pandey,Business,India,41,36-50,Male,0,nikhil.pandey2511@gmail.com,9536359513
2512,Sneha Mukherjee,Family,India,20,18-25,Female,0,sneha.mukherjee2512@gmail.com,9129705325
2513,Karan Pillai,Leisure,France,41,36-50,Female,0,karan.pillai2513@gmail.com,9998048068
2514,Aditya Das,Leisure,India,48,36-50,Female,0,aditya.das2514@gmail.com,9911136966
2515,Suresh Mehta,Couple,India,51,51-65,Female,0,suresh.mehta2515@gmail.com,9180590135
2516,Shruti Agarwal,Family,India,44,36-50,Male,0,shruti.agarwal2516@gmail.com,9856423593
2517,Anjali Mukherjee,Business,India,20,18-25,Female,1,anjali.mukherjee2517@gmail.com,9401542652
2518,Pallavi Bose,Leisure,India,37,36-50,Female,0,pallavi.bose2518@gmail.com,9604564045
2519,Shreyash Nair,Couple,India,66,65+,Male,0,shreyash.nair2519@gmail.com,9197697289
2520,Harsh Malhotra,Couple,India,51,51-65,Male,1,harsh.malhotra2520@gmail.com,9387990035
2521,Ritu Desai,Couple,India,56,51-65,Male,0,ritu.desai2521@gmail.com,9448068818
2522,Kavya Saxena,Business,India,40,36-50,Female,1,kavya.saxena2522@gmail.com,9459701880
2523,Ishaan Pillai,Leisure,India,35,26-35,Female,0,ishaan.pillai2523@gmail.com,9819068385
2524,Karan Mukherjee,Leisure,India,68,65+,Male,0,karan.mukherjee2524@gmail.com,9839091049
2525,Vishal Shah,Couple,UAE,61,51-65,Female,0,vishal.shah2525@gmail.com,9693675284
2526,Sanjay Shah,Leisure,India,55,51-65,Male,1,sanjay.shah2526@gmail.com,9876038893
2527,Vishal Bose,Business,India,31,26-35,Female,1,vishal.bose2527@gmail.com,9795223488
2528,Harsh Chopra,Family,India,43,36-50,Female,0,harsh.chopra2528@gmail.com,9710088706
2529,Pallavi Mishra,Business,India,27,26-35,Female,0,pallavi.mishra2529@gmail.com,9371158137
2530,Neha Kapoor,Family,India,43,36-50,Male,1,neha.kapoor2530@gmail.com,9971868892
2531,Deepak Dixit,Couple,India,47,36-50,Female,0,deepak.dixit2531@gmail.com,9551501133
2532,Karan Verma,Couple,India,45,36-50,Female,0,karan.verma2532@gmail.com,9611496412
2533,Shruti Kapoor,Leisure,India,25,18-25,Male,1,shruti.kapoor2533@gmail.com,9487980424
2534,Sneha Patel,Business,India,35,26-35,Male,0,sneha.patel2534@gmail.com,9388207655
2535,Rohit Trivedi,Couple,India,65,51-65,Female,1,rohit.trivedi2535@gmail.com,9808988450
2536,Rohan Patel,Couple,India,25,18-25,Female,0,rohan.patel2536@gmail.com,9872634506
2537,Ritu Khanna,Couple,India,33,26-35,Male,1,ritu.khanna2537@gmail.com,9748176377
2538,Rohan Mukherjee,Business,India,53,51-65,Female,0,rohan.mukherjee2538@gmail.com,9262889747
2539,Priya Mishra,Couple,India,38,36-50,Male,1,priya.mishra2539@gmail.com,9985965177
2540,Gaurav Shah,Couple,India,57,51-65,Male,0,gaurav.shah2540@gmail.com,9197901362
2541,Rohan Das,Couple,India,35,26-35,Female,1,rohan.das2541@gmail.com,9364347668
2542,Nikhil Mehta,Couple,India,47,36-50,Male,0,nikhil.mehta2542@gmail.com,9336590009
2543,Ritu Kumar,Couple,India,33,26-35,Female,0,ritu.kumar2543@gmail.com,9743940505
2544,Gaurav Iyer,Couple,India,32,26-35,Male,0,gaurav.iyer2544@gmail.com,9538660699
2545,Akash Iyer,Business,India,65,51-65,Female,0,akash.iyer2545@gmail.com,9906051743
2546,Gaurav Sharma,Leisure,India,66,65+,Female,1,gaurav.sharma2546@gmail.com,9822962352
2547,Harsh Rao,Business,India,39,36-50,Female,1,harsh.rao2547@gmail.com,9644987682
2548,Muskan Kapoor,Leisure,India,56,51-65,Male,0,muskan.kapoor2548@gmail.com,9855330547
2549,Vikram Agarwal,Leisure,Australia,61,51-65,Female,1,vikram.agarwal2549@gmail.com,9533798478
2550,Meera Shah,Business,India,40,36-50,Female,1,meera.shah2550@gmail.com,9867654308
2551,Vishal Kulkarni,Leisure,India,42,36-50,Female,0,vishal.kulkarni2551@gmail.com,9837115354
2552,Rohan Mehta,Business,India,62,51-65,Male,0,rohan.mehta2552@gmail.com,9959101523
2553,Priya Kapoor,Couple,India,40,36-50,Female,0,priya.kapoor2553@gmail.com,9627161570
2554,Shruti Das,Family,India,45,36-50,Male,0,shruti.das2554@gmail.com,9473909171
2555,Aditya Verma,Business,India,34,26-35,Female,1,aditya.verma2555@gmail.com,9335296316
2556,Simran Bose,Family,India,56,51-65,Male,0,simran.bose2556@gmail.com,9509572465
2557,Tanya Patel,Leisure,India,23,18-25,Male,1,tanya.patel2557@gmail.com,9846586430
2558,Ananya Patel,Leisure,India,23,18-25,Female,0,ananya.patel2558@gmail.com,9414770435
2559,Anjali Desai,Business,India,35,26-35,Male,1,anjali.desai2559@gmail.com,9434576179
2560,Suresh Reddy,Leisure,India,32,26-35,Male,0,suresh.reddy2560@gmail.com,9714834284
2561,Divya Khanna,Couple,India,48,36-50,Female,0,divya.khanna2561@gmail.com,9353666379
2562,Priya Trivedi,Couple,India,56,51-65,Male,1,priya.trivedi2562@gmail.com,9208995858
2563,Ritu Pandey,Business,India,52,51-65,Male,0,ritu.pandey2563@gmail.com,9694250229
2564,Tanya Das,Business,India,27,26-35,Male,1,tanya.das2564@gmail.com,9109391475
2565,Sanjay Desai,Leisure,India,67,65+,Female,0,sanjay.desai2565@gmail.com,9122245738
2566,Shreyash Reddy,Leisure,India,43,36-50,Male,1,shreyash.reddy2566@gmail.com,9603656740
2567,Anjali Desai,Business,India,33,26-35,Female,0,anjali.desai2567@gmail.com,9399871453
2568,Pallavi Mehta,Leisure,India,29,26-35,Male,0,pallavi.mehta2568@gmail.com,9274039487
2569,Ayush Mukherjee,Couple,India,22,18-25,Female,1,ayush.mukherjee2569@gmail.com,9408381330
2570,Pallavi Reddy,Family,India,61,51-65,Female,0,pallavi.reddy2570@gmail.com,9879788828
2571,Kritika Kulkarni,Leisure,India,47,36-50,Female,0,kritika.kulkarni2571@gmail.com,9720055707
2572,Kritika Mukherjee,Family,India,51,51-65,Female,1,kritika.mukherjee2572@gmail.com,9636577456
2573,Rohit Trivedi,Leisure,India,31,26-35,Male,0,rohit.trivedi2573@gmail.com,9494601478
2574,Nisha Kumar,Leisure,India,44,36-50,Female,0,nisha.kumar2574@gmail.com,9501175093
2575,Priya Malhotra,Business,India,30,26-35,Male,1,priya.malhotra2575@gmail.com,9932227284
2576,Anjali Iyer,Couple,India,68,65+,Male,0,anjali.iyer2576@gmail.com,9424240116
2577,Kritika Mehta,Family,India,19,18-25,Male,0,kritika.mehta2577@gmail.com,9371570728
2578,Harsh Kapoor,Couple,India,63,51-65,Female,0,harsh.kapoor2578@gmail.com,9319786814
2579,Pallavi Gupta,Leisure,India,21,18-25,Male,0,pallavi.gupta2579@gmail.com,9787219326
2580,Arjun Khanna,Couple,India,21,18-25,Female,0,arjun.khanna2580@gmail.com,9515062252
2581,Shruti Singh,Business,India,36,36-50,Female,0,shruti.singh2581@gmail.com,9692283210
2582,Riya Patel,Family,India,22,18-25,Female,0,riya.patel2582@gmail.com,9433226943
2583,Shreyash Joshi,Leisure,India,24,18-25,Male,0,shreyash.joshi2583@gmail.com,9703002791
2584,Ritu Patel,Leisure,India,50,36-50,Male,0,ritu.patel2584@gmail.com,9498644301
2585,Priya Iyer,Leisure,India,39,36-50,Female,0,priya.iyer2585@gmail.com,9450624671
2586,Vishal Chopra,Couple,India,69,65+,Male,0,vishal.chopra2586@gmail.com,9914425101
2587,Harsh Rao,Business,India,20,18-25,Male,0,harsh.rao2587@gmail.com,9264636839
2588,Gaurav Malhotra,Couple,India,63,51-65,Female,0,gaurav.malhotra2588@gmail.com,9782045843
2589,Ritu Gupta,Business,India,66,65+,Male,1,ritu.gupta2589@gmail.com,9512198254
2590,Ritu Kapoor,Couple,India,20,18-25,Male,0,ritu.kapoor2590@gmail.com,9242745408
2591,Karan Rao,Couple,India,30,26-35,Female,0,karan.rao2591@gmail.com,9262829137
2592,Shruti Mishra,Couple,India,34,26-35,Male,1,shruti.mishra2592@gmail.com,9171112057
2593,Suresh Desai,Leisure,India,34,26-35,Female,0,suresh.desai2593@gmail.com,9335250877
2594,Pallavi Dixit,Leisure,India,61,51-65,Female,1,pallavi.dixit2594@gmail.com,9818781178
2595,Pallavi Trivedi,Business,India,57,51-65,Female,0,pallavi.trivedi2595@gmail.com,9377114900
2596,Rohan Mishra,Couple,India,70,65+,Female,0,rohan.mishra2596@gmail.com,9450612215
2597,Ishaan Gupta,Leisure,USA,61,51-65,Female,0,ishaan.gupta2597@gmail.com,9935689082
2598,Kavya Mehta,Leisure,India,45,36-50,Female,1,kavya.mehta2598@gmail.com,9646357450
2599,Nisha Nair,Leisure,France,43,36-50,Male,0,nisha.nair2599@gmail.com,9422490293
2600,Deepak Kumar,Business,India,53,51-65,Male,0,deepak.kumar2600@gmail.com,9335098512
2601,Kavya Iyer,Couple,India,24,18-25,Female,0,kavya.iyer2601@gmail.com,9529336425
2602,Nikhil Saxena,Business,India,37,36-50,Male,1,nikhil.saxena2602@gmail.com,9769003588
2603,Riya Dixit,Couple,India,22,18-25,Female,0,riya.dixit2603@gmail.com,9161099173
2604,Shruti Kapoor,Leisure,India,27,26-35,Female,0,shruti.kapoor2604@gmail.com,9132851685
2605,Swati Chopra,Business,India,37,36-50,Male,0,swati.chopra2605@gmail.com,9628131485
2606,Kritika Saxena,Leisure,India,43,36-50,Female,0,kritika.saxena2606@gmail.com,9407592236
2607,Kavya Agarwal,Business,India,39,36-50,Male,0,kavya.agarwal2607@gmail.com,9737207839
2608,Gaurav Desai,Leisure,India,24,18-25,Male,1,gaurav.desai2608@gmail.com,9891809662
2609,Rahul Gupta,Couple,India,45,36-50,Female,0,rahul.gupta2609@gmail.com,9952110109
2610,Anjali Patel,Business,India,48,36-50,Male,1,anjali.patel2610@gmail.com,9412913089
2611,Tanya Pillai,Couple,UAE,70,65+,Female,0,tanya.pillai2611@gmail.com,9193974088
2612,Amit Joshi,Business,India,39,36-50,Male,1,amit.joshi2612@gmail.com,9725844921
2613,Pooja Patel,Business,India,18,18-25,Male,0,pooja.patel2613@gmail.com,9519687196
2614,Harsh Kumar,Couple,India,55,51-65,Female,0,harsh.kumar2614@gmail.com,9664882147
2615,Vikram Pandey,Leisure,India,36,36-50,Male,1,vikram.pandey2615@gmail.com,9750867643
2616,Deepak Joshi,Business,India,67,65+,Male,0,deepak.joshi2616@gmail.com,9340294732
2617,Vishal Patel,Leisure,India,72,65+,Female,0,vishal.patel2617@gmail.com,9846152610
2618,Riya Trivedi,Leisure,India,40,36-50,Female,0,riya.trivedi2618@gmail.com,9857693892
2619,Kritika Rao,Couple,India,68,65+,Female,0,kritika.rao2619@gmail.com,9326073427
2620,Kavya Iyer,Leisure,India,63,51-65,Male,1,kavya.iyer2620@gmail.com,9163080278
2621,Simran Kulkarni,Couple,India,27,26-35,Male,0,simran.kulkarni2621@gmail.com,9235409307
2622,Anjali Das,Family,India,36,36-50,Female,0,anjali.das2622@gmail.com,9721986753
2623,Kavya Banerjee,Leisure,India,45,36-50,Female,1,kavya.banerjee2623@gmail.com,9791823689
2624,Ananya Das,Family,India,37,36-50,Male,0,ananya.das2624@gmail.com,9804569703
2625,Amit Chopra,Leisure,India,43,36-50,Male,0,amit.chopra2625@gmail.com,9152519060
2626,Amit Pandey,Family,India,42,36-50,Male,0,amit.pandey2626@gmail.com,9597683569
2627,Kritika Trivedi,Business,Germany,38,36-50,Female,1,kritika.trivedi2627@gmail.com,9451014988
2628,Shruti Pillai,Couple,India,66,65+,Male,1,shruti.pillai2628@gmail.com,9940961771
2629,Suresh Verma,Leisure,India,23,18-25,Female,0,suresh.verma2629@gmail.com,9459227061
2630,Anjali Patel,Leisure,India,33,26-35,Female,0,anjali.patel2630@gmail.com,9317170067
2631,Divya Rao,Couple,India,67,65+,Male,0,divya.rao2631@gmail.com,9863822586
2632,Swati Trivedi,Couple,India,41,36-50,Female,1,swati.trivedi2632@gmail.com,9618400795
2633,Shreyash Shah,Business,India,27,26-35,Female,0,shreyash.shah2633@gmail.com,9890859669
2634,Shreyash Verma,Business,India,43,36-50,Male,0,shreyash.verma2634@gmail.com,9885196340
2635,Amit Iyer,Couple,France,55,51-65,Female,0,amit.iyer2635@gmail.com,9911505699
2636,Pallavi Patel,Couple,India,39,36-50,Male,0,pallavi.patel2636@gmail.com,9773282001
2637,Vikram Nair,Family,India,47,36-50,Male,0,vikram.nair2637@gmail.com,9996362002
2638,Simran Mehta,Couple,India,34,26-35,Female,0,simran.mehta2638@gmail.com,9141565048
2639,Aditya Pillai,Family,India,34,26-35,Female,1,aditya.pillai2639@gmail.com,9669880762
2640,Aditya Patel,Couple,India,70,65+,Female,1,aditya.patel2640@gmail.com,9102416360
2641,Shruti Patel,Leisure,India,69,65+,Female,0,shruti.patel2641@gmail.com,9686849216
2642,Nikhil Sharma,Business,India,64,51-65,Female,0,nikhil.sharma2642@gmail.com,9812228196
2643,Sneha Nair,Couple,India,31,26-35,Female,0,sneha.nair2643@gmail.com,9352150449
2644,Gaurav Mishra,Couple,France,39,36-50,Male,0,gaurav.mishra2644@gmail.com,9315024404
2645,Rahul Pillai,Business,India,23,18-25,Female,0,rahul.pillai2645@gmail.com,9615250606
2646,Priya Kumar,Leisure,India,65,51-65,Female,1,priya.kumar2646@gmail.com,9413872590
2647,Deepak Rao,Family,India,45,36-50,Male,0,deepak.rao2647@gmail.com,9488082110
2648,Arjun Mukherjee,Leisure,India,37,36-50,Male,1,arjun.mukherjee2648@gmail.com,9267040531
2649,Neha Desai,Leisure,India,33,26-35,Male,0,neha.desai2649@gmail.com,9953008980
2650,Ritu Joshi,Leisure,India,66,65+,Female,0,ritu.joshi2650@gmail.com,9637368128
2651,Tanvi Iyer,Business,India,25,18-25,Female,0,tanvi.iyer2651@gmail.com,9398822956
2652,Pooja Chopra,Leisure,India,40,36-50,Male,0,pooja.chopra2652@gmail.com,9303259499
2653,Tanvi Verma,Leisure,France,19,18-25,Male,0,tanvi.verma2653@gmail.com,9274259849
2654,Anjali Malhotra,Business,India,51,51-65,Male,0,anjali.malhotra2654@gmail.com,9913160098
2655,Manish Sharma,Couple,India,72,65+,Female,0,manish.sharma2655@gmail.com,9564287636
2656,Arjun Trivedi,Leisure,India,67,65+,Female,1,arjun.trivedi2656@gmail.com,9304165230
2657,Muskan Bose,Couple,India,67,65+,Male,0,muskan.bose2657@gmail.com,9899563204
2658,Aditya Pandey,Family,India,67,65+,Female,0,aditya.pandey2658@gmail.com,9591616112
2659,Gaurav Malhotra,Business,India,41,36-50,Male,0,gaurav.malhotra2659@gmail.com,9139062171
2660,Akash Shah,Couple,India,54,51-65,Female,1,akash.shah2660@gmail.com,9813587596
2661,Tanya Bose,Leisure,India,44,36-50,Male,0,tanya.bose2661@gmail.com,9597659232
2662,Pooja Gupta,Family,India,56,51-65,Male,0,pooja.gupta2662@gmail.com,9608341388
2663,Harsh Mishra,Business,India,64,51-65,Female,1,harsh.mishra2663@gmail.com,9970621341
2664,Amit Trivedi,Couple,India,38,36-50,Male,0,amit.trivedi2664@gmail.com,9982792489
2665,Shruti Khanna,Couple,India,72,65+,Male,1,shruti.khanna2665@gmail.com,9422342791
2666,Rohit Banerjee,Leisure,India,70,65+,Female,0,rohit.banerjee2666@gmail.com,9401365060
2667,Swati Desai,Business,India,22,18-25,Female,1,swati.desai2667@gmail.com,9431126013
2668,Nisha Rao,Couple,India,19,18-25,Female,0,nisha.rao2668@gmail.com,9864289767
2669,Pooja Desai,Couple,India,51,51-65,Male,0,pooja.desai2669@gmail.com,9202174331
2670,Deepak Mukherjee,Leisure,India,38,36-50,Male,1,deepak.mukherjee2670@gmail.com,9327966627
2671,Simran Trivedi,Couple,India,32,26-35,Male,1,simran.trivedi2671@gmail.com,9916724976
2672,Ananya Mukherjee,Leisure,India,72,65+,Male,0,ananya.mukherjee2672@gmail.com,9689416078
2673,Rohan Desai,Couple,Singapore,52,51-65,Female,0,rohan.desai2673@gmail.com,9806414434
2674,Nisha Kumar,Business,India,66,65+,Male,0,nisha.kumar2674@gmail.com,9551155345
2675,Pooja Pillai,Family,India,35,26-35,Male,1,pooja.pillai2675@gmail.com,9201269922
2676,Simran Sharma,Leisure,India,48,36-50,Male,0,simran.sharma2676@gmail.com,9487758450
2677,Kritika Mishra,Leisure,India,34,26-35,Male,0,kritika.mishra2677@gmail.com,9702573674
2678,Kavya Singh,Business,India,28,26-35,Male,0,kavya.singh2678@gmail.com,9710975447
2679,Arjun Bose,Business,India,48,36-50,Male,0,arjun.bose2679@gmail.com,9236001669
2680,Suresh Das,Leisure,UAE,50,36-50,Male,0,suresh.das2680@gmail.com,9105676326
2681,Ishaan Kulkarni,Leisure,India,54,51-65,Male,0,ishaan.kulkarni2681@gmail.com,9355455745
2682,Sneha Rao,Couple,India,57,51-65,Female,1,sneha.rao2682@gmail.com,9666700694
2683,Vishal Chopra,Business,India,43,36-50,Female,0,vishal.chopra2683@gmail.com,9408875535
2684,Ritu Mehta,Leisure,India,72,65+,Male,0,ritu.mehta2684@gmail.com,9373803392
2685,Ayush Nair,Leisure,India,25,18-25,Female,0,ayush.nair2685@gmail.com,9901854968
2686,Deepak Banerjee,Business,India,54,51-65,Male,0,deepak.banerjee2686@gmail.com,9722989426
2687,Neha Pillai,Business,India,26,26-35,Male,1,neha.pillai2687@gmail.com,9368431133
2688,Amit Das,Leisure,India,61,51-65,Female,1,amit.das2688@gmail.com,9334221394
2689,Ritu Kumar,Leisure,India,18,18-25,Male,0,ritu.kumar2689@gmail.com,9991174263
2690,Rahul Rao,Leisure,India,39,36-50,Male,0,rahul.rao2690@gmail.com,9257826680
2691,Neha Desai,Leisure,India,38,36-50,Female,0,neha.desai2691@gmail.com,9657128055
2692,Ritu Iyer,Leisure,India,30,26-35,Male,1,ritu.iyer2692@gmail.com,9479222193
2693,Karan Desai,Business,USA,72,65+,Male,0,karan.desai2693@gmail.com,9394095144
2694,Shruti Patel,Leisure,India,18,18-25,Female,0,shruti.patel2694@gmail.com,9165932686
2695,Sneha Das,Family,India,51,51-65,Female,1,sneha.das2695@gmail.com,9218558797
2696,Vishal Gupta,Leisure,India,35,26-35,Male,0,vishal.gupta2696@gmail.com,9114782866
2697,Riya Trivedi,Couple,India,22,18-25,Female,0,riya.trivedi2697@gmail.com,9791758190
2698,Aditya Iyer,Leisure,India,62,51-65,Female,0,aditya.iyer2698@gmail.com,9519398085
2699,Ritu Joshi,Couple,India,32,26-35,Female,0,ritu.joshi2699@gmail.com,9118410135
2700,Kavya Bose,Couple,India,42,36-50,Male,0,kavya.bose2700@gmail.com,9692433358
2701,Shreyash Bose,Leisure,India,25,18-25,Female,0,shreyash.bose2701@gmail.com,9660523548
2702,Deepak Banerjee,Family,India,35,26-35,Female,0,deepak.banerjee2702@gmail.com,9121796495
2703,Vikram Saxena,Business,India,33,26-35,Female,1,vikram.saxena2703@gmail.com,9362308892
2704,Ananya Desai,Business,India,54,51-65,Male,0,ananya.desai2704@gmail.com,9667287649
2705,Rahul Gupta,Couple,India,38,36-50,Female,0,rahul.gupta2705@gmail.com,9101568217
2706,Riya Shah,Couple,India,24,18-25,Female,0,riya.shah2706@gmail.com,9556177795
2707,Deepak Banerjee,Business,India,55,51-65,Male,0,deepak.banerjee2707@gmail.com,9819231224
2708,Ayush Saxena,Leisure,India,40,36-50,Male,0,ayush.saxena2708@gmail.com,9770679790
2709,Karan Kulkarni,Business,India,38,36-50,Male,0,karan.kulkarni2709@gmail.com,9483197683
2710,Riya Mukherjee,Leisure,India,52,51-65,Female,0,riya.mukherjee2710@gmail.com,9562592874
2711,Ananya Sharma,Couple,Singapore,22,18-25,Male,0,ananya.sharma2711@gmail.com,9247098055
2712,Aditya Rao,Leisure,India,31,26-35,Female,0,aditya.rao2712@gmail.com,9893082214
2713,Vikram Kumar,Leisure,UAE,53,51-65,Female,0,vikram.kumar2713@gmail.com,9337009348
2714,Meera Shah,Leisure,India,24,18-25,Male,1,meera.shah2714@gmail.com,9730822915
2715,Nikhil Kumar,Business,India,59,51-65,Female,0,nikhil.kumar2715@gmail.com,9200376561
2716,Swati Dixit,Leisure,India,57,51-65,Male,1,swati.dixit2716@gmail.com,9368775486
2717,Ayush Mishra,Couple,India,66,65+,Male,1,ayush.mishra2717@gmail.com,9839804571
2718,Ritu Mishra,Family,India,60,51-65,Male,0,ritu.mishra2718@gmail.com,9625649719
2719,Meera Trivedi,Couple,India,39,36-50,Male,1,meera.trivedi2719@gmail.com,9725861788
2720,Aditya Dixit,Business,India,35,26-35,Male,0,aditya.dixit2720@gmail.com,9474691665
2721,Manish Mukherjee,Family,India,53,51-65,Male,1,manish.mukherjee2721@gmail.com,9204701827
2722,Rohan Sharma,Couple,USA,35,26-35,Male,1,rohan.sharma2722@gmail.com,9268528248
2723,Aditya Das,Couple,India,64,51-65,Male,1,aditya.das2723@gmail.com,9324488192
2724,Karan Gupta,Leisure,India,47,36-50,Male,0,karan.gupta2724@gmail.com,9342263190
2725,Muskan Gupta,Leisure,India,25,18-25,Male,0,muskan.gupta2725@gmail.com,9912381668
2726,Nisha Pandey,Leisure,UAE,45,36-50,Male,0,nisha.pandey2726@gmail.com,9995092299
2727,Suresh Nair,Business,India,18,18-25,Male,0,suresh.nair2727@gmail.com,9672336241
2728,Divya Pillai,Business,India,24,18-25,Male,0,divya.pillai2728@gmail.com,9327402604
2729,Vikram Gupta,Business,India,24,18-25,Female,1,vikram.gupta2729@gmail.com,9972522122
2730,Suresh Verma,Leisure,Canada,51,51-65,Female,0,suresh.verma2730@gmail.com,9269003911
2731,Ayush Mishra,Couple,India,54,51-65,Male,0,ayush.mishra2731@gmail.com,9556218214
2732,Divya Agarwal,Leisure,India,35,26-35,Female,1,divya.agarwal2732@gmail.com,9329938696
2733,Priya Shah,Business,India,36,36-50,Female,0,priya.shah2733@gmail.com,9599148625
2734,Pooja Desai,Family,India,25,18-25,Male,0,pooja.desai2734@gmail.com,9346679107
2735,Tanvi Desai,Family,India,53,51-65,Female,0,tanvi.desai2735@gmail.com,9797562046
2736,Simran Banerjee,Couple,Nepal,70,65+,Male,1,simran.banerjee2736@gmail.com,9293050830
2737,Tanvi Kulkarni,Family,India,69,65+,Male,1,tanvi.kulkarni2737@gmail.com,9154501175
2738,Shreyash Desai,Leisure,India,52,51-65,Male,1,shreyash.desai2738@gmail.com,9693003241
2739,Pooja Malhotra,Family,India,52,51-65,Male,1,pooja.malhotra2739@gmail.com,9456563737
2740,Ananya Gupta,Business,India,20,18-25,Female,0,ananya.gupta2740@gmail.com,9999689808
2741,Meera Gupta,Leisure,India,62,51-65,Male,0,meera.gupta2741@gmail.com,9770916891
2742,Akash Singh,Business,India,64,51-65,Male,0,akash.singh2742@gmail.com,9445575662
2743,Pallavi Joshi,Business,UAE,35,26-35,Female,1,pallavi.joshi2743@gmail.com,9921927296
2744,Rahul Mukherjee,Business,India,67,65+,Male,0,rahul.mukherjee2744@gmail.com,9876412007
2745,Priya Singh,Couple,India,28,26-35,Male,1,priya.singh2745@gmail.com,9304464086
2746,Riya Trivedi,Couple,India,46,36-50,Female,1,riya.trivedi2746@gmail.com,9777365765
2747,Ayush Sharma,Leisure,France,27,26-35,Female,0,ayush.sharma2747@gmail.com,9821746234
2748,Neha Trivedi,Business,India,59,51-65,Female,0,neha.trivedi2748@gmail.com,9380036237
2749,Suresh Singh,Couple,India,70,65+,Male,0,suresh.singh2749@gmail.com,9718888688
2750,Tanvi Nair,Couple,India,49,36-50,Male,1,tanvi.nair2750@gmail.com,9985146609
2751,Vishal Reddy,Leisure,India,68,65+,Male,0,vishal.reddy2751@gmail.com,9603450047
2752,Amit Reddy,Couple,India,47,36-50,Male,1,amit.reddy2752@gmail.com,9152455667
2753,Rahul Pillai,Leisure,India,33,26-35,Female,0,rahul.pillai2753@gmail.com,9466671176
2754,Pooja Chopra,Leisure,France,51,51-65,Female,0,pooja.chopra2754@gmail.com,9535062311
2755,Gaurav Saxena,Family,India,33,26-35,Female,1,gaurav.saxena2755@gmail.com,9389276014
2756,Shreyash Mehta,Leisure,India,41,36-50,Male,0,shreyash.mehta2756@gmail.com,9982162888
2757,Suresh Trivedi,Leisure,India,42,36-50,Male,0,suresh.trivedi2757@gmail.com,9142279655
2758,Riya Patel,Family,India,31,26-35,Male,0,riya.patel2758@gmail.com,9759501682
2759,Ananya Iyer,Couple,India,40,36-50,Male,0,ananya.iyer2759@gmail.com,9936030207
2760,Ishaan Joshi,Business,India,22,18-25,Male,1,ishaan.joshi2760@gmail.com,9150451476
2761,Neha Desai,Business,India,34,26-35,Male,0,neha.desai2761@gmail.com,9668320415
2762,Rahul Verma,Business,India,64,51-65,Female,0,rahul.verma2762@gmail.com,9791250747
2763,Divya Mishra,Couple,India,49,36-50,Male,0,divya.mishra2763@gmail.com,9505968811
2764,Karan Reddy,Leisure,India,22,18-25,Female,1,karan.reddy2764@gmail.com,9266280659
2765,Vikram Gupta,Business,Australia,43,36-50,Female,0,vikram.gupta2765@gmail.com,9660196312
2766,Rohan Bose,Family,USA,60,51-65,Female,0,rohan.bose2766@gmail.com,9270287792
2767,Priya Mehta,Leisure,India,66,65+,Male,0,priya.mehta2767@gmail.com,9878708220
2768,Ishaan Rao,Business,India,24,18-25,Female,0,ishaan.rao2768@gmail.com,9370421800
2769,Pooja Iyer,Leisure,India,70,65+,Female,0,pooja.iyer2769@gmail.com,9778210041
2770,Gaurav Joshi,Couple,India,66,65+,Female,0,gaurav.joshi2770@gmail.com,9145439893
2771,Divya Kapoor,Business,India,64,51-65,Female,0,divya.kapoor2771@gmail.com,9833562590
2772,Divya Khanna,Leisure,India,64,51-65,Male,0,divya.khanna2772@gmail.com,9604478321
2773,Gaurav Khanna,Couple,India,68,65+,Female,0,gaurav.khanna2773@gmail.com,9650808238
2774,Rohan Pandey,Leisure,India,50,36-50,Male,0,rohan.pandey2774@gmail.com,9884669128
2775,Arjun Chopra,Leisure,India,53,51-65,Male,0,arjun.chopra2775@gmail.com,9395744142
2776,Swati Das,Leisure,India,47,36-50,Male,0,swati.das2776@gmail.com,9464995996
2777,Amit Khanna,Business,UAE,58,51-65,Male,0,amit.khanna2777@gmail.com,9412862865
2778,Kavya Shah,Business,India,31,26-35,Female,1,kavya.shah2778@gmail.com,9665016401
2779,Deepak Saxena,Leisure,India,63,51-65,Male,0,deepak.saxena2779@gmail.com,9338240571
2780,Anjali Trivedi,Business,India,23,18-25,Male,0,anjali.trivedi2780@gmail.com,9588277559
2781,Ishaan Iyer,Business,France,68,65+,Male,0,ishaan.iyer2781@gmail.com,9751177700
2782,Karan Mehta,Couple,India,23,18-25,Male,0,karan.mehta2782@gmail.com,9244640503
2783,Kritika Bose,Family,India,32,26-35,Male,0,kritika.bose2783@gmail.com,9137320548
2784,Vikram Singh,Couple,India,66,65+,Female,0,vikram.singh2784@gmail.com,9451587166
2785,Gaurav Kumar,Family,India,50,36-50,Female,0,gaurav.kumar2785@gmail.com,9873401277
2786,Ishaan Kulkarni,Business,India,18,18-25,Male,1,ishaan.kulkarni2786@gmail.com,9128528526
2787,Priya Saxena,Family,India,39,36-50,Female,1,priya.saxena2787@gmail.com,9237339109
2788,Ayush Reddy,Business,India,33,26-35,Female,0,ayush.reddy2788@gmail.com,9783794688
2789,Harsh Verma,Family,Malaysia,36,36-50,Male,0,harsh.verma2789@gmail.com,9546151434
2790,Rahul Kulkarni,Family,India,61,51-65,Male,0,rahul.kulkarni2790@gmail.com,9754706152
2791,Manish Gupta,Couple,India,22,18-25,Female,0,manish.gupta2791@gmail.com,9968134885
2792,Neha Desai,Family,India,58,51-65,Female,1,neha.desai2792@gmail.com,9413794060
2793,Aditya Mehta,Leisure,India,51,51-65,Female,0,aditya.mehta2793@gmail.com,9128321175
2794,Simran Gupta,Leisure,India,30,26-35,Male,0,simran.gupta2794@gmail.com,9269305573
2795,Meera Agarwal,Leisure,India,50,36-50,Male,1,meera.agarwal2795@gmail.com,9584571024
2796,Ritu Malhotra,Leisure,India,44,36-50,Male,1,ritu.malhotra2796@gmail.com,9139173177
2797,Vishal Gupta,Business,India,52,51-65,Female,0,vishal.gupta2797@gmail.com,9146013521
2798,Tanya Bose,Couple,India,67,65+,Female,1,tanya.bose2798@gmail.com,9524661188
2799,Shruti Rao,Family,India,51,51-65,Male,1,shruti.rao2799@gmail.com,9238283395
2800,Shruti Mukherjee,Business,India,20,18-25,Male,0,shruti.mukherjee2800@gmail.com,9159471828
2801,Ishaan Kulkarni,Couple,India,41,36-50,Female,0,ishaan.kulkarni2801@gmail.com,9752220209
2802,Pooja Pandey,Family,India,42,36-50,Male,0,pooja.pandey2802@gmail.com,9178038923
2803,Sanjay Das,Family,India,24,18-25,Male,0,sanjay.das2803@gmail.com,9372759324
2804,Swati Chopra,Family,India,70,65+,Female,0,swati.chopra2804@gmail.com,9296928436
2805,Shruti Saxena,Leisure,India,49,36-50,Female,0,shruti.saxena2805@gmail.com,9702767371
2806,Anjali Agarwal,Family,India,51,51-65,Female,0,anjali.agarwal2806@gmail.com,9143316721
2807,Neha Mehta,Couple,India,53,51-65,Male,0,neha.mehta2807@gmail.com,9580424319
2808,Karan Malhotra,Business,India,33,26-35,Female,0,karan.malhotra2808@gmail.com,9690867469
2809,Ishaan Gupta,Leisure,India,20,18-25,Male,1,ishaan.gupta2809@gmail.com,9501904358
2810,Muskan Das,Couple,India,21,18-25,Male,0,muskan.das2810@gmail.com,9584830817
2811,Priya Agarwal,Business,India,50,36-50,Female,0,priya.agarwal2811@gmail.com,9723676092
2812,Vikram Trivedi,Couple,India,36,36-50,Male,0,vikram.trivedi2812@gmail.com,9867352565
2813,Akash Verma,Couple,India,69,65+,Male,0,akash.verma2813@gmail.com,9741936943
2814,Rohan Agarwal,Business,India,44,36-50,Female,0,rohan.agarwal2814@gmail.com,9805202708
2815,Vishal Pandey,Leisure,India,59,51-65,Female,1,vishal.pandey2815@gmail.com,9660721312
2816,Vishal Gupta,Couple,India,68,65+,Female,0,vishal.gupta2816@gmail.com,9783734099
2817,Rohan Mehta,Leisure,India,39,36-50,Male,0,rohan.mehta2817@gmail.com,9929250274
2818,Shreyash Kulkarni,Business,India,54,51-65,Male,0,shreyash.kulkarni2818@gmail.com,9304414385
2819,Arjun Joshi,Business,India,36,36-50,Male,0,arjun.joshi2819@gmail.com,9561574330
2820,Kritika Saxena,Leisure,India,21,18-25,Female,0,kritika.saxena2820@gmail.com,9124653830
2821,Ananya Nair,Family,India,43,36-50,Male,0,ananya.nair2821@gmail.com,9548505886
2822,Priya Bose,Business,India,29,26-35,Male,0,priya.bose2822@gmail.com,9877819947
2823,Aditya Reddy,Couple,India,32,26-35,Female,0,aditya.reddy2823@gmail.com,9746822183
2824,Tanya Bose,Business,India,51,51-65,Male,0,tanya.bose2824@gmail.com,9702533755
2825,Priya Pandey,Leisure,India,70,65+,Male,0,priya.pandey2825@gmail.com,9537519919
2826,Neha Gupta,Couple,Singapore,54,51-65,Female,0,neha.gupta2826@gmail.com,9689755049
2827,Anjali Kapoor,Couple,India,66,65+,Female,0,anjali.kapoor2827@gmail.com,9257423726
2828,Shruti Pillai,Business,India,23,18-25,Female,0,shruti.pillai2828@gmail.com,9470137519
2829,Nikhil Bose,Leisure,India,71,65+,Male,1,nikhil.bose2829@gmail.com,9617467401
2830,Shruti Kumar,Business,UK,71,65+,Male,0,shruti.kumar2830@gmail.com,9966759262
2831,Ishaan Malhotra,Leisure,India,39,36-50,Male,1,ishaan.malhotra2831@gmail.com,9306202347
2832,Ritu Kapoor,Couple,India,27,26-35,Male,0,ritu.kapoor2832@gmail.com,9930157967
2833,Nisha Desai,Business,India,35,26-35,Male,0,nisha.desai2833@gmail.com,9993922237
2834,Suresh Nair,Leisure,India,18,18-25,Male,0,suresh.nair2834@gmail.com,9651794425
2835,Shruti Agarwal,Leisure,India,42,36-50,Male,0,shruti.agarwal2835@gmail.com,9225395804
2836,Gaurav Reddy,Family,India,22,18-25,Male,0,gaurav.reddy2836@gmail.com,9974362731
2837,Muskan Malhotra,Family,India,21,18-25,Male,0,muskan.malhotra2837@gmail.com,9160114780
2838,Muskan Bose,Business,India,23,18-25,Female,0,muskan.bose2838@gmail.com,9178557956
2839,Sanjay Patel,Couple,India,44,36-50,Male,0,sanjay.patel2839@gmail.com,9660286768
2840,Karan Desai,Leisure,India,46,36-50,Female,0,karan.desai2840@gmail.com,9154008326
2841,Tanya Mehta,Leisure,India,35,26-35,Female,1,tanya.mehta2841@gmail.com,9631790821
2842,Akash Iyer,Couple,India,36,36-50,Female,1,akash.iyer2842@gmail.com,9866990285
2843,Akash Kulkarni,Family,India,64,51-65,Female,0,akash.kulkarni2843@gmail.com,9542001632
2844,Rohit Agarwal,Family,India,40,36-50,Male,0,rohit.agarwal2844@gmail.com,9198858895
2845,Harsh Das,Leisure,India,70,65+,Female,0,harsh.das2845@gmail.com,9151212235
2846,Suresh Saxena,Leisure,Australia,56,51-65,Male,0,suresh.saxena2846@gmail.com,9382980228
2847,Priya Kapoor,Couple,India,61,51-65,Female,1,priya.kapoor2847@gmail.com,9309667991
2848,Karan Shah,Leisure,India,32,26-35,Male,0,karan.shah2848@gmail.com,9437369840
2849,Manish Banerjee,Leisure,India,30,26-35,Female,0,manish.banerjee2849@gmail.com,9530905805
2850,Arjun Iyer,Leisure,India,23,18-25,Female,1,arjun.iyer2850@gmail.com,9276386655
2851,Arjun Singh,Couple,India,28,26-35,Male,0,arjun.singh2851@gmail.com,9335011022
2852,Shruti Mehta,Business,India,60,51-65,Female,1,shruti.mehta2852@gmail.com,9632305451
2853,Tanvi Saxena,Business,India,42,36-50,Male,1,tanvi.saxena2853@gmail.com,9580488037
2854,Vikram Kulkarni,Family,USA,52,51-65,Female,0,vikram.kulkarni2854@gmail.com,9736251119
2855,Sneha Das,Business,India,55,51-65,Female,1,sneha.das2855@gmail.com,9524759964
2856,Vishal Reddy,Leisure,India,70,65+,Male,0,vishal.reddy2856@gmail.com,9405759388
2857,Sneha Mehta,Business,India,31,26-35,Female,0,sneha.mehta2857@gmail.com,9527735336
2858,Riya Mishra,Business,India,27,26-35,Female,0,riya.mishra2858@gmail.com,9636504019
2859,Shreyash Joshi,Business,India,22,18-25,Male,0,shreyash.joshi2859@gmail.com,9786188102
2860,Pooja Kulkarni,Business,India,70,65+,Male,1,pooja.kulkarni2860@gmail.com,9307645991
2861,Deepak Reddy,Family,India,28,26-35,Female,0,deepak.reddy2861@gmail.com,9627535636
2862,Ayush Iyer,Leisure,India,66,65+,Female,0,ayush.iyer2862@gmail.com,9348709521
2863,Tanvi Mehta,Family,India,72,65+,Male,0,tanvi.mehta2863@gmail.com,9441924102
2864,Nikhil Sharma,Leisure,India,32,26-35,Female,0,nikhil.sharma2864@gmail.com,9124608751
2865,Harsh Trivedi,Leisure,Australia,55,51-65,Female,0,harsh.trivedi2865@gmail.com,9227769868
2866,Pallavi Nair,Leisure,Australia,21,18-25,Female,0,pallavi.nair2866@gmail.com,9633074594
2867,Kavya Kulkarni,Leisure,India,51,51-65,Male,0,kavya.kulkarni2867@gmail.com,9116602012
2868,Tanya Mukherjee,Couple,India,42,36-50,Male,1,tanya.mukherjee2868@gmail.com,9283545717
2869,Divya Mehta,Leisure,India,40,36-50,Female,0,divya.mehta2869@gmail.com,9192544868
2870,Kritika Pillai,Leisure,India,41,36-50,Male,0,kritika.pillai2870@gmail.com,9678826863
2871,Akash Dixit,Family,India,61,51-65,Female,0,akash.dixit2871@gmail.com,9261426901
2872,Vikram Reddy,Family,India,67,65+,Male,1,vikram.reddy2872@gmail.com,9712696696
2873,Rohit Malhotra,Family,India,43,36-50,Female,0,rohit.malhotra2873@gmail.com,9142342813
2874,Ananya Saxena,Leisure,India,67,65+,Female,1,ananya.saxena2874@gmail.com,9769410380
2875,Ayush Mishra,Couple,India,68,65+,Male,0,ayush.mishra2875@gmail.com,9236230005
2876,Amit Desai,Leisure,India,69,65+,Male,0,amit.desai2876@gmail.com,9842807365
2877,Aditya Pillai,Leisure,India,45,36-50,Female,0,aditya.pillai2877@gmail.com,9413390456
2878,Rohit Khanna,Business,India,39,36-50,Male,0,rohit.khanna2878@gmail.com,9404476600
2879,Manish Iyer,Leisure,India,52,51-65,Female,0,manish.iyer2879@gmail.com,9906567353
2880,Amit Banerjee,Business,India,46,36-50,Male,0,amit.banerjee2880@gmail.com,9292245204
2881,Kavya Kulkarni,Leisure,India,43,36-50,Female,0,kavya.kulkarni2881@gmail.com,9310441319
2882,Tanvi Mukherjee,Family,India,29,26-35,Male,0,tanvi.mukherjee2882@gmail.com,9585338192
2883,Ritu Kapoor,Business,India,57,51-65,Male,0,ritu.kapoor2883@gmail.com,9812634067
2884,Pallavi Nair,Business,India,52,51-65,Female,0,pallavi.nair2884@gmail.com,9260972239
2885,Muskan Saxena,Business,India,50,36-50,Female,0,muskan.saxena2885@gmail.com,9265265316
2886,Rohit Malhotra,Family,India,54,51-65,Male,0,rohit.malhotra2886@gmail.com,9905053486
2887,Amit Trivedi,Leisure,India,52,51-65,Female,0,amit.trivedi2887@gmail.com,9100702897
2888,Kritika Bose,Leisure,India,61,51-65,Male,0,kritika.bose2888@gmail.com,9846789191
2889,Ritu Kulkarni,Couple,India,60,51-65,Female,0,ritu.kulkarni2889@gmail.com,9518925129
2890,Gaurav Das,Couple,India,39,36-50,Female,0,gaurav.das2890@gmail.com,9132893156
2891,Neha Joshi,Leisure,India,52,51-65,Male,0,neha.joshi2891@gmail.com,9467897759
2892,Tanya Verma,Couple,India,29,26-35,Female,0,tanya.verma2892@gmail.com,9523126224
2893,Karan Gupta,Couple,India,70,65+,Female,1,karan.gupta2893@gmail.com,9364811357
2894,Rohit Pillai,Couple,India,65,51-65,Female,0,rohit.pillai2894@gmail.com,9991536817
2895,Aditya Desai,Business,India,52,51-65,Male,0,aditya.desai2895@gmail.com,9276546278
2896,Deepak Singh,Family,UAE,61,51-65,Female,1,deepak.singh2896@gmail.com,9917652479
2897,Swati Das,Leisure,India,29,26-35,Female,0,swati.das2897@gmail.com,9717877949
2898,Suresh Kapoor,Leisure,India,32,26-35,Male,0,suresh.kapoor2898@gmail.com,9752767992
2899,Tanya Kumar,Leisure,India,50,36-50,Male,0,tanya.kumar2899@gmail.com,9520068537
2900,Tanya Chopra,Business,India,59,51-65,Female,0,tanya.chopra2900@gmail.com,9514764009
2901,Ananya Malhotra,Business,India,57,51-65,Female,0,ananya.malhotra2901@gmail.com,9930005907
2902,Vishal Pandey,Couple,India,32,26-35,Male,1,vishal.pandey2902@gmail.com,9774447039
2903,Muskan Kumar,Business,UK,50,36-50,Male,0,muskan.kumar2903@gmail.com,9221544232
2904,Riya Agarwal,Leisure,India,28,26-35,Male,1,riya.agarwal2904@gmail.com,9994453272
2905,Swati Saxena,Leisure,India,35,26-35,Male,1,swati.saxena2905@gmail.com,9491082204
2906,Meera Kapoor,Business,India,23,18-25,Female,0,meera.kapoor2906@gmail.com,9215451548
2907,Sanjay Pandey,Family,India,30,26-35,Male,1,sanjay.pandey2907@gmail.com,9286304578
2908,Tanya Agarwal,Business,India,70,65+,Female,0,tanya.agarwal2908@gmail.com,9663204192
2909,Arjun Mehta,Leisure,India,46,36-50,Female,1,arjun.mehta2909@gmail.com,9766547575
2910,Ritu Desai,Leisure,India,62,51-65,Male,0,ritu.desai2910@gmail.com,9926522833
2911,Pooja Patel,Business,India,29,26-35,Female,0,pooja.patel2911@gmail.com,9668237183
2912,Neha Banerjee,Business,India,51,51-65,Female,0,neha.banerjee2912@gmail.com,9749690863
2913,Rohit Mukherjee,Couple,India,18,18-25,Female,0,rohit.mukherjee2913@gmail.com,9352339994
2914,Shreyash Reddy,Family,India,72,65+,Female,0,shreyash.reddy2914@gmail.com,9246941318
2915,Swati Mishra,Business,India,44,36-50,Male,0,swati.mishra2915@gmail.com,9929922494
2916,Simran Reddy,Couple,India,68,65+,Female,0,simran.reddy2916@gmail.com,9400151735
2917,Nisha Desai,Couple,India,26,26-35,Female,0,nisha.desai2917@gmail.com,9647832061
2918,Swati Das,Couple,USA,35,26-35,Female,0,swati.das2918@gmail.com,9553081060
2919,Tanya Trivedi,Leisure,India,68,65+,Female,1,tanya.trivedi2919@gmail.com,9238401931
2920,Nisha Agarwal,Leisure,India,23,18-25,Female,0,nisha.agarwal2920@gmail.com,9127268476
2921,Rohit Dixit,Leisure,India,20,18-25,Male,1,rohit.dixit2921@gmail.com,9429468309
2922,Tanya Bose,Couple,India,55,51-65,Male,1,tanya.bose2922@gmail.com,9353855386
2923,Rohit Bose,Couple,India,69,65+,Female,0,rohit.bose2923@gmail.com,9174348652
2924,Meera Sharma,Business,India,39,36-50,Female,1,meera.sharma2924@gmail.com,9319141328
2925,Shruti Mishra,Leisure,Nepal,29,26-35,Male,0,shruti.mishra2925@gmail.com,9405332410
2926,Ishaan Reddy,Family,India,42,36-50,Female,0,ishaan.reddy2926@gmail.com,9869591033
2927,Harsh Gupta,Couple,India,72,65+,Male,0,harsh.gupta2927@gmail.com,9784319101
2928,Akash Das,Family,India,59,51-65,Female,1,akash.das2928@gmail.com,9106834779
2929,Rohit Chopra,Couple,India,65,51-65,Male,0,rohit.chopra2929@gmail.com,9409144517
2930,Meera Singh,Leisure,India,31,26-35,Male,0,meera.singh2930@gmail.com,9967292573
2931,Arjun Das,Leisure,India,30,26-35,Male,1,arjun.das2931@gmail.com,9751309502
2932,Anjali Kulkarni,Couple,India,18,18-25,Female,0,anjali.kulkarni2932@gmail.com,9163334116
2933,Gaurav Das,Business,India,23,18-25,Male,0,gaurav.das2933@gmail.com,9625637267
2934,Suresh Shah,Leisure,Canada,53,51-65,Female,0,suresh.shah2934@gmail.com,9671781603
2935,Suresh Mukherjee,Couple,India,43,36-50,Male,0,suresh.mukherjee2935@gmail.com,9289989124
2936,Divya Kulkarni,Business,India,48,36-50,Female,0,divya.kulkarni2936@gmail.com,9901898947
2937,Tanya Mishra,Couple,India,35,26-35,Female,1,tanya.mishra2937@gmail.com,9266166841
2938,Rohan Patel,Leisure,India,27,26-35,Male,0,rohan.patel2938@gmail.com,9932706150
2939,Pallavi Kapoor,Family,India,53,51-65,Male,0,pallavi.kapoor2939@gmail.com,9521438906
2940,Sneha Mishra,Business,India,63,51-65,Female,0,sneha.mishra2940@gmail.com,9793014773
2941,Riya Joshi,Leisure,India,47,36-50,Male,1,riya.joshi2941@gmail.com,9945262073
2942,Meera Dixit,Couple,India,59,51-65,Male,0,meera.dixit2942@gmail.com,9131424732
2943,Sanjay Joshi,Leisure,India,27,26-35,Male,0,sanjay.joshi2943@gmail.com,9283816626
2944,Arjun Das,Couple,India,69,65+,Female,0,arjun.das2944@gmail.com,9728328736
2945,Vikram Bose,Couple,India,33,26-35,Male,1,vikram.bose2945@gmail.com,9278846551
2946,Sanjay Bose,Business,India,62,51-65,Male,0,sanjay.bose2946@gmail.com,9679996203
2947,Meera Malhotra,Leisure,India,37,36-50,Female,0,meera.malhotra2947@gmail.com,9625170584
2948,Pallavi Das,Leisure,India,32,26-35,Male,0,pallavi.das2948@gmail.com,9411216329
2949,Kavya Sharma,Leisure,India,39,36-50,Female,0,kavya.sharma2949@gmail.com,9720202856
2950,Harsh Agarwal,Family,Canada,64,51-65,Male,1,harsh.agarwal2950@gmail.com,9579776538
2951,Ayush Pandey,Couple,India,46,36-50,Male,1,ayush.pandey2951@gmail.com,9287186021
2952,Akash Singh,Couple,India,21,18-25,Female,1,akash.singh2952@gmail.com,9739838225
2953,Pallavi Mukherjee,Couple,India,49,36-50,Male,1,pallavi.mukherjee2953@gmail.com,9860121856
2954,Sanjay Gupta,Leisure,India,53,51-65,Male,1,sanjay.gupta2954@gmail.com,9130148921
2955,Arjun Gupta,Family,India,43,36-50,Male,0,arjun.gupta2955@gmail.com,9286043308
2956,Amit Kulkarni,Couple,India,34,26-35,Female,0,amit.kulkarni2956@gmail.com,9836602505
2957,Pallavi Reddy,Couple,India,50,36-50,Female,0,pallavi.reddy2957@gmail.com,9326114706
2958,Tanya Pillai,Family,India,40,36-50,Male,1,tanya.pillai2958@gmail.com,9674440676
2959,Kritika Dixit,Leisure,India,69,65+,Male,1,kritika.dixit2959@gmail.com,9398640009
2960,Nisha Mehta,Couple,India,59,51-65,Male,0,nisha.mehta2960@gmail.com,9952818027
2961,Rohan Malhotra,Business,India,47,36-50,Male,0,rohan.malhotra2961@gmail.com,9275025011
2962,Meera Desai,Leisure,Malaysia,54,51-65,Male,1,meera.desai2962@gmail.com,9260218791
2963,Rohan Joshi,Leisure,Malaysia,55,51-65,Female,0,rohan.joshi2963@gmail.com,9199294339
2964,Nisha Shah,Family,India,35,26-35,Male,1,nisha.shah2964@gmail.com,9983957064
2965,Karan Dixit,Family,India,54,51-65,Female,0,karan.dixit2965@gmail.com,9188742421
2966,Meera Pillai,Couple,India,49,36-50,Male,0,meera.pillai2966@gmail.com,9223662999
2967,Anjali Kapoor,Couple,India,58,51-65,Male,0,anjali.kapoor2967@gmail.com,9224081173
2968,Meera Joshi,Leisure,India,61,51-65,Female,0,meera.joshi2968@gmail.com,9908162364
2969,Rohit Patel,Family,India,56,51-65,Male,1,rohit.patel2969@gmail.com,9510794353
2970,Kritika Kumar,Leisure,India,29,26-35,Male,1,kritika.kumar2970@gmail.com,9874888000
2971,Amit Iyer,Leisure,India,64,51-65,Female,0,amit.iyer2971@gmail.com,9668176087
2972,Akash Dixit,Business,India,30,26-35,Male,1,akash.dixit2972@gmail.com,9714055603
2973,Karan Rao,Couple,India,39,36-50,Male,0,karan.rao2973@gmail.com,9809031694
2974,Divya Iyer,Couple,India,60,51-65,Female,0,divya.iyer2974@gmail.com,9211271404
2975,Anjali Mukherjee,Leisure,India,29,26-35,Male,1,anjali.mukherjee2975@gmail.com,9124384064
2976,Ananya Pillai,Business,India,58,51-65,Male,0,ananya.pillai2976@gmail.com,9109386819
2977,Rohan Pillai,Couple,India,26,26-35,Male,0,rohan.pillai2977@gmail.com,9503272671
2978,Rohit Sharma,Business,India,30,26-35,Female,0,rohit.sharma2978@gmail.com,9475783148
2979,Gaurav Pandey,Couple,India,69,65+,Male,0,gaurav.pandey2979@gmail.com,9330444499
2980,Rohan Agarwal,Family,India,26,26-35,Female,0,rohan.agarwal2980@gmail.com,9933613409
2981,Arjun Mehta,Leisure,India,25,18-25,Male,1,arjun.mehta2981@gmail.com,9555118480
2982,Manish Mishra,Business,India,52,51-65,Female,0,manish.mishra2982@gmail.com,9918805585
2983,Rohit Shah,Couple,India,34,26-35,Male,0,rohit.shah2983@gmail.com,9935930624
2984,Anjali Sharma,Couple,India,48,36-50,Male,0,anjali.sharma2984@gmail.com,9488504034
2985,Muskan Joshi,Leisure,India,32,26-35,Female,1,muskan.joshi2985@gmail.com,9278618927
2986,Ayush Agarwal,Family,India,46,36-50,Male,0,ayush.agarwal2986@gmail.com,9734380277
2987,Priya Rao,Business,India,26,26-35,Male,0,priya.rao2987@gmail.com,9670207584
2988,Arjun Malhotra,Leisure,India,34,26-35,Male,0,arjun.malhotra2988@gmail.com,9834921189
2989,Rahul Mehta,Couple,Australia,63,51-65,Female,1,rahul.mehta2989@gmail.com,9162972587
2990,Neha Sharma,Family,India,41,36-50,Female,0,neha.sharma2990@gmail.com,9706050251
2991,Akash Chopra,Business,India,68,65+,Female,0,akash.chopra2991@gmail.com,9498237964
2992,Akash Saxena,Couple,UK,67,65+,Female,0,akash.saxena2992@gmail.com,9556522920
2993,Divya Mehta,Leisure,India,48,36-50,Male,1,divya.mehta2993@gmail.com,9969825165
2994,Deepak Iyer,Leisure,India,18,18-25,Male,1,deepak.iyer2994@gmail.com,9163778626
2995,Neha Trivedi,Business,India,25,18-25,Male,1,neha.trivedi2995@gmail.com,9965539784
2996,Nikhil Mishra,Family,India,24,18-25,Female,0,nikhil.mishra2996@gmail.com,9919742008
2997,Pooja Nair,Business,India,45,36-50,Male,0,pooja.nair2997@gmail.com,9654965529
2998,Arjun Trivedi,Leisure,Malaysia,60,51-65,Female,0,arjun.trivedi2998@gmail.com,9259055675
2999,Simran Sharma,Leisure,France,24,18-25,Female,0,simran.sharma2999@gmail.com,9597631383
3000,Pooja Shah,Family,India,20,18-25,Female,0,pooja.shah3000@gmail.com,9364680584
3001,Sneha Iyer,Couple,Canada,32,26-35,Female,1,sneha.iyer3001@gmail.com,9151323124
3002,Vishal Chopra,Couple,India,35,26-35,Female,0,vishal.chopra3002@gmail.com,9960095812
3003,Kritika Joshi,Leisure,India,63,51-65,Male,1,kritika.joshi3003@gmail.com,9706805016
3004,Shruti Joshi,Couple,India,52,51-65,Female,0,shruti.joshi3004@gmail.com,9855278334
3005,Shruti Agarwal,Leisure,India,49,36-50,Male,1,shruti.agarwal3005@gmail.com,9702646047
3006,Rahul Malhotra,Couple,India,60,51-65,Male,0,rahul.malhotra3006@gmail.com,9268131288
3007,Akash Dixit,Family,India,71,65+,Female,0,akash.dixit3007@gmail.com,9569019932
3008,Anjali Singh,Business,India,55,51-65,Male,0,anjali.singh3008@gmail.com,9991949861
3009,Rohit Banerjee,Couple,India,19,18-25,Male,1,rohit.banerjee3009@gmail.com,9385620025
3010,Kritika Rao,Business,India,24,18-25,Female,0,kritika.rao3010@gmail.com,9773061795
3011,Simran Sharma,Leisure,India,68,65+,Male,1,simran.sharma3011@gmail.com,9731912405
3012,Harsh Pillai,Leisure,India,25,18-25,Female,1,harsh.pillai3012@gmail.com,9904256965
3013,Deepak Saxena,Leisure,India,52,51-65,Male,0,deepak.saxena3013@gmail.com,9704431587
3014,Ritu Saxena,Leisure,India,38,36-50,Male,0,ritu.saxena3014@gmail.com,9859918130
3015,Vikram Malhotra,Couple,India,20,18-25,Female,0,vikram.malhotra3015@gmail.com,9638842340
3016,Amit Trivedi,Leisure,India,37,36-50,Female,0,amit.trivedi3016@gmail.com,9524128244
3017,Ayush Reddy,Couple,India,58,51-65,Male,0,ayush.reddy3017@gmail.com,9313313615
3018,Pallavi Saxena,Leisure,India,61,51-65,Male,0,pallavi.saxena3018@gmail.com,9510406943
3019,Ayush Mishra,Business,India,24,18-25,Female,0,ayush.mishra3019@gmail.com,9206919738
3020,Anjali Shah,Couple,India,36,36-50,Male,0,anjali.shah3020@gmail.com,9713125807
3021,Ritu Mehta,Leisure,India,71,65+,Male,0,ritu.mehta3021@gmail.com,9569111042
3022,Divya Shah,Leisure,Nepal,62,51-65,Female,0,divya.shah3022@gmail.com,9222340468
3023,Muskan Iyer,Couple,India,22,18-25,Female,1,muskan.iyer3023@gmail.com,9562554021
3024,Rohit Sharma,Leisure,India,47,36-50,Male,0,rohit.sharma3024@gmail.com,9980268284
3025,Tanvi Desai,Business,India,24,18-25,Male,0,tanvi.desai3025@gmail.com,9270036116
3026,Priya Bose,Leisure,India,58,51-65,Female,1,priya.bose3026@gmail.com,9685992093
3027,Pooja Mehta,Family,India,61,51-65,Female,0,pooja.mehta3027@gmail.com,9220212598
3028,Pooja Iyer,Couple,India,64,51-65,Female,0,pooja.iyer3028@gmail.com,9645694386
3029,Priya Pandey,Couple,India,52,51-65,Female,0,priya.pandey3029@gmail.com,9426540001
3030,Tanvi Gupta,Couple,India,66,65+,Male,0,tanvi.gupta3030@gmail.com,9482306700
3031,Ishaan Reddy,Business,Nepal,32,26-35,Female,0,ishaan.reddy3031@gmail.com,9501363926
3032,Akash Dixit,Leisure,India,52,51-65,Male,1,akash.dixit3032@gmail.com,9127587590
3033,Deepak Mishra,Couple,India,44,36-50,Female,0,deepak.mishra3033@gmail.com,9815739157
3034,Pooja Pandey,Business,India,71,65+,Male,0,pooja.pandey3034@gmail.com,9191405534
3035,Nisha Agarwal,Leisure,India,23,18-25,Male,0,nisha.agarwal3035@gmail.com,9648572850
3036,Harsh Pillai,Leisure,India,35,26-35,Male,0,harsh.pillai3036@gmail.com,9554702302
3037,Ananya Kulkarni,Leisure,India,27,26-35,Female,0,ananya.kulkarni3037@gmail.com,9521019032
3038,Simran Pillai,Family,India,60,51-65,Male,1,simran.pillai3038@gmail.com,9732263942
3039,Manish Mehta,Business,Canada,25,18-25,Female,0,manish.mehta3039@gmail.com,9194958483
3040,Simran Rao,Leisure,India,40,36-50,Female,1,simran.rao3040@gmail.com,9692542280
3041,Kavya Joshi,Business,India,36,36-50,Male,0,kavya.joshi3041@gmail.com,9505216032
3042,Manish Kumar,Family,India,55,51-65,Female,1,manish.kumar3042@gmail.com,9787193294
3043,Amit Kulkarni,Business,India,44,36-50,Female,0,amit.kulkarni3043@gmail.com,9504064729
3044,Gaurav Mishra,Leisure,India,64,51-65,Female,0,gaurav.mishra3044@gmail.com,9560966221
3045,Priya Verma,Couple,India,50,36-50,Female,1,priya.verma3045@gmail.com,9576683849
3046,Rahul Gupta,Couple,India,39,36-50,Male,0,rahul.gupta3046@gmail.com,9271591719
3047,Manish Saxena,Leisure,India,70,65+,Female,1,manish.saxena3047@gmail.com,9687027434
3048,Rohit Sharma,Leisure,India,54,51-65,Male,1,rohit.sharma3048@gmail.com,9529636900
3049,Tanvi Banerjee,Leisure,India,32,26-35,Male,0,tanvi.banerjee3049@gmail.com,9247595890
3050,Deepak Kapoor,Leisure,India,27,26-35,Female,0,deepak.kapoor3050@gmail.com,9173175357
3051,Shruti Sharma,Business,India,71,65+,Male,1,shruti.sharma3051@gmail.com,9179299111
3052,Meera Pandey,Leisure,India,55,51-65,Male,0,meera.pandey3052@gmail.com,9911202337
3053,Ayush Bose,Leisure,India,70,65+,Male,0,ayush.bose3053@gmail.com,9215921670
3054,Aditya Shah,Leisure,India,64,51-65,Female,0,aditya.shah3054@gmail.com,9466928741
3055,Divya Mehta,Couple,India,34,26-35,Female,0,divya.mehta3055@gmail.com,9201356456
3056,Kritika Malhotra,Family,Australia,19,18-25,Male,0,kritika.malhotra3056@gmail.com,9398947609
3057,Nisha Nair,Couple,India,34,26-35,Male,0,nisha.nair3057@gmail.com,9560546896
3058,Sanjay Bose,Business,India,30,26-35,Female,1,sanjay.bose3058@gmail.com,9945784252
3059,Rohan Rao,Business,India,72,65+,Male,0,rohan.rao3059@gmail.com,9894929258
3060,Riya Kulkarni,Family,India,67,65+,Male,0,riya.kulkarni3060@gmail.com,9738390187
3061,Tanvi Saxena,Leisure,India,58,51-65,Male,0,tanvi.saxena3061@gmail.com,9883279377
3062,Rahul Desai,Business,India,47,36-50,Male,1,rahul.desai3062@gmail.com,9185490742
3063,Akash Verma,Leisure,India,51,51-65,Male,0,akash.verma3063@gmail.com,9450520909
3064,Muskan Joshi,Couple,India,58,51-65,Female,0,muskan.joshi3064@gmail.com,9686171791
3065,Shruti Agarwal,Couple,India,52,51-65,Male,0,shruti.agarwal3065@gmail.com,9724670336
3066,Kritika Banerjee,Leisure,India,53,51-65,Female,0,kritika.banerjee3066@gmail.com,9644089873
3067,Gaurav Saxena,Business,India,62,51-65,Male,0,gaurav.saxena3067@gmail.com,9731738359
3068,Deepak Malhotra,Family,India,21,18-25,Male,1,deepak.malhotra3068@gmail.com,9244705703
3069,Ayush Pillai,Leisure,India,21,18-25,Female,0,ayush.pillai3069@gmail.com,9364566226
3070,Gaurav Kulkarni,Couple,Singapore,20,18-25,Female,1,gaurav.kulkarni3070@gmail.com,9609469912
3071,Pooja Rao,Couple,UAE,64,51-65,Male,1,pooja.rao3071@gmail.com,9739957151
3072,Tanvi Mukherjee,Couple,India,69,65+,Female,1,tanvi.mukherjee3072@gmail.com,9437571555
3073,Kavya Rao,Leisure,Germany,59,51-65,Male,1,kavya.rao3073@gmail.com,9721985193
3074,Deepak Malhotra,Leisure,India,56,51-65,Male,0,deepak.malhotra3074@gmail.com,9108244549
3075,Sneha Sharma,Leisure,India,59,51-65,Female,0,sneha.sharma3075@gmail.com,9420741041
3076,Ishaan Saxena,Family,India,29,26-35,Male,0,ishaan.saxena3076@gmail.com,9504087177
3077,Gaurav Pillai,Family,India,68,65+,Female,0,gaurav.pillai3077@gmail.com,9540728398
3078,Sneha Malhotra,Business,India,34,26-35,Male,1,sneha.malhotra3078@gmail.com,9948796097
3079,Nisha Malhotra,Business,India,41,36-50,Female,0,nisha.malhotra3079@gmail.com,9464982822
3080,Tanvi Kulkarni,Family,India,54,51-65,Female,0,tanvi.kulkarni3080@gmail.com,9431272329
3081,Sanjay Mehta,Couple,India,68,65+,Male,0,sanjay.mehta3081@gmail.com,9360400251
3082,Tanya Verma,Family,India,42,36-50,Male,0,tanya.verma3082@gmail.com,9297917845
3083,Nikhil Malhotra,Business,Australia,36,36-50,Male,1,nikhil.malhotra3083@gmail.com,9779274863
3084,Swati Agarwal,Leisure,India,40,36-50,Male,0,swati.agarwal3084@gmail.com,9109831282
3085,Shruti Joshi,Couple,India,25,18-25,Male,1,shruti.joshi3085@gmail.com,9294394462
3086,Akash Rao,Couple,India,62,51-65,Female,0,akash.rao3086@gmail.com,9244242779
3087,Sanjay Agarwal,Leisure,India,42,36-50,Male,1,sanjay.agarwal3087@gmail.com,9289920787
3088,Ritu Banerjee,Business,India,23,18-25,Female,0,ritu.banerjee3088@gmail.com,9640479208
3089,Deepak Mishra,Leisure,India,58,51-65,Female,0,deepak.mishra3089@gmail.com,9106570528
3090,Tanvi Sharma,Leisure,India,48,36-50,Female,0,tanvi.sharma3090@gmail.com,9631002070
3091,Ananya Gupta,Leisure,India,23,18-25,Male,0,ananya.gupta3091@gmail.com,9484791405
3092,Akash Dixit,Family,India,69,65+,Female,0,akash.dixit3092@gmail.com,9871245472
3093,Nikhil Trivedi,Leisure,India,72,65+,Male,0,nikhil.trivedi3093@gmail.com,9556327580
3094,Vikram Gupta,Couple,Malaysia,25,18-25,Male,1,vikram.gupta3094@gmail.com,9667753753
3095,Deepak Mehta,Business,Nepal,66,65+,Female,0,deepak.mehta3095@gmail.com,9561798876
3096,Manish Banerjee,Couple,India,64,51-65,Female,0,manish.banerjee3096@gmail.com,9671541979
3097,Sneha Iyer,Family,India,40,36-50,Male,0,sneha.iyer3097@gmail.com,9384248553
3098,Shreyash Joshi,Business,India,26,26-35,Male,0,shreyash.joshi3098@gmail.com,9845945754
3099,Aditya Reddy,Business,India,34,26-35,Female,0,aditya.reddy3099@gmail.com,9388143722
3100,Sneha Patel,Leisure,UK,45,36-50,Female,0,sneha.patel3100@gmail.com,9494521990
3101,Vishal Bose,Business,India,39,36-50,Male,0,vishal.bose3101@gmail.com,9182360064
3102,Neha Gupta,Couple,India,27,26-35,Female,0,neha.gupta3102@gmail.com,9676885944
3103,Muskan Mukherjee,Family,Nepal,64,51-65,Female,0,muskan.mukherjee3103@gmail.com,9766568218
3104,Pooja Iyer,Leisure,India,67,65+,Female,0,pooja.iyer3104@gmail.com,9360807808
3105,Vishal Bose,Leisure,India,61,51-65,Male,0,vishal.bose3105@gmail.com,9132969347
3106,Karan Desai,Leisure,India,52,51-65,Female,0,karan.desai3106@gmail.com,9980090070
3107,Vikram Kulkarni,Couple,India,40,36-50,Male,0,vikram.kulkarni3107@gmail.com,9165260108
3108,Vikram Agarwal,Business,India,33,26-35,Male,1,vikram.agarwal3108@gmail.com,9867465756
3109,Karan Patel,Leisure,India,56,51-65,Male,0,karan.patel3109@gmail.com,9685531460
3110,Shreyash Pandey,Couple,India,35,26-35,Male,0,shreyash.pandey3110@gmail.com,9346443488
3111,Nisha Sharma,Couple,India,72,65+,Male,0,nisha.sharma3111@gmail.com,9867892241
3112,Kritika Iyer,Business,India,50,36-50,Female,0,kritika.iyer3112@gmail.com,9171898681
3113,Shruti Chopra,Couple,India,35,26-35,Female,1,shruti.chopra3113@gmail.com,9819434865
3114,Tanya Verma,Business,India,45,36-50,Male,0,tanya.verma3114@gmail.com,9325771414
3115,Tanvi Kulkarni,Business,India,62,51-65,Male,0,tanvi.kulkarni3115@gmail.com,9765227168
3116,Meera Iyer,Family,Germany,68,65+,Male,1,meera.iyer3116@gmail.com,9836845027
3117,Sanjay Mehta,Couple,India,56,51-65,Male,1,sanjay.mehta3117@gmail.com,9590155972
3118,Shreyash Reddy,Business,India,34,26-35,Female,0,shreyash.reddy3118@gmail.com,9709776411
3119,Simran Rao,Business,India,51,51-65,Male,0,simran.rao3119@gmail.com,9920697572
3120,Ayush Patel,Business,India,38,36-50,Female,0,ayush.patel3120@gmail.com,9242641127
3121,Riya Kumar,Leisure,India,71,65+,Female,0,riya.kumar3121@gmail.com,9372508287
3122,Gaurav Mehta,Business,India,69,65+,Male,0,gaurav.mehta3122@gmail.com,9742331003
3123,Tanvi Das,Business,India,63,51-65,Female,1,tanvi.das3123@gmail.com,9241949922
3124,Meera Pandey,Leisure,India,59,51-65,Male,0,meera.pandey3124@gmail.com,9274734337
3125,Ishaan Mehta,Couple,India,54,51-65,Male,1,ishaan.mehta3125@gmail.com,9221042498
3126,Ananya Nair,Couple,India,43,36-50,Male,0,ananya.nair3126@gmail.com,9708361982
3127,Meera Joshi,Couple,India,50,36-50,Male,0,meera.joshi3127@gmail.com,9698123420
3128,Meera Joshi,Business,India,25,18-25,Male,0,meera.joshi3128@gmail.com,9116001798
3129,Divya Mehta,Family,India,18,18-25,Male,1,divya.mehta3129@gmail.com,9660516377
3130,Gaurav Iyer,Couple,India,42,36-50,Male,1,gaurav.iyer3130@gmail.com,9131998026
3131,Shreyash Pandey,Couple,India,56,51-65,Female,0,shreyash.pandey3131@gmail.com,9230677293
3132,Rahul Mishra,Couple,India,70,65+,Female,1,rahul.mishra3132@gmail.com,9512011800
3133,Pooja Khanna,Family,India,64,51-65,Male,0,pooja.khanna3133@gmail.com,9410701151
3134,Sanjay Bose,Leisure,India,59,51-65,Male,0,sanjay.bose3134@gmail.com,9910800871
3135,Sneha Trivedi,Business,India,35,26-35,Female,0,sneha.trivedi3135@gmail.com,9922952629
3136,Ananya Bose,Couple,India,30,26-35,Female,0,ananya.bose3136@gmail.com,9732113521
3137,Sanjay Pandey,Couple,UK,68,65+,Male,1,sanjay.pandey3137@gmail.com,9313197600
3138,Priya Iyer,Couple,India,29,26-35,Male,0,priya.iyer3138@gmail.com,9975722736
3139,Ritu Malhotra,Leisure,India,42,36-50,Female,0,ritu.malhotra3139@gmail.com,9455846034
3140,Priya Kulkarni,Business,Singapore,20,18-25,Female,0,priya.kulkarni3140@gmail.com,9817734089
3141,Gaurav Rao,Leisure,India,23,18-25,Male,1,gaurav.rao3141@gmail.com,9795038276
3142,Kritika Dixit,Family,India,37,36-50,Male,0,kritika.dixit3142@gmail.com,9855999768
3143,Aditya Khanna,Leisure,India,69,65+,Female,0,aditya.khanna3143@gmail.com,9207987918
3144,Kritika Agarwal,Leisure,India,35,26-35,Female,1,kritika.agarwal3144@gmail.com,9760539699
3145,Rahul Chopra,Leisure,India,66,65+,Male,0,rahul.chopra3145@gmail.com,9688662592
3146,Karan Khanna,Leisure,India,27,26-35,Female,0,karan.khanna3146@gmail.com,9709314181
3147,Rohan Agarwal,Family,India,28,26-35,Female,0,rohan.agarwal3147@gmail.com,9942792459
3148,Rahul Reddy,Couple,India,52,51-65,Female,0,rahul.reddy3148@gmail.com,9658387635
3149,Rohan Kumar,Couple,India,51,51-65,Female,0,rohan.kumar3149@gmail.com,9178005036
3150,Tanya Sharma,Leisure,India,69,65+,Female,1,tanya.sharma3150@gmail.com,9586978736
3151,Vikram Saxena,Couple,India,42,36-50,Male,0,vikram.saxena3151@gmail.com,9354205748
3152,Rohit Sharma,Business,India,26,26-35,Female,0,rohit.sharma3152@gmail.com,9920339303
3153,Manish Iyer,Couple,India,51,51-65,Male,0,manish.iyer3153@gmail.com,9425049214
3154,Pooja Mishra,Leisure,India,66,65+,Female,0,pooja.mishra3154@gmail.com,9178210987
3155,Pallavi Chopra,Leisure,India,50,36-50,Female,0,pallavi.chopra3155@gmail.com,9226463759
3156,Pallavi Nair,Couple,India,36,36-50,Male,0,pallavi.nair3156@gmail.com,9248143886
3157,Harsh Khanna,Family,India,56,51-65,Male,0,harsh.khanna3157@gmail.com,9203693388
3158,Tanvi Pillai,Business,India,53,51-65,Male,0,tanvi.pillai3158@gmail.com,9753427376
3159,Simran Kapoor,Couple,India,45,36-50,Female,1,simran.kapoor3159@gmail.com,9251304479
3160,Ayush Nair,Leisure,India,50,36-50,Male,0,ayush.nair3160@gmail.com,9970979378
3161,Deepak Das,Leisure,Malaysia,41,36-50,Female,0,deepak.das3161@gmail.com,9212996069
3162,Ananya Chopra,Business,UAE,36,36-50,Female,0,ananya.chopra3162@gmail.com,9996583366
3163,Amit Malhotra,Leisure,India,67,65+,Male,1,amit.malhotra3163@gmail.com,9720599003
3164,Anjali Gupta,Leisure,India,49,36-50,Male,0,anjali.gupta3164@gmail.com,9119393727
3165,Sneha Singh,Business,India,43,36-50,Male,0,sneha.singh3165@gmail.com,9467403460
3166,Nikhil Verma,Leisure,India,47,36-50,Male,1,nikhil.verma3166@gmail.com,9246042238
3167,Ritu Desai,Family,India,29,26-35,Male,0,ritu.desai3167@gmail.com,9756084755
3168,Sanjay Kulkarni,Business,France,68,65+,Female,1,sanjay.kulkarni3168@gmail.com,9195519439
3169,Harsh Reddy,Couple,India,70,65+,Male,1,harsh.reddy3169@gmail.com,9381124470
3170,Akash Mehta,Leisure,India,26,26-35,Female,1,akash.mehta3170@gmail.com,9682231056
3171,Tanya Sharma,Couple,India,22,18-25,Male,0,tanya.sharma3171@gmail.com,9703934963
3172,Sneha Singh,Leisure,India,54,51-65,Female,0,sneha.singh3172@gmail.com,9755431781
3173,Divya Desai,Business,India,69,65+,Male,0,divya.desai3173@gmail.com,9805381009
3174,Pooja Malhotra,Business,India,45,36-50,Male,0,pooja.malhotra3174@gmail.com,9146836177
3175,Tanya Mehta,Business,India,21,18-25,Male,1,tanya.mehta3175@gmail.com,9135248842
3176,Pallavi Singh,Business,India,55,51-65,Female,0,pallavi.singh3176@gmail.com,9104942961
3177,Riya Verma,Couple,Australia,71,65+,Male,0,riya.verma3177@gmail.com,9716330484
3178,Nisha Mishra,Family,Canada,38,36-50,Female,1,nisha.mishra3178@gmail.com,9793486600
3179,Anjali Trivedi,Couple,India,51,51-65,Female,0,anjali.trivedi3179@gmail.com,9696284182
3180,Rohan Shah,Couple,India,40,36-50,Male,0,rohan.shah3180@gmail.com,9399604609
3181,Riya Mukherjee,Business,India,44,36-50,Male,0,riya.mukherjee3181@gmail.com,9951511125
3182,Shreyash Dixit,Leisure,India,48,36-50,Male,0,shreyash.dixit3182@gmail.com,9970736744
3183,Tanvi Singh,Leisure,India,67,65+,Male,1,tanvi.singh3183@gmail.com,9456793825
3184,Amit Gupta,Business,India,67,65+,Female,1,amit.gupta3184@gmail.com,9296683608
3185,Vikram Iyer,Leisure,India,31,26-35,Female,0,vikram.iyer3185@gmail.com,9662659946
3186,Kavya Malhotra,Leisure,India,44,36-50,Male,0,kavya.malhotra3186@gmail.com,9393140634
3187,Tanvi Rao,Leisure,India,65,51-65,Female,0,tanvi.rao3187@gmail.com,9731667288
3188,Ananya Mehta,Leisure,Canada,34,26-35,Female,0,ananya.mehta3188@gmail.com,9640499969
3189,Karan Mishra,Couple,India,29,26-35,Female,0,karan.mishra3189@gmail.com,9510840544
3190,Nisha Kapoor,Couple,India,52,51-65,Male,0,nisha.kapoor3190@gmail.com,9156986671
3191,Akash Pandey,Leisure,India,35,26-35,Male,0,akash.pandey3191@gmail.com,9582094659
3192,Muskan Malhotra,Family,India,23,18-25,Female,0,muskan.malhotra3192@gmail.com,9271214325
3193,Meera Saxena,Family,India,64,51-65,Male,0,meera.saxena3193@gmail.com,9680724838
3194,Swati Kulkarni,Leisure,India,24,18-25,Male,0,swati.kulkarni3194@gmail.com,9851444440
3195,Nisha Das,Leisure,India,60,51-65,Male,0,nisha.das3195@gmail.com,9207084131
3196,Pooja Kumar,Leisure,India,67,65+,Female,1,pooja.kumar3196@gmail.com,9837314966
3197,Priya Gupta,Family,India,69,65+,Female,0,priya.gupta3197@gmail.com,9578013983
3198,Gaurav Patel,Family,UAE,62,51-65,Male,1,gaurav.patel3198@gmail.com,9125547544
3199,Kritika Banerjee,Business,India,41,36-50,Male,0,kritika.banerjee3199@gmail.com,9387815690
3200,Pooja Pillai,Leisure,India,18,18-25,Male,0,pooja.pillai3200@gmail.com,9295679658
3201,Akash Kulkarni,Leisure,India,68,65+,Female,0,akash.kulkarni3201@gmail.com,9163910227
3202,Rahul Joshi,Leisure,India,66,65+,Male,1,rahul.joshi3202@gmail.com,9219178680
3203,Swati Shah,Business,France,29,26-35,Female,0,swati.shah3203@gmail.com,9802953390
3204,Simran Verma,Family,India,58,51-65,Female,1,simran.verma3204@gmail.com,9403353059
3205,Amit Pandey,Couple,India,24,18-25,Female,0,amit.pandey3205@gmail.com,9238657792
3206,Pallavi Agarwal,Couple,India,21,18-25,Female,0,pallavi.agarwal3206@gmail.com,9733386544
3207,Tanya Bose,Family,India,32,26-35,Male,1,tanya.bose3207@gmail.com,9521626653
3208,Vishal Pillai,Couple,India,31,26-35,Female,0,vishal.pillai3208@gmail.com,9113104824
3209,Meera Banerjee,Leisure,India,25,18-25,Male,1,meera.banerjee3209@gmail.com,9235352139
3210,Amit Kulkarni,Couple,India,45,36-50,Male,0,amit.kulkarni3210@gmail.com,9850255295
3211,Vishal Singh,Business,India,52,51-65,Female,0,vishal.singh3211@gmail.com,9200711884
3212,Aditya Bose,Couple,India,57,51-65,Male,0,aditya.bose3212@gmail.com,9485660331
3213,Manish Mukherjee,Business,India,41,36-50,Female,1,manish.mukherjee3213@gmail.com,9487992299
3214,Gaurav Singh,Couple,India,21,18-25,Female,0,gaurav.singh3214@gmail.com,9711382669
3215,Rohan Sharma,Business,India,19,18-25,Female,0,rohan.sharma3215@gmail.com,9985029339
3216,Ananya Patel,Business,India,52,51-65,Female,0,ananya.patel3216@gmail.com,9612712419
3217,Deepak Patel,Business,Australia,33,26-35,Female,0,deepak.patel3217@gmail.com,9845593644
3218,Rohit Banerjee,Business,India,60,51-65,Male,0,rohit.banerjee3218@gmail.com,9410285655
3219,Nisha Saxena,Couple,Australia,41,36-50,Male,1,nisha.saxena3219@gmail.com,9521583792
3220,Harsh Iyer,Couple,India,66,65+,Male,0,harsh.iyer3220@gmail.com,9108643561
3221,Meera Joshi,Leisure,India,40,36-50,Male,1,meera.joshi3221@gmail.com,9328187922
3222,Gaurav Malhotra,Business,India,26,26-35,Female,1,gaurav.malhotra3222@gmail.com,9213567378
3223,Pallavi Mishra,Business,India,29,26-35,Male,0,pallavi.mishra3223@gmail.com,9810271047
3224,Rohan Banerjee,Business,India,32,26-35,Male,0,rohan.banerjee3224@gmail.com,9202272739
3225,Vikram Sharma,Business,Nepal,68,65+,Male,0,vikram.sharma3225@gmail.com,9790578165
3226,Nikhil Pandey,Family,UK,20,18-25,Female,1,nikhil.pandey3226@gmail.com,9784195511
3227,Tanvi Mishra,Business,India,50,36-50,Female,1,tanvi.mishra3227@gmail.com,9262636241
3228,Neha Singh,Leisure,India,43,36-50,Female,1,neha.singh3228@gmail.com,9246115949
3229,Muskan Dixit,Business,India,36,36-50,Female,0,muskan.dixit3229@gmail.com,9590204531
3230,Swati Mukherjee,Business,India,53,51-65,Female,0,swati.mukherjee3230@gmail.com,9707301562
3231,Divya Singh,Leisure,India,55,51-65,Female,0,divya.singh3231@gmail.com,9524387157
3232,Amit Mehta,Couple,India,44,36-50,Male,0,amit.mehta3232@gmail.com,9845407515
3233,Anjali Iyer,Business,India,40,36-50,Male,1,anjali.iyer3233@gmail.com,9596008318
3234,Pallavi Kulkarni,Business,India,62,51-65,Male,1,pallavi.kulkarni3234@gmail.com,9577726708
3235,Neha Singh,Leisure,India,71,65+,Male,1,neha.singh3235@gmail.com,9907383345
3236,Ananya Sharma,Business,India,30,26-35,Female,0,ananya.sharma3236@gmail.com,9280655444
3237,Arjun Bose,Business,India,64,51-65,Male,1,arjun.bose3237@gmail.com,9663105566
3238,Neha Reddy,Family,India,49,36-50,Male,0,neha.reddy3238@gmail.com,9707247598
3239,Arjun Rao,Couple,India,67,65+,Male,0,arjun.rao3239@gmail.com,9327027678
3240,Tanvi Chopra,Leisure,India,53,51-65,Male,0,tanvi.chopra3240@gmail.com,9436024657
3241,Rohan Das,Leisure,India,62,51-65,Female,1,rohan.das3241@gmail.com,9841667739
3242,Arjun Kapoor,Leisure,India,51,51-65,Male,0,arjun.kapoor3242@gmail.com,9905749233
3243,Swati Dixit,Leisure,India,48,36-50,Male,1,swati.dixit3243@gmail.com,9503123168
3244,Ayush Gupta,Couple,India,55,51-65,Female,0,ayush.gupta3244@gmail.com,9962972557
3245,Shreyash Verma,Couple,India,37,36-50,Male,0,shreyash.verma3245@gmail.com,9651810560
3246,Rohit Joshi,Business,France,66,65+,Female,1,rohit.joshi3246@gmail.com,9157954510
3247,Divya Mishra,Leisure,India,57,51-65,Female,0,divya.mishra3247@gmail.com,9771380753
3248,Aditya Gupta,Leisure,India,27,26-35,Male,1,aditya.gupta3248@gmail.com,9397882085
3249,Ritu Nair,Family,India,59,51-65,Male,0,ritu.nair3249@gmail.com,9904561269
3250,Ishaan Das,Couple,India,22,18-25,Female,0,ishaan.das3250@gmail.com,9486441343
3251,Rohan Agarwal,Leisure,Germany,30,26-35,Male,0,rohan.agarwal3251@gmail.com,9889972571
3252,Rahul Gupta,Business,India,58,51-65,Male,0,rahul.gupta3252@gmail.com,9397424571
3253,Anjali Mehta,Couple,India,26,26-35,Female,0,anjali.mehta3253@gmail.com,9236571491
3254,Arjun Mehta,Business,India,63,51-65,Male,1,arjun.mehta3254@gmail.com,9934132137
3255,Rohit Reddy,Leisure,India,44,36-50,Female,0,rohit.reddy3255@gmail.com,9537182575
3256,Deepak Kapoor,Business,India,18,18-25,Male,0,deepak.kapoor3256@gmail.com,9951527942
3257,Ayush Mehta,Couple,India,47,36-50,Female,0,ayush.mehta3257@gmail.com,9727668881
3258,Arjun Agarwal,Business,India,32,26-35,Male,0,arjun.agarwal3258@gmail.com,9834210703
3259,Priya Bose,Leisure,India,56,51-65,Male,0,priya.bose3259@gmail.com,9972903432
3260,Vikram Nair,Family,India,42,36-50,Male,0,vikram.nair3260@gmail.com,9270855252
3261,Simran Das,Business,India,31,26-35,Male,0,simran.das3261@gmail.com,9131322804
3262,Deepak Mehta,Leisure,Nepal,52,51-65,Female,1,deepak.mehta3262@gmail.com,9515644788
3263,Kritika Joshi,Leisure,India,54,51-65,Male,0,kritika.joshi3263@gmail.com,9317995417
3264,Neha Rao,Business,India,18,18-25,Male,0,neha.rao3264@gmail.com,9698267518
3265,Tanya Pandey,Couple,India,71,65+,Female,0,tanya.pandey3265@gmail.com,9908681051
3266,Amit Kapoor,Business,India,62,51-65,Female,0,amit.kapoor3266@gmail.com,9190315292
3267,Rohan Reddy,Leisure,India,41,36-50,Female,1,rohan.reddy3267@gmail.com,9724073270
3268,Vishal Mukherjee,Leisure,India,37,36-50,Male,0,vishal.mukherjee3268@gmail.com,9563303681
3269,Kritika Shah,Couple,UAE,37,36-50,Male,0,kritika.shah3269@gmail.com,9709405267
3270,Nikhil Chopra,Couple,India,37,36-50,Female,1,nikhil.chopra3270@gmail.com,9303766933
3271,Rohit Desai,Leisure,India,42,36-50,Male,0,rohit.desai3271@gmail.com,9995525718
3272,Neha Singh,Business,India,27,26-35,Female,1,neha.singh3272@gmail.com,9541238800
3273,Rohit Dixit,Couple,Nepal,39,36-50,Female,1,rohit.dixit3273@gmail.com,9262463133
3274,Arjun Pillai,Leisure,India,72,65+,Male,0,arjun.pillai3274@gmail.com,9629346462
3275,Ayush Pillai,Couple,India,24,18-25,Female,1,ayush.pillai3275@gmail.com,9357807643
3276,Nisha Dixit,Couple,Canada,23,18-25,Female,1,nisha.dixit3276@gmail.com,9315836278
3277,Ananya Malhotra,Couple,India,26,26-35,Female,0,ananya.malhotra3277@gmail.com,9300423564
3278,Tanya Pillai,Leisure,India,41,36-50,Male,1,tanya.pillai3278@gmail.com,9379969634
3279,Karan Pandey,Leisure,India,69,65+,Male,1,karan.pandey3279@gmail.com,9858497486
3280,Tanya Desai,Couple,USA,51,51-65,Female,0,tanya.desai3280@gmail.com,9501431312
3281,Ritu Chopra,Leisure,India,67,65+,Female,0,ritu.chopra3281@gmail.com,9705284894
3282,Ritu Nair,Business,India,68,65+,Female,0,ritu.nair3282@gmail.com,9864618363
3283,Ritu Das,Family,India,39,36-50,Male,0,ritu.das3283@gmail.com,9357621981
3284,Shruti Chopra,Family,India,48,36-50,Female,0,shruti.chopra3284@gmail.com,9881827342
3285,Ayush Mukherjee,Leisure,India,42,36-50,Male,0,ayush.mukherjee3285@gmail.com,9401031252
3286,Rohit Singh,Business,India,39,36-50,Female,0,rohit.singh3286@gmail.com,9674974169
3287,Rahul Saxena,Leisure,India,71,65+,Female,0,rahul.saxena3287@gmail.com,9974848279
3288,Swati Joshi,Couple,India,56,51-65,Male,0,swati.joshi3288@gmail.com,9498589825
3289,Rohan Kapoor,Family,India,37,36-50,Female,1,rohan.kapoor3289@gmail.com,9357192447
3290,Rahul Iyer,Business,India,26,26-35,Male,0,rahul.iyer3290@gmail.com,9870307182
3291,Simran Kumar,Business,India,29,26-35,Female,1,simran.kumar3291@gmail.com,9973636862
3292,Vishal Patel,Family,USA,34,26-35,Male,1,vishal.patel3292@gmail.com,9269021101
3293,Nikhil Pandey,Leisure,India,37,36-50,Female,0,nikhil.pandey3293@gmail.com,9329234183
3294,Sneha Iyer,Leisure,India,44,36-50,Male,0,sneha.iyer3294@gmail.com,9591663969
3295,Aditya Kumar,Family,UAE,19,18-25,Male,0,aditya.kumar3295@gmail.com,9836864391
3296,Neha Nair,Business,India,70,65+,Female,0,neha.nair3296@gmail.com,9252566629
3297,Neha Singh,Couple,India,64,51-65,Female,1,neha.singh3297@gmail.com,9698054214
3298,Ritu Malhotra,Business,India,31,26-35,Female,0,ritu.malhotra3298@gmail.com,9806459312
3299,Ritu Das,Leisure,India,45,36-50,Female,1,ritu.das3299@gmail.com,9830441124
3300,Harsh Patel,Couple,India,49,36-50,Male,0,harsh.patel3300@gmail.com,9275664851
3301,Priya Banerjee,Leisure,India,44,36-50,Female,0,priya.banerjee3301@gmail.com,9980850326
3302,Anjali Mehta,Family,India,47,36-50,Female,1,anjali.mehta3302@gmail.com,9561681813
3303,Kritika Pillai,Leisure,India,44,36-50,Male,1,kritika.pillai3303@gmail.com,9103656410
3304,Neha Verma,Leisure,India,59,51-65,Male,0,neha.verma3304@gmail.com,9775705488
3305,Manish Pandey,Business,India,70,65+,Female,0,manish.pandey3305@gmail.com,9167518831
3306,Priya Dixit,Leisure,India,38,36-50,Male,1,priya.dixit3306@gmail.com,9263190573
3307,Riya Desai,Leisure,UAE,29,26-35,Male,1,riya.desai3307@gmail.com,9300047312
3308,Sanjay Iyer,Business,India,72,65+,Male,1,sanjay.iyer3308@gmail.com,9128421680
3309,Ayush Khanna,Leisure,India,54,51-65,Male,0,ayush.khanna3309@gmail.com,9333664129
3310,Kritika Reddy,Leisure,India,62,51-65,Male,0,kritika.reddy3310@gmail.com,9276607355
3311,Amit Shah,Couple,India,30,26-35,Female,0,amit.shah3311@gmail.com,9476952556
3312,Anjali Reddy,Couple,India,29,26-35,Male,0,anjali.reddy3312@gmail.com,9300238920
3313,Rohan Das,Couple,India,72,65+,Female,0,rohan.das3313@gmail.com,9469334329
3314,Rohit Das,Business,India,57,51-65,Female,0,rohit.das3314@gmail.com,9807889939
3315,Meera Dixit,Business,India,27,26-35,Male,1,meera.dixit3315@gmail.com,9844344673
3316,Akash Mehta,Couple,Australia,57,51-65,Male,0,akash.mehta3316@gmail.com,9747884807
3317,Ayush Joshi,Leisure,India,36,36-50,Female,0,ayush.joshi3317@gmail.com,9842159490
3318,Aditya Trivedi,Business,India,32,26-35,Male,1,aditya.trivedi3318@gmail.com,9558296079
3319,Pooja Reddy,Couple,India,20,18-25,Female,0,pooja.reddy3319@gmail.com,9152564958
3320,Ananya Iyer,Couple,India,50,36-50,Male,0,ananya.iyer3320@gmail.com,9634545407
3321,Neha Mukherjee,Leisure,India,69,65+,Male,0,neha.mukherjee3321@gmail.com,9314644529
3322,Gaurav Patel,Business,India,18,18-25,Female,1,gaurav.patel3322@gmail.com,9525658880
3323,Arjun Chopra,Couple,India,72,65+,Male,0,arjun.chopra3323@gmail.com,9699444096
3324,Ananya Bose,Leisure,India,63,51-65,Male,0,ananya.bose3324@gmail.com,9629349488
3325,Shruti Dixit,Couple,Germany,66,65+,Female,0,shruti.dixit3325@gmail.com,9377316000
3326,Kritika Nair,Couple,India,38,36-50,Female,0,kritika.nair3326@gmail.com,9240686092
3327,Anjali Shah,Couple,India,62,51-65,Male,1,anjali.shah3327@gmail.com,9273286702
3328,Shreyash Sharma,Leisure,India,24,18-25,Female,1,shreyash.sharma3328@gmail.com,9265322598
3329,Manish Mishra,Business,USA,72,65+,Male,0,manish.mishra3329@gmail.com,9814042660
3330,Divya Joshi,Couple,Malaysia,40,36-50,Female,1,divya.joshi3330@gmail.com,9296538210
3331,Muskan Malhotra,Couple,India,41,36-50,Male,0,muskan.malhotra3331@gmail.com,9360106618
3332,Riya Desai,Couple,India,22,18-25,Male,0,riya.desai3332@gmail.com,9391581061
3333,Kritika Pillai,Business,India,35,26-35,Male,0,kritika.pillai3333@gmail.com,9106778439
3334,Harsh Pillai,Business,India,32,26-35,Female,0,harsh.pillai3334@gmail.com,9801369402
3335,Ananya Malhotra,Family,India,18,18-25,Male,1,ananya.malhotra3335@gmail.com,9513784436
3336,Divya Kapoor,Couple,India,21,18-25,Female,0,divya.kapoor3336@gmail.com,9346143073
3337,Rohan Pandey,Family,France,48,36-50,Female,0,rohan.pandey3337@gmail.com,9436973436
3338,Ritu Trivedi,Couple,India,20,18-25,Female,0,ritu.trivedi3338@gmail.com,9710612252
3339,Vikram Trivedi,Leisure,India,58,51-65,Male,0,vikram.trivedi3339@gmail.com,9559689340
3340,Ritu Singh,Couple,India,54,51-65,Female,0,ritu.singh3340@gmail.com,9391648881
3341,Priya Saxena,Family,USA,23,18-25,Female,0,priya.saxena3341@gmail.com,9327117829
3342,Simran Malhotra,Leisure,India,53,51-65,Female,0,simran.malhotra3342@gmail.com,9298494887
3343,Sneha Nair,Couple,India,69,65+,Male,1,sneha.nair3343@gmail.com,9281169529
3344,Shruti Joshi,Business,USA,18,18-25,Male,0,shruti.joshi3344@gmail.com,9800110782
3345,Harsh Kumar,Leisure,India,64,51-65,Male,1,harsh.kumar3345@gmail.com,9178696260
3346,Karan Saxena,Couple,India,66,65+,Female,0,karan.saxena3346@gmail.com,9766046560
3347,Kritika Iyer,Leisure,India,54,51-65,Female,0,kritika.iyer3347@gmail.com,9708161666
3348,Ishaan Nair,Business,India,22,18-25,Male,0,ishaan.nair3348@gmail.com,9619554385
3349,Aditya Singh,Leisure,India,67,65+,Male,1,aditya.singh3349@gmail.com,9800116515
3350,Gaurav Pillai,Business,India,47,36-50,Female,0,gaurav.pillai3350@gmail.com,9669531864
3351,Tanvi Agarwal,Business,India,59,51-65,Female,0,tanvi.agarwal3351@gmail.com,9784405675
3352,Meera Bose,Leisure,UAE,54,51-65,Female,1,meera.bose3352@gmail.com,9747056050
3353,Pooja Bose,Family,India,39,36-50,Female,1,pooja.bose3353@gmail.com,9650286446
3354,Simran Bose,Leisure,India,29,26-35,Male,1,simran.bose3354@gmail.com,9149049270
3355,Suresh Kumar,Business,India,22,18-25,Female,0,suresh.kumar3355@gmail.com,9931715844
3356,Manish Nair,Business,India,35,26-35,Female,0,manish.nair3356@gmail.com,9589728071
3357,Vishal Nair,Couple,India,63,51-65,Male,1,vishal.nair3357@gmail.com,9551900239
3358,Ananya Iyer,Leisure,India,37,36-50,Female,0,ananya.iyer3358@gmail.com,9918744568
3359,Shruti Nair,Couple,India,37,36-50,Female,0,shruti.nair3359@gmail.com,9432333282
3360,Pooja Rao,Couple,India,42,36-50,Female,0,pooja.rao3360@gmail.com,9136265329
3361,Deepak Desai,Couple,India,20,18-25,Male,0,deepak.desai3361@gmail.com,9479034438
3362,Sanjay Banerjee,Leisure,India,48,36-50,Male,1,sanjay.banerjee3362@gmail.com,9893618450
3363,Gaurav Verma,Couple,India,45,36-50,Male,0,gaurav.verma3363@gmail.com,9573927553
3364,Pooja Kumar,Leisure,India,54,51-65,Female,1,pooja.kumar3364@gmail.com,9847265727
3365,Gaurav Mehta,Family,India,31,26-35,Male,0,gaurav.mehta3365@gmail.com,9737334983
3366,Pallavi Das,Couple,India,29,26-35,Female,0,pallavi.das3366@gmail.com,9273422186
3367,Ishaan Joshi,Leisure,India,44,36-50,Male,0,ishaan.joshi3367@gmail.com,9352083152
3368,Pooja Desai,Leisure,India,57,51-65,Female,0,pooja.desai3368@gmail.com,9766541261
3369,Ananya Pandey,Business,India,66,65+,Female,0,ananya.pandey3369@gmail.com,9474393308
3370,Vishal Rao,Couple,India,45,36-50,Male,0,vishal.rao3370@gmail.com,9454772432
3371,Deepak Desai,Business,India,65,51-65,Male,0,deepak.desai3371@gmail.com,9376378852
3372,Vikram Trivedi,Leisure,India,57,51-65,Male,0,vikram.trivedi3372@gmail.com,9747982381
3373,Simran Mehta,Leisure,India,33,26-35,Female,1,simran.mehta3373@gmail.com,9584139882
3374,Vishal Mehta,Couple,India,35,26-35,Female,1,vishal.mehta3374@gmail.com,9664599799
3375,Ananya Joshi,Couple,India,32,26-35,Male,0,ananya.joshi3375@gmail.com,9637412357
3376,Nikhil Gupta,Couple,India,64,51-65,Female,0,nikhil.gupta3376@gmail.com,9334640805
3377,Rohan Pillai,Couple,India,59,51-65,Female,1,rohan.pillai3377@gmail.com,9269321921
3378,Arjun Sharma,Business,India,46,36-50,Male,1,arjun.sharma3378@gmail.com,9286119282
3379,Neha Desai,Business,India,66,65+,Male,0,neha.desai3379@gmail.com,9423581317
3380,Ishaan Chopra,Couple,India,36,36-50,Female,0,ishaan.chopra3380@gmail.com,9607469315
3381,Simran Gupta,Leisure,India,20,18-25,Male,1,simran.gupta3381@gmail.com,9424024403
3382,Ritu Saxena,Leisure,India,72,65+,Female,0,ritu.saxena3382@gmail.com,9168814281
3383,Anjali Das,Business,India,32,26-35,Male,0,anjali.das3383@gmail.com,9251864824
3384,Manish Kumar,Leisure,India,67,65+,Male,1,manish.kumar3384@gmail.com,9595500646
3385,Swati Desai,Business,India,40,36-50,Female,1,swati.desai3385@gmail.com,9725293851
3386,Swati Bose,Family,UK,71,65+,Female,0,swati.bose3386@gmail.com,9696331764
3387,Shruti Trivedi,Business,India,54,51-65,Male,0,shruti.trivedi3387@gmail.com,9380344818
3388,Tanya Mishra,Leisure,India,30,26-35,Female,0,tanya.mishra3388@gmail.com,9525791005
3389,Gaurav Mehta,Business,India,22,18-25,Male,0,gaurav.mehta3389@gmail.com,9691341906
3390,Tanya Patel,Couple,India,36,36-50,Male,1,tanya.patel3390@gmail.com,9537437786
3391,Suresh Dixit,Leisure,USA,65,51-65,Male,1,suresh.dixit3391@gmail.com,9366997758
3392,Karan Khanna,Family,India,36,36-50,Male,1,karan.khanna3392@gmail.com,9323244104
3393,Arjun Sharma,Family,India,32,26-35,Female,0,arjun.sharma3393@gmail.com,9546338604
3394,Shreyash Das,Leisure,Singapore,61,51-65,Female,0,shreyash.das3394@gmail.com,9680112940
3395,Priya Patel,Family,India,68,65+,Female,0,priya.patel3395@gmail.com,9251256177
3396,Rohan Desai,Family,India,42,36-50,Male,1,rohan.desai3396@gmail.com,9964059023
3397,Pooja Bose,Couple,India,49,36-50,Female,0,pooja.bose3397@gmail.com,9169161097
3398,Pallavi Verma,Couple,India,20,18-25,Female,1,pallavi.verma3398@gmail.com,9442026461
3399,Sneha Gupta,Business,India,52,51-65,Female,0,sneha.gupta3399@gmail.com,9275416693
3400,Suresh Pandey,Leisure,India,57,51-65,Female,0,suresh.pandey3400@gmail.com,9463290298
3401,Divya Iyer,Business,India,64,51-65,Male,1,divya.iyer3401@gmail.com,9243319373
3402,Ishaan Gupta,Business,India,68,65+,Male,1,ishaan.gupta3402@gmail.com,9117439414
3403,Rohit Malhotra,Family,India,54,51-65,Male,1,rohit.malhotra3403@gmail.com,9110695352
3404,Aditya Sharma,Leisure,India,30,26-35,Female,0,aditya.sharma3404@gmail.com,9573491378
3405,Vikram Das,Couple,Singapore,25,18-25,Female,0,vikram.das3405@gmail.com,9492130623
3406,Rahul Iyer,Couple,India,27,26-35,Female,0,rahul.iyer3406@gmail.com,9472989414
3407,Sanjay Mehta,Family,India,29,26-35,Female,0,sanjay.mehta3407@gmail.com,9326140103
3408,Sneha Singh,Family,India,32,26-35,Female,0,sneha.singh3408@gmail.com,9283209692
3409,Kavya Sharma,Business,India,35,26-35,Male,1,kavya.sharma3409@gmail.com,9680017903
3410,Vishal Iyer,Business,India,69,65+,Male,1,vishal.iyer3410@gmail.com,9870623786
3411,Suresh Joshi,Leisure,India,69,65+,Male,0,suresh.joshi3411@gmail.com,9500827698
3412,Sneha Iyer,Business,France,44,36-50,Female,0,sneha.iyer3412@gmail.com,9686761831
3413,Pallavi Das,Business,India,71,65+,Female,0,pallavi.das3413@gmail.com,9841938227
3414,Harsh Malhotra,Leisure,India,44,36-50,Male,0,harsh.malhotra3414@gmail.com,9993787689
3415,Ayush Dixit,Couple,India,34,26-35,Male,0,ayush.dixit3415@gmail.com,9787000175
3416,Tanvi Mehta,Leisure,India,46,36-50,Male,0,tanvi.mehta3416@gmail.com,9603757718
3417,Anjali Malhotra,Leisure,India,22,18-25,Male,1,anjali.malhotra3417@gmail.com,9742953607
3418,Amit Trivedi,Couple,India,68,65+,Female,0,amit.trivedi3418@gmail.com,9914164144
3419,Tanvi Khanna,Business,Canada,34,26-35,Male,0,tanvi.khanna3419@gmail.com,9621267068
3420,Kavya Bose,Business,India,46,36-50,Male,0,kavya.bose3420@gmail.com,9207083934
3421,Rohit Singh,Couple,India,21,18-25,Male,0,rohit.singh3421@gmail.com,9651380104
3422,Amit Mehta,Couple,Australia,40,36-50,Female,0,amit.mehta3422@gmail.com,9897518821
3423,Muskan Patel,Couple,USA,22,18-25,Female,0,muskan.patel3423@gmail.com,9985170391
3424,Harsh Khanna,Business,Singapore,20,18-25,Male,0,harsh.khanna3424@gmail.com,9478517380
3425,Arjun Saxena,Couple,India,57,51-65,Female,0,arjun.saxena3425@gmail.com,9291343796
3426,Ayush Malhotra,Couple,Nepal,66,65+,Male,0,ayush.malhotra3426@gmail.com,9285396014
3427,Divya Gupta,Leisure,India,42,36-50,Female,1,divya.gupta3427@gmail.com,9698671532
3428,Pallavi Joshi,Couple,India,19,18-25,Female,0,pallavi.joshi3428@gmail.com,9260689244
3429,Anjali Kumar,Family,India,29,26-35,Female,0,anjali.kumar3429@gmail.com,9835619677
3430,Deepak Saxena,Leisure,India,42,36-50,Male,0,deepak.saxena3430@gmail.com,9894609651
3431,Rahul Banerjee,Leisure,India,70,65+,Male,1,rahul.banerjee3431@gmail.com,9411274300
3432,Vishal Khanna,Family,India,71,65+,Male,0,vishal.khanna3432@gmail.com,9656804859
3433,Harsh Reddy,Couple,India,55,51-65,Female,1,harsh.reddy3433@gmail.com,9598887226
3434,Priya Trivedi,Leisure,India,18,18-25,Female,0,priya.trivedi3434@gmail.com,9505362403
3435,Shreyash Pillai,Couple,India,22,18-25,Female,1,shreyash.pillai3435@gmail.com,9832153415
3436,Akash Nair,Leisure,India,57,51-65,Male,0,akash.nair3436@gmail.com,9781461885
3437,Meera Joshi,Business,India,65,51-65,Female,0,meera.joshi3437@gmail.com,9387770819
3438,Divya Iyer,Leisure,India,48,36-50,Female,0,divya.iyer3438@gmail.com,9271817988
3439,Manish Saxena,Family,India,19,18-25,Female,1,manish.saxena3439@gmail.com,9528817558
3440,Manish Mishra,Family,India,27,26-35,Male,1,manish.mishra3440@gmail.com,9496087726
3441,Rohan Das,Leisure,India,27,26-35,Female,1,rohan.das3441@gmail.com,9446367983
3442,Nikhil Shah,Leisure,India,27,26-35,Female,0,nikhil.shah3442@gmail.com,9813867078
3443,Simran Kapoor,Business,India,45,36-50,Male,0,simran.kapoor3443@gmail.com,9873310521
3444,Anjali Bose,Family,India,29,26-35,Female,0,anjali.bose3444@gmail.com,9293150464
3445,Amit Rao,Family,India,22,18-25,Female,0,amit.rao3445@gmail.com,9769480579
3446,Shreyash Sharma,Couple,India,60,51-65,Female,1,shreyash.sharma3446@gmail.com,9319862291
3447,Arjun Mehta,Couple,India,52,51-65,Male,1,arjun.mehta3447@gmail.com,9716216813
3448,Tanvi Desai,Couple,India,63,51-65,Male,1,tanvi.desai3448@gmail.com,9789735464
3449,Pooja Joshi,Leisure,India,24,18-25,Male,0,pooja.joshi3449@gmail.com,9499553498
3450,Vishal Reddy,Business,India,25,18-25,Female,0,vishal.reddy3450@gmail.com,9567550375
3451,Tanvi Rao,Leisure,India,49,36-50,Female,0,tanvi.rao3451@gmail.com,9109058194
3452,Arjun Mukherjee,Couple,India,25,18-25,Female,1,arjun.mukherjee3452@gmail.com,9676850331
3453,Sneha Kapoor,Couple,India,37,36-50,Male,0,sneha.kapoor3453@gmail.com,9823400625
3454,Rahul Patel,Leisure,India,29,26-35,Female,0,rahul.patel3454@gmail.com,9663088897
3455,Riya Mehta,Family,India,51,51-65,Female,0,riya.mehta3455@gmail.com,9516307728
3456,Kritika Khanna,Business,India,65,51-65,Female,0,kritika.khanna3456@gmail.com,9227508942
3457,Ayush Rao,Leisure,France,26,26-35,Male,0,ayush.rao3457@gmail.com,9293587709
3458,Neha Agarwal,Couple,India,63,51-65,Female,0,neha.agarwal3458@gmail.com,9292248833
3459,Vikram Shah,Couple,India,19,18-25,Female,0,vikram.shah3459@gmail.com,9148825334
3460,Vishal Joshi,Couple,India,34,26-35,Male,0,vishal.joshi3460@gmail.com,9221083610
3461,Vishal Das,Leisure,India,50,36-50,Male,1,vishal.das3461@gmail.com,9760348367
3462,Akash Gupta,Business,India,55,51-65,Female,0,akash.gupta3462@gmail.com,9665696534
3463,Arjun Bose,Couple,India,50,36-50,Male,1,arjun.bose3463@gmail.com,9690077770
3464,Priya Patel,Leisure,India,45,36-50,Female,0,priya.patel3464@gmail.com,9891885100
3465,Suresh Banerjee,Business,India,21,18-25,Male,0,suresh.banerjee3465@gmail.com,9311214114
3466,Suresh Mishra,Couple,India,30,26-35,Female,1,suresh.mishra3466@gmail.com,9203467018
3467,Rahul Malhotra,Leisure,India,20,18-25,Female,0,rahul.malhotra3467@gmail.com,9390074356
3468,Kavya Kulkarni,Couple,India,33,26-35,Male,0,kavya.kulkarni3468@gmail.com,9693941069
3469,Suresh Dixit,Couple,India,71,65+,Male,0,suresh.dixit3469@gmail.com,9706186569
3470,Muskan Patel,Business,India,46,36-50,Female,0,muskan.patel3470@gmail.com,9564066437
3471,Suresh Pandey,Business,India,66,65+,Female,0,suresh.pandey3471@gmail.com,9343888017
3472,Divya Desai,Couple,India,31,26-35,Female,0,divya.desai3472@gmail.com,9318878658
3473,Meera Pandey,Couple,India,44,36-50,Male,0,meera.pandey3473@gmail.com,9781825780
3474,Neha Kulkarni,Couple,India,52,51-65,Female,1,neha.kulkarni3474@gmail.com,9588419169
3475,Arjun Mehta,Couple,India,53,51-65,Female,0,arjun.mehta3475@gmail.com,9216672965
3476,Rahul Singh,Couple,India,27,26-35,Male,1,rahul.singh3476@gmail.com,9342245638
3477,Ayush Gupta,Family,India,61,51-65,Male,0,ayush.gupta3477@gmail.com,9300612515
3478,Pallavi Das,Leisure,India,64,51-65,Male,0,pallavi.das3478@gmail.com,9449359982
3479,Priya Kapoor,Leisure,India,49,36-50,Female,1,priya.kapoor3479@gmail.com,9146652745
3480,Shruti Mukherjee,Leisure,India,64,51-65,Female,0,shruti.mukherjee3480@gmail.com,9279366591
3481,Rahul Bose,Business,India,51,51-65,Male,0,rahul.bose3481@gmail.com,9973186881
3482,Ritu Mehta,Leisure,India,57,51-65,Male,0,ritu.mehta3482@gmail.com,9577379903
3483,Nikhil Kumar,Leisure,India,50,36-50,Male,0,nikhil.kumar3483@gmail.com,9737180756
3484,Nikhil Saxena,Family,India,59,51-65,Male,0,nikhil.saxena3484@gmail.com,9420950640
3485,Manish Pillai,Leisure,India,29,26-35,Male,0,manish.pillai3485@gmail.com,9982517685
3486,Anjali Banerjee,Leisure,India,42,36-50,Female,0,anjali.banerjee3486@gmail.com,9982589275
3487,Kritika Mishra,Leisure,India,66,65+,Male,0,kritika.mishra3487@gmail.com,9479999237
3488,Rohan Pandey,Business,India,26,26-35,Female,0,rohan.pandey3488@gmail.com,9430763906
3489,Muskan Reddy,Business,India,54,51-65,Male,0,muskan.reddy3489@gmail.com,9339998152
3490,Ayush Verma,Leisure,USA,45,36-50,Male,0,ayush.verma3490@gmail.com,9892608419
3491,Nisha Kulkarni,Business,India,55,51-65,Male,0,nisha.kulkarni3491@gmail.com,9773667319
3492,Riya Gupta,Couple,India,44,36-50,Female,0,riya.gupta3492@gmail.com,9426968135
3493,Vikram Mukherjee,Family,India,54,51-65,Female,0,vikram.mukherjee3493@gmail.com,9703910915
3494,Rahul Mishra,Family,India,47,36-50,Female,0,rahul.mishra3494@gmail.com,9634756202
3495,Deepak Mishra,Couple,India,61,51-65,Female,0,deepak.mishra3495@gmail.com,9180818365
3496,Shreyash Shah,Business,India,69,65+,Female,1,shreyash.shah3496@gmail.com,9596115253
3497,Kavya Khanna,Family,India,51,51-65,Female,1,kavya.khanna3497@gmail.com,9887134505
3498,Simran Mishra,Family,India,24,18-25,Female,0,simran.mishra3498@gmail.com,9727365757
3499,Tanvi Sharma,Business,India,36,36-50,Female,1,tanvi.sharma3499@gmail.com,9749536504
3500,Suresh Pillai,Couple,India,50,36-50,Female,0,suresh.pillai3500@gmail.com,9450756034
3501,Suresh Kumar,Leisure,India,28,26-35,Female,1,suresh.kumar3501@gmail.com,9592504899
3502,Amit Kapoor,Couple,India,36,36-50,Male,1,amit.kapoor3502@gmail.com,9684506615
3503,Divya Verma,Family,India,71,65+,Female,0,divya.verma3503@gmail.com,9212071430
3504,Aditya Sharma,Business,India,52,51-65,Male,0,aditya.sharma3504@gmail.com,9963823038
3505,Amit Malhotra,Family,India,37,36-50,Male,0,amit.malhotra3505@gmail.com,9891233200
3506,Riya Verma,Couple,India,53,51-65,Female,0,riya.verma3506@gmail.com,9354006948
3507,Rahul Gupta,Family,India,68,65+,Female,0,rahul.gupta3507@gmail.com,9150727105
3508,Rahul Shah,Leisure,India,61,51-65,Female,0,rahul.shah3508@gmail.com,9915799285
3509,Kritika Kumar,Couple,India,67,65+,Female,0,kritika.kumar3509@gmail.com,9118562199
3510,Manish Kapoor,Business,India,24,18-25,Female,0,manish.kapoor3510@gmail.com,9305709493
3511,Akash Mishra,Leisure,USA,72,65+,Female,0,akash.mishra3511@gmail.com,9711476881
3512,Sneha Reddy,Business,India,64,51-65,Male,0,sneha.reddy3512@gmail.com,9669963093
3513,Riya Joshi,Family,India,59,51-65,Male,1,riya.joshi3513@gmail.com,9777556202
3514,Meera Rao,Couple,India,62,51-65,Male,1,meera.rao3514@gmail.com,9391395622
3515,Vishal Khanna,Family,India,26,26-35,Male,0,vishal.khanna3515@gmail.com,9394483082
3516,Swati Rao,Family,India,43,36-50,Female,1,swati.rao3516@gmail.com,9141467227
3517,Gaurav Gupta,Business,India,25,18-25,Female,0,gaurav.gupta3517@gmail.com,9756358865
3518,Ayush Rao,Leisure,India,26,26-35,Female,0,ayush.rao3518@gmail.com,9924760857
3519,Divya Joshi,Business,India,25,18-25,Male,0,divya.joshi3519@gmail.com,9331342886
3520,Vishal Iyer,Business,India,34,26-35,Female,0,vishal.iyer3520@gmail.com,9517468282
3521,Nisha Mishra,Business,India,61,51-65,Female,0,nisha.mishra3521@gmail.com,9339269763
3522,Ayush Rao,Leisure,India,28,26-35,Male,0,ayush.rao3522@gmail.com,9978085832
3523,Aditya Mishra,Leisure,India,38,36-50,Male,0,aditya.mishra3523@gmail.com,9187870374
3524,Rohit Khanna,Business,India,64,51-65,Female,1,rohit.khanna3524@gmail.com,9278481809
3525,Ayush Patel,Business,India,65,51-65,Male,0,ayush.patel3525@gmail.com,9806964540
3526,Divya Singh,Business,India,63,51-65,Female,1,divya.singh3526@gmail.com,9936231141
3527,Anjali Bose,Family,India,49,36-50,Male,0,anjali.bose3527@gmail.com,9390661851
3528,Tanvi Bose,Couple,India,64,51-65,Male,0,tanvi.bose3528@gmail.com,9696662282
3529,Sanjay Banerjee,Family,UK,38,36-50,Female,1,sanjay.banerjee3529@gmail.com,9727554783
3530,Nisha Joshi,Leisure,UAE,71,65+,Female,1,nisha.joshi3530@gmail.com,9435681563
3531,Arjun Kapoor,Leisure,India,50,36-50,Female,0,arjun.kapoor3531@gmail.com,9760295153
3532,Pooja Iyer,Couple,India,21,18-25,Female,0,pooja.iyer3532@gmail.com,9668109294
3533,Sneha Chopra,Leisure,India,56,51-65,Male,1,sneha.chopra3533@gmail.com,9587594775
3534,Nisha Verma,Leisure,India,32,26-35,Female,0,nisha.verma3534@gmail.com,9482919961
3535,Anjali Khanna,Business,India,51,51-65,Female,1,anjali.khanna3535@gmail.com,9947687725
3536,Pallavi Kumar,Business,India,55,51-65,Female,0,pallavi.kumar3536@gmail.com,9713188261
3537,Pallavi Shah,Leisure,India,36,36-50,Male,1,pallavi.shah3537@gmail.com,9348429506
3538,Harsh Reddy,Leisure,India,19,18-25,Male,1,harsh.reddy3538@gmail.com,9668923329
3539,Meera Rao,Couple,India,68,65+,Male,0,meera.rao3539@gmail.com,9357317854
3540,Ishaan Dixit,Business,India,29,26-35,Female,0,ishaan.dixit3540@gmail.com,9650807925
3541,Riya Reddy,Business,India,29,26-35,Male,0,riya.reddy3541@gmail.com,9286925876
3542,Riya Mishra,Couple,India,30,26-35,Male,0,riya.mishra3542@gmail.com,9695767741
3543,Shruti Joshi,Business,India,61,51-65,Male,0,shruti.joshi3543@gmail.com,9231240385
3544,Akash Banerjee,Leisure,India,44,36-50,Female,0,akash.banerjee3544@gmail.com,9328392282
3545,Sanjay Das,Family,India,48,36-50,Male,1,sanjay.das3545@gmail.com,9706154167
3546,Arjun Chopra,Business,India,61,51-65,Female,1,arjun.chopra3546@gmail.com,9399806241
3547,Gaurav Nair,Business,India,65,51-65,Female,0,gaurav.nair3547@gmail.com,9506840665
3548,Suresh Saxena,Leisure,India,55,51-65,Male,0,suresh.saxena3548@gmail.com,9341037744
3549,Meera Pandey,Leisure,India,26,26-35,Female,0,meera.pandey3549@gmail.com,9775496328
3550,Shruti Verma,Leisure,India,21,18-25,Male,0,shruti.verma3550@gmail.com,9220436830
3551,Sneha Mishra,Couple,India,53,51-65,Female,0,sneha.mishra3551@gmail.com,9720020886
3552,Priya Mishra,Business,India,71,65+,Female,1,priya.mishra3552@gmail.com,9856206028
3553,Pooja Mishra,Leisure,India,44,36-50,Female,0,pooja.mishra3553@gmail.com,9282752130
3554,Vishal Kapoor,Leisure,India,65,51-65,Female,0,vishal.kapoor3554@gmail.com,9819398371
3555,Muskan Das,Business,India,55,51-65,Female,0,muskan.das3555@gmail.com,9702412114
3556,Tanya Pandey,Couple,India,39,36-50,Female,0,tanya.pandey3556@gmail.com,9235740731
3557,Ishaan Das,Leisure,India,71,65+,Male,1,ishaan.das3557@gmail.com,9176726487
3558,Akash Das,Leisure,India,47,36-50,Male,0,akash.das3558@gmail.com,9421306214
3559,Ishaan Mishra,Business,India,58,51-65,Female,0,ishaan.mishra3559@gmail.com,9596199824
3560,Rahul Dixit,Leisure,India,66,65+,Female,0,rahul.dixit3560@gmail.com,9382063522
3561,Swati Trivedi,Leisure,India,68,65+,Female,0,swati.trivedi3561@gmail.com,9321309660
3562,Shruti Nair,Couple,India,51,51-65,Female,0,shruti.nair3562@gmail.com,9212540121
3563,Pooja Joshi,Business,France,31,26-35,Male,1,pooja.joshi3563@gmail.com,9639853219
3564,Swati Mukherjee,Leisure,India,72,65+,Male,0,swati.mukherjee3564@gmail.com,9720754042
3565,Kavya Agarwal,Leisure,India,71,65+,Male,1,kavya.agarwal3565@gmail.com,9461377871
3566,Rohan Sharma,Couple,India,65,51-65,Male,0,rohan.sharma3566@gmail.com,9578131746
3567,Pallavi Saxena,Leisure,India,41,36-50,Female,1,pallavi.saxena3567@gmail.com,9556582339
3568,Shruti Saxena,Couple,India,32,26-35,Female,1,shruti.saxena3568@gmail.com,9990195231
3569,Sanjay Das,Couple,India,52,51-65,Male,0,sanjay.das3569@gmail.com,9598945753
3570,Rahul Mukherjee,Family,USA,38,36-50,Male,1,rahul.mukherjee3570@gmail.com,9523659676
3571,Priya Das,Leisure,India,25,18-25,Male,0,priya.das3571@gmail.com,9185706314
3572,Rahul Mehta,Leisure,India,26,26-35,Female,0,rahul.mehta3572@gmail.com,9793978998
3573,Sanjay Chopra,Couple,India,33,26-35,Female,1,sanjay.chopra3573@gmail.com,9163426793
3574,Ishaan Malhotra,Family,India,69,65+,Male,0,ishaan.malhotra3574@gmail.com,9870064941
3575,Neha Patel,Family,India,38,36-50,Male,0,neha.patel3575@gmail.com,9421410504
3576,Meera Banerjee,Leisure,India,31,26-35,Female,1,meera.banerjee3576@gmail.com,9468562982
3577,Ishaan Nair,Business,India,42,36-50,Female,1,ishaan.nair3577@gmail.com,9572307673
3578,Pooja Shah,Leisure,Singapore,40,36-50,Female,0,pooja.shah3578@gmail.com,9324396789
3579,Manish Mehta,Couple,India,21,18-25,Male,0,manish.mehta3579@gmail.com,9684708979
3580,Sanjay Desai,Leisure,India,23,18-25,Female,0,sanjay.desai3580@gmail.com,9413423927
3581,Akash Pillai,Leisure,India,23,18-25,Female,0,akash.pillai3581@gmail.com,9980909985
3582,Gaurav Mehta,Couple,India,49,36-50,Male,0,gaurav.mehta3582@gmail.com,9948099169
3583,Neha Kumar,Leisure,India,36,36-50,Male,0,neha.kumar3583@gmail.com,9828901766
3584,Muskan Patel,Family,India,26,26-35,Male,0,muskan.patel3584@gmail.com,9295110449
3585,Pallavi Sharma,Leisure,India,52,51-65,Female,0,pallavi.sharma3585@gmail.com,9798100675
3586,Gaurav Rao,Leisure,India,39,36-50,Male,0,gaurav.rao3586@gmail.com,9659677207
3587,Pooja Kapoor,Leisure,India,34,26-35,Male,0,pooja.kapoor3587@gmail.com,9833320192
3588,Nikhil Singh,Couple,India,24,18-25,Female,0,nikhil.singh3588@gmail.com,9447172739
3589,Meera Malhotra,Business,India,70,65+,Female,0,meera.malhotra3589@gmail.com,9385186882
3590,Amit Chopra,Business,India,20,18-25,Male,0,amit.chopra3590@gmail.com,9687189612
3591,Rahul Gupta,Family,India,31,26-35,Male,1,rahul.gupta3591@gmail.com,9622489642
3592,Nikhil Shah,Business,India,26,26-35,Male,1,nikhil.shah3592@gmail.com,9378274210
3593,Ritu Iyer,Leisure,India,51,51-65,Male,0,ritu.iyer3593@gmail.com,9952816146
3594,Meera Dixit,Leisure,India,54,51-65,Female,0,meera.dixit3594@gmail.com,9148214878
3595,Nikhil Nair,Leisure,India,34,26-35,Male,0,nikhil.nair3595@gmail.com,9285900374
3596,Shreyash Mishra,Couple,India,57,51-65,Female,0,shreyash.mishra3596@gmail.com,9443491142
3597,Manish Kumar,Business,Germany,33,26-35,Female,0,manish.kumar3597@gmail.com,9587129280
3598,Rohit Desai,Leisure,India,25,18-25,Female,1,rohit.desai3598@gmail.com,9311039652
3599,Priya Bose,Leisure,India,69,65+,Male,0,priya.bose3599@gmail.com,9913422740
3600,Gaurav Pandey,Couple,India,67,65+,Male,1,gaurav.pandey3600@gmail.com,9323622397
3601,Simran Reddy,Business,India,22,18-25,Female,1,simran.reddy3601@gmail.com,9604544064
3602,Akash Bose,Leisure,India,50,36-50,Male,0,akash.bose3602@gmail.com,9330262923
3603,Kritika Khanna,Business,India,46,36-50,Male,0,kritika.khanna3603@gmail.com,9201246436
3604,Aditya Banerjee,Leisure,India,56,51-65,Male,0,aditya.banerjee3604@gmail.com,9221029042
3605,Manish Shah,Business,India,70,65+,Female,0,manish.shah3605@gmail.com,9300027050
3606,Tanvi Gupta,Business,India,26,26-35,Female,1,tanvi.gupta3606@gmail.com,9279163215
3607,Amit Dixit,Couple,India,22,18-25,Male,0,amit.dixit3607@gmail.com,9349799332
3608,Pooja Agarwal,Leisure,India,64,51-65,Female,0,pooja.agarwal3608@gmail.com,9243828265
3609,Rahul Verma,Family,India,22,18-25,Male,1,rahul.verma3609@gmail.com,9841033555
3610,Harsh Banerjee,Family,India,71,65+,Female,1,harsh.banerjee3610@gmail.com,9330952719
3611,Suresh Verma,Leisure,India,67,65+,Male,0,suresh.verma3611@gmail.com,9790680725
3612,Vikram Patel,Business,India,48,36-50,Female,1,vikram.patel3612@gmail.com,9781065609
3613,Anjali Gupta,Leisure,India,52,51-65,Female,1,anjali.gupta3613@gmail.com,9884035306
3614,Ananya Nair,Couple,India,65,51-65,Female,0,ananya.nair3614@gmail.com,9716688859
3615,Nikhil Shah,Leisure,India,29,26-35,Female,1,nikhil.shah3615@gmail.com,9632585515
3616,Nisha Trivedi,Business,India,29,26-35,Female,1,nisha.trivedi3616@gmail.com,9993763079
3617,Meera Joshi,Leisure,India,24,18-25,Male,0,meera.joshi3617@gmail.com,9767713835
3618,Sneha Patel,Couple,India,37,36-50,Female,0,sneha.patel3618@gmail.com,9206533185
3619,Gaurav Shah,Couple,India,48,36-50,Male,1,gaurav.shah3619@gmail.com,9528805552
3620,Akash Banerjee,Business,India,28,26-35,Male,0,akash.banerjee3620@gmail.com,9262614360
3621,Amit Patel,Couple,India,39,36-50,Male,0,amit.patel3621@gmail.com,9961771921
3622,Nikhil Das,Business,India,22,18-25,Female,1,nikhil.das3622@gmail.com,9683794890
3623,Simran Sharma,Business,India,39,36-50,Female,0,simran.sharma3623@gmail.com,9436068827
3624,Priya Patel,Family,India,49,36-50,Male,1,priya.patel3624@gmail.com,9956782979
3625,Rohan Sharma,Business,India,69,65+,Female,1,rohan.sharma3625@gmail.com,9595509445
3626,Pooja Shah,Leisure,India,59,51-65,Female,1,pooja.shah3626@gmail.com,9200420837
3627,Arjun Shah,Business,India,70,65+,Female,0,arjun.shah3627@gmail.com,9898052605
3628,Shreyash Nair,Family,India,59,51-65,Female,0,shreyash.nair3628@gmail.com,9299327145
3629,Neha Sharma,Couple,India,38,36-50,Female,0,neha.sharma3629@gmail.com,9950776308
3630,Neha Nair,Couple,India,54,51-65,Male,0,neha.nair3630@gmail.com,9173446805
3631,Riya Pandey,Couple,India,47,36-50,Female,0,riya.pandey3631@gmail.com,9537079839
3632,Sneha Gupta,Business,India,66,65+,Female,0,sneha.gupta3632@gmail.com,9944517782
3633,Rohit Joshi,Leisure,India,27,26-35,Male,0,rohit.joshi3633@gmail.com,9116532141
3634,Anjali Malhotra,Leisure,India,31,26-35,Female,0,anjali.malhotra3634@gmail.com,9252381222
3635,Priya Saxena,Business,India,37,36-50,Female,0,priya.saxena3635@gmail.com,9609447916
3636,Divya Kapoor,Leisure,India,19,18-25,Male,0,divya.kapoor3636@gmail.com,9551686952
3637,Manish Malhotra,Family,India,32,26-35,Male,0,manish.malhotra3637@gmail.com,9184721244
3638,Pallavi Agarwal,Business,India,64,51-65,Male,0,pallavi.agarwal3638@gmail.com,9827059836
3639,Rohit Verma,Leisure,India,70,65+,Female,0,rohit.verma3639@gmail.com,9476620928
3640,Neha Kapoor,Business,India,26,26-35,Male,1,neha.kapoor3640@gmail.com,9816631231
3641,Neha Malhotra,Business,India,55,51-65,Male,1,neha.malhotra3641@gmail.com,9561566230
3642,Tanvi Kulkarni,Family,India,66,65+,Female,0,tanvi.kulkarni3642@gmail.com,9961499302
3643,Tanvi Kulkarni,Leisure,India,34,26-35,Female,0,tanvi.kulkarni3643@gmail.com,9949505560
3644,Shreyash Pillai,Leisure,India,26,26-35,Male,0,shreyash.pillai3644@gmail.com,9163122517
3645,Rahul Reddy,Couple,India,35,26-35,Female,0,rahul.reddy3645@gmail.com,9125378537
3646,Shreyash Das,Business,India,46,36-50,Male,0,shreyash.das3646@gmail.com,9217612804
3647,Rohan Patel,Leisure,India,36,36-50,Male,1,rohan.patel3647@gmail.com,9422955277
3648,Amit Patel,Leisure,India,54,51-65,Male,0,amit.patel3648@gmail.com,9884220501
3649,Rohit Pandey,Leisure,India,68,65+,Female,0,rohit.pandey3649@gmail.com,9399147144
3650,Tanvi Verma,Family,India,45,36-50,Female,0,tanvi.verma3650@gmail.com,9141953985
3651,Shreyash Joshi,Couple,India,32,26-35,Female,0,shreyash.joshi3651@gmail.com,9563527323
3652,Divya Gupta,Leisure,Canada,72,65+,Male,1,divya.gupta3652@gmail.com,9278777701
3653,Karan Das,Couple,Malaysia,49,36-50,Male,0,karan.das3653@gmail.com,9485773547
3654,Swati Sharma,Business,India,66,65+,Male,1,swati.sharma3654@gmail.com,9122141829
3655,Priya Mishra,Business,India,42,36-50,Male,0,priya.mishra3655@gmail.com,9898624180
3656,Kritika Iyer,Business,India,55,51-65,Male,0,kritika.iyer3656@gmail.com,9103606363
3657,Ishaan Reddy,Leisure,India,67,65+,Male,1,ishaan.reddy3657@gmail.com,9227894411
3658,Kritika Trivedi,Leisure,India,19,18-25,Male,0,kritika.trivedi3658@gmail.com,9908493840
3659,Anjali Pandey,Couple,India,26,26-35,Female,1,anjali.pandey3659@gmail.com,9590427635
3660,Simran Pillai,Family,India,67,65+,Female,0,simran.pillai3660@gmail.com,9763331844
3661,Amit Kapoor,Leisure,India,52,51-65,Female,0,amit.kapoor3661@gmail.com,9188262104
3662,Ananya Rao,Leisure,India,34,26-35,Female,1,ananya.rao3662@gmail.com,9154398124
3663,Priya Dixit,Business,India,70,65+,Female,0,priya.dixit3663@gmail.com,9367405921
3664,Shruti Kumar,Business,India,64,51-65,Male,0,shruti.kumar3664@gmail.com,9188564299
3665,Arjun Reddy,Leisure,India,38,36-50,Male,0,arjun.reddy3665@gmail.com,9696244497
3666,Tanya Banerjee,Leisure,India,39,36-50,Male,0,tanya.banerjee3666@gmail.com,9964207402
3667,Nisha Gupta,Couple,India,30,26-35,Female,0,nisha.gupta3667@gmail.com,9813749161
3668,Rahul Singh,Business,India,31,26-35,Female,0,rahul.singh3668@gmail.com,9398214706
3669,Nikhil Rao,Business,India,46,36-50,Female,0,nikhil.rao3669@gmail.com,9717137562
3670,Ayush Agarwal,Leisure,India,36,36-50,Female,0,ayush.agarwal3670@gmail.com,9563794658
3671,Akash Gupta,Business,Canada,21,18-25,Male,1,akash.gupta3671@gmail.com,9248120733
3672,Ritu Kulkarni,Business,India,64,51-65,Male,0,ritu.kulkarni3672@gmail.com,9858426762
3673,Tanvi Dixit,Couple,India,62,51-65,Male,0,tanvi.dixit3673@gmail.com,9800743524
3674,Aditya Reddy,Business,India,56,51-65,Female,0,aditya.reddy3674@gmail.com,9260300857
3675,Kritika Gupta,Couple,India,51,51-65,Female,0,kritika.gupta3675@gmail.com,9175191770
3676,Harsh Verma,Leisure,Singapore,38,36-50,Male,0,harsh.verma3676@gmail.com,9947900230
3677,Manish Bose,Business,India,44,36-50,Female,1,manish.bose3677@gmail.com,9338659718
3678,Manish Iyer,Leisure,India,18,18-25,Female,1,manish.iyer3678@gmail.com,9765456801
3679,Arjun Mukherjee,Couple,India,26,26-35,Female,1,arjun.mukherjee3679@gmail.com,9224763823
3680,Nikhil Singh,Leisure,India,29,26-35,Female,0,nikhil.singh3680@gmail.com,9119218823
3681,Vishal Pillai,Couple,India,25,18-25,Male,1,vishal.pillai3681@gmail.com,9745979232
3682,Divya Mehta,Business,India,34,26-35,Female,0,divya.mehta3682@gmail.com,9157748100
3683,Pooja Gupta,Couple,India,33,26-35,Male,0,pooja.gupta3683@gmail.com,9131809298
3684,Pooja Das,Business,India,30,26-35,Male,0,pooja.das3684@gmail.com,9773393647
3685,Shruti Singh,Couple,India,23,18-25,Male,1,shruti.singh3685@gmail.com,9383996078
3686,Tanvi Banerjee,Leisure,India,18,18-25,Female,0,tanvi.banerjee3686@gmail.com,9567320568
3687,Sanjay Mehta,Family,Malaysia,66,65+,Female,0,sanjay.mehta3687@gmail.com,9878898868
3688,Amit Kulkarni,Leisure,India,59,51-65,Male,0,amit.kulkarni3688@gmail.com,9572238097
3689,Nikhil Mehta,Business,India,37,36-50,Female,0,nikhil.mehta3689@gmail.com,9127008056
3690,Arjun Agarwal,Business,India,39,36-50,Male,1,arjun.agarwal3690@gmail.com,9636034022
3691,Meera Das,Couple,India,49,36-50,Male,1,meera.das3691@gmail.com,9475511492
3692,Ananya Rao,Leisure,India,49,36-50,Female,0,ananya.rao3692@gmail.com,9275215227
3693,Sanjay Mukherjee,Couple,India,65,51-65,Male,0,sanjay.mukherjee3693@gmail.com,9817451204
3694,Divya Kapoor,Business,India,18,18-25,Female,0,divya.kapoor3694@gmail.com,9855476553
3695,Gaurav Dixit,Leisure,India,62,51-65,Female,0,gaurav.dixit3695@gmail.com,9239610079
3696,Ritu Singh,Business,India,46,36-50,Female,0,ritu.singh3696@gmail.com,9574591565
3697,Shreyash Desai,Family,India,68,65+,Female,0,shreyash.desai3697@gmail.com,9991065414
3698,Pooja Pillai,Couple,India,55,51-65,Male,0,pooja.pillai3698@gmail.com,9488271081
3699,Rahul Patel,Family,India,24,18-25,Female,0,rahul.patel3699@gmail.com,9619017407
3700,Nisha Gupta,Leisure,India,33,26-35,Female,0,nisha.gupta3700@gmail.com,9971550901
3701,Meera Khanna,Couple,India,37,36-50,Female,0,meera.khanna3701@gmail.com,9909493991
3702,Gaurav Mishra,Couple,India,25,18-25,Male,1,gaurav.mishra3702@gmail.com,9948932397
3703,Shruti Pandey,Leisure,India,56,51-65,Female,1,shruti.pandey3703@gmail.com,9375713180
3704,Rohan Trivedi,Couple,India,19,18-25,Female,0,rohan.trivedi3704@gmail.com,9396795419
3705,Vishal Bose,Family,India,67,65+,Male,1,vishal.bose3705@gmail.com,9862633133
3706,Muskan Nair,Family,India,52,51-65,Male,0,muskan.nair3706@gmail.com,9597785971
3707,Kavya Sharma,Couple,USA,45,36-50,Male,0,kavya.sharma3707@gmail.com,9462240948
3708,Simran Trivedi,Leisure,India,50,36-50,Male,0,simran.trivedi3708@gmail.com,9667188111
3709,Ishaan Verma,Leisure,India,69,65+,Female,0,ishaan.verma3709@gmail.com,9535028428
3710,Kritika Verma,Family,India,40,36-50,Male,0,kritika.verma3710@gmail.com,9146968041
3711,Divya Singh,Business,India,70,65+,Female,0,divya.singh3711@gmail.com,9804923873
3712,Ritu Singh,Couple,France,29,26-35,Male,0,ritu.singh3712@gmail.com,9227199606
3713,Kritika Patel,Couple,India,57,51-65,Female,1,kritika.patel3713@gmail.com,9357394671
3714,Harsh Gupta,Couple,India,63,51-65,Female,1,harsh.gupta3714@gmail.com,9162764682
3715,Karan Joshi,Family,India,62,51-65,Male,1,karan.joshi3715@gmail.com,9579663895
3716,Ananya Pandey,Leisure,India,57,51-65,Male,1,ananya.pandey3716@gmail.com,9967140722
3717,Ritu Patel,Leisure,India,31,26-35,Female,0,ritu.patel3717@gmail.com,9609859727
3718,Neha Mehta,Business,India,66,65+,Female,0,neha.mehta3718@gmail.com,9733179112
3719,Pallavi Mukherjee,Leisure,India,53,51-65,Female,1,pallavi.mukherjee3719@gmail.com,9904463500
3720,Arjun Kulkarni,Leisure,India,66,65+,Female,0,arjun.kulkarni3720@gmail.com,9267061425
3721,Manish Pillai,Leisure,Canada,57,51-65,Male,0,manish.pillai3721@gmail.com,9377423226
3722,Arjun Saxena,Couple,India,36,36-50,Female,0,arjun.saxena3722@gmail.com,9452892501
3723,Tanya Dixit,Family,India,58,51-65,Male,1,tanya.dixit3723@gmail.com,9569815209
3724,Swati Mehta,Business,India,51,51-65,Male,0,swati.mehta3724@gmail.com,9124302873
3725,Riya Dixit,Leisure,India,53,51-65,Female,0,riya.dixit3725@gmail.com,9103718488
3726,Riya Gupta,Family,India,56,51-65,Male,0,riya.gupta3726@gmail.com,9602455623
3727,Neha Rao,Business,India,45,36-50,Male,0,neha.rao3727@gmail.com,9649740479
3728,Neha Mukherjee,Business,India,48,36-50,Male,1,neha.mukherjee3728@gmail.com,9317757643
3729,Ayush Kulkarni,Business,India,58,51-65,Female,1,ayush.kulkarni3729@gmail.com,9626573732
3730,Neha Mishra,Leisure,India,49,36-50,Female,0,neha.mishra3730@gmail.com,9143291532
3731,Akash Kulkarni,Business,India,53,51-65,Male,0,akash.kulkarni3731@gmail.com,9107488394
3732,Divya Trivedi,Family,India,53,51-65,Male,0,divya.trivedi3732@gmail.com,9869140627
3733,Ananya Chopra,Leisure,India,47,36-50,Male,1,ananya.chopra3733@gmail.com,9799362244
3734,Deepak Pillai,Leisure,India,30,26-35,Male,1,deepak.pillai3734@gmail.com,9524408656
3735,Divya Joshi,Business,India,43,36-50,Male,0,divya.joshi3735@gmail.com,9512801950
3736,Ayush Pillai,Leisure,India,53,51-65,Female,0,ayush.pillai3736@gmail.com,9378723623
3737,Kritika Pillai,Couple,India,19,18-25,Female,0,kritika.pillai3737@gmail.com,9832549899
3738,Manish Singh,Couple,India,57,51-65,Male,1,manish.singh3738@gmail.com,9491569078
3739,Anjali Singh,Couple,India,21,18-25,Male,0,anjali.singh3739@gmail.com,9420180997
3740,Anjali Kapoor,Leisure,India,18,18-25,Female,0,anjali.kapoor3740@gmail.com,9333630781
3741,Karan Chopra,Family,India,70,65+,Female,0,karan.chopra3741@gmail.com,9268084350
3742,Vishal Desai,Couple,India,62,51-65,Male,0,vishal.desai3742@gmail.com,9338511767
3743,Rohan Gupta,Couple,India,52,51-65,Female,0,rohan.gupta3743@gmail.com,9336642661
3744,Priya Sharma,Business,India,24,18-25,Female,0,priya.sharma3744@gmail.com,9969182805
3745,Vikram Pandey,Business,India,38,36-50,Male,1,vikram.pandey3745@gmail.com,9208377056
3746,Tanya Dixit,Business,India,42,36-50,Female,0,tanya.dixit3746@gmail.com,9919963657
3747,Ananya Kapoor,Couple,Australia,36,36-50,Female,0,ananya.kapoor3747@gmail.com,9363139796
3748,Aditya Pillai,Leisure,India,39,36-50,Male,0,aditya.pillai3748@gmail.com,9197404735
3749,Pooja Sharma,Leisure,India,19,18-25,Male,0,pooja.sharma3749@gmail.com,9396500148
3750,Harsh Rao,Family,India,67,65+,Male,0,harsh.rao3750@gmail.com,9980750569
3751,Simran Trivedi,Family,India,72,65+,Male,0,simran.trivedi3751@gmail.com,9364980053
3752,Ananya Malhotra,Family,India,65,51-65,Male,1,ananya.malhotra3752@gmail.com,9927241215
3753,Vikram Kulkarni,Leisure,India,49,36-50,Female,0,vikram.kulkarni3753@gmail.com,9243866809
3754,Aditya Saxena,Couple,India,66,65+,Female,0,aditya.saxena3754@gmail.com,9466539120
3755,Tanya Verma,Leisure,India,42,36-50,Male,0,tanya.verma3755@gmail.com,9971983778
3756,Ayush Iyer,Business,India,32,26-35,Female,1,ayush.iyer3756@gmail.com,9417436521
3757,Vishal Rao,Business,Nepal,71,65+,Female,0,vishal.rao3757@gmail.com,9554033342
3758,Pallavi Iyer,Leisure,India,20,18-25,Female,1,pallavi.iyer3758@gmail.com,9209248530
3759,Priya Iyer,Leisure,India,21,18-25,Female,1,priya.iyer3759@gmail.com,9512611145
3760,Deepak Mukherjee,Couple,India,48,36-50,Male,0,deepak.mukherjee3760@gmail.com,9875950369
3761,Sneha Shah,Business,India,49,36-50,Female,0,sneha.shah3761@gmail.com,9345104026
3762,Ishaan Sharma,Couple,India,46,36-50,Female,0,ishaan.sharma3762@gmail.com,9423963056
3763,Shreyash Desai,Leisure,India,63,51-65,Female,0,shreyash.desai3763@gmail.com,9511589553
3764,Sneha Joshi,Leisure,India,29,26-35,Female,1,sneha.joshi3764@gmail.com,9907175532
3765,Kritika Pillai,Leisure,India,43,36-50,Male,0,kritika.pillai3765@gmail.com,9299647787
3766,Ananya Reddy,Leisure,India,20,18-25,Female,0,ananya.reddy3766@gmail.com,9369156658
3767,Rohit Sharma,Leisure,India,59,51-65,Female,0,rohit.sharma3767@gmail.com,9254422158
3768,Riya Singh,Leisure,Germany,31,26-35,Female,1,riya.singh3768@gmail.com,9688936494
3769,Kritika Nair,Business,India,62,51-65,Male,0,kritika.nair3769@gmail.com,9234626127
3770,Meera Kulkarni,Business,India,45,36-50,Female,0,meera.kulkarni3770@gmail.com,9536408368
3771,Priya Trivedi,Leisure,India,51,51-65,Female,0,priya.trivedi3771@gmail.com,9350993543
3772,Divya Patel,Family,Singapore,39,36-50,Female,0,divya.patel3772@gmail.com,9378859607
3773,Rahul Chopra,Leisure,India,61,51-65,Male,0,rahul.chopra3773@gmail.com,9720311933
3774,Nikhil Das,Couple,India,38,36-50,Female,0,nikhil.das3774@gmail.com,9376351483
3775,Rahul Malhotra,Couple,India,61,51-65,Female,0,rahul.malhotra3775@gmail.com,9162033292
3776,Riya Reddy,Family,India,47,36-50,Female,0,riya.reddy3776@gmail.com,9469648413
3777,Deepak Joshi,Couple,India,72,65+,Male,0,deepak.joshi3777@gmail.com,9129658094
3778,Kavya Pandey,Leisure,India,34,26-35,Male,0,kavya.pandey3778@gmail.com,9612021174
3779,Meera Desai,Couple,India,65,51-65,Male,0,meera.desai3779@gmail.com,9321450714
3780,Divya Patel,Family,Germany,29,26-35,Male,0,divya.patel3780@gmail.com,9258081685
3781,Riya Kumar,Leisure,India,66,65+,Male,0,riya.kumar3781@gmail.com,9991347764
3782,Tanya Bose,Leisure,India,45,36-50,Male,0,tanya.bose3782@gmail.com,9214469419
3783,Shruti Joshi,Business,India,67,65+,Female,1,shruti.joshi3783@gmail.com,9683251549
3784,Tanya Kumar,Couple,India,35,26-35,Female,0,tanya.kumar3784@gmail.com,9349847869
3785,Amit Chopra,Couple,India,24,18-25,Female,0,amit.chopra3785@gmail.com,9108443504
3786,Meera Saxena,Business,India,29,26-35,Male,0,meera.saxena3786@gmail.com,9901953462
3787,Nikhil Saxena,Leisure,India,18,18-25,Male,0,nikhil.saxena3787@gmail.com,9385766802
3788,Divya Pillai,Leisure,India,35,26-35,Female,0,divya.pillai3788@gmail.com,9165015091
3789,Shruti Mishra,Business,India,22,18-25,Female,0,shruti.mishra3789@gmail.com,9915478157
3790,Priya Dixit,Family,India,69,65+,Male,0,priya.dixit3790@gmail.com,9308325394
3791,Akash Kulkarni,Business,India,39,36-50,Male,0,akash.kulkarni3791@gmail.com,9412679306
3792,Simran Shah,Business,India,29,26-35,Female,0,simran.shah3792@gmail.com,9297074370
3793,Deepak Dixit,Leisure,India,42,36-50,Male,0,deepak.dixit3793@gmail.com,9967948375
3794,Akash Joshi,Couple,India,35,26-35,Female,0,akash.joshi3794@gmail.com,9359486864
3795,Ananya Sharma,Business,India,32,26-35,Male,0,ananya.sharma3795@gmail.com,9911998014
3796,Sanjay Verma,Couple,India,28,26-35,Female,0,sanjay.verma3796@gmail.com,9757933328
3797,Ananya Malhotra,Leisure,India,62,51-65,Male,0,ananya.malhotra3797@gmail.com,9341448388
3798,Rohit Iyer,Business,Australia,28,26-35,Female,1,rohit.iyer3798@gmail.com,9193422671
3799,Suresh Kulkarni,Business,India,25,18-25,Female,1,suresh.kulkarni3799@gmail.com,9800313111
3800,Sneha Khanna,Leisure,India,70,65+,Female,1,sneha.khanna3800@gmail.com,9991683719
3801,Shruti Banerjee,Leisure,India,46,36-50,Female,0,shruti.banerjee3801@gmail.com,9984830703
3802,Suresh Iyer,Family,India,53,51-65,Female,0,suresh.iyer3802@gmail.com,9320556221
3803,Simran Nair,Couple,India,57,51-65,Female,1,simran.nair3803@gmail.com,9876085519
3804,Rahul Reddy,Family,India,45,36-50,Female,0,rahul.reddy3804@gmail.com,9549571247
3805,Harsh Chopra,Leisure,India,72,65+,Male,1,harsh.chopra3805@gmail.com,9685876805
3806,Rahul Pillai,Family,Canada,24,18-25,Male,0,rahul.pillai3806@gmail.com,9278138015
3807,Divya Mukherjee,Leisure,India,41,36-50,Female,0,divya.mukherjee3807@gmail.com,9355761662
3808,Muskan Patel,Leisure,India,34,26-35,Male,0,muskan.patel3808@gmail.com,9286136069
3809,Suresh Chopra,Business,India,33,26-35,Male,1,suresh.chopra3809@gmail.com,9280144580
3810,Kavya Chopra,Business,India,20,18-25,Male,0,kavya.chopra3810@gmail.com,9800053921
3811,Swati Chopra,Couple,India,25,18-25,Male,0,swati.chopra3811@gmail.com,9404598982
3812,Swati Trivedi,Leisure,Canada,61,51-65,Male,1,swati.trivedi3812@gmail.com,9534672300
3813,Simran Reddy,Business,India,69,65+,Female,0,simran.reddy3813@gmail.com,9323500700
3814,Muskan Shah,Couple,India,30,26-35,Male,0,muskan.shah3814@gmail.com,9364451634
3815,Kritika Dixit,Leisure,India,55,51-65,Female,1,kritika.dixit3815@gmail.com,9971712711
3816,Tanvi Sharma,Leisure,India,54,51-65,Male,1,tanvi.sharma3816@gmail.com,9992980918
3817,Ritu Mukherjee,Leisure,India,23,18-25,Male,0,ritu.mukherjee3817@gmail.com,9161774738
3818,Akash Mukherjee,Couple,India,66,65+,Female,0,akash.mukherjee3818@gmail.com,9756838508
3819,Ayush Agarwal,Couple,India,21,18-25,Male,1,ayush.agarwal3819@gmail.com,9633019373
3820,Kritika Shah,Leisure,India,48,36-50,Female,0,kritika.shah3820@gmail.com,9499104745
3821,Ritu Joshi,Leisure,India,18,18-25,Female,1,ritu.joshi3821@gmail.com,9932014577
3822,Ritu Bose,Leisure,India,54,51-65,Male,0,ritu.bose3822@gmail.com,9467109996
3823,Muskan Trivedi,Couple,India,55,51-65,Male,1,muskan.trivedi3823@gmail.com,9579252372
3824,Vikram Banerjee,Leisure,India,24,18-25,Female,0,vikram.banerjee3824@gmail.com,9875829066
3825,Kritika Gupta,Business,India,72,65+,Female,0,kritika.gupta3825@gmail.com,9262290463
3826,Shreyash Bose,Business,India,34,26-35,Female,1,shreyash.bose3826@gmail.com,9252328549
3827,Priya Kulkarni,Leisure,India,45,36-50,Male,0,priya.kulkarni3827@gmail.com,9922972154
3828,Aditya Sharma,Leisure,India,54,51-65,Male,0,aditya.sharma3828@gmail.com,9672353892
3829,Ritu Malhotra,Couple,India,35,26-35,Male,1,ritu.malhotra3829@gmail.com,9857149631
3830,Arjun Singh,Business,India,62,51-65,Male,0,arjun.singh3830@gmail.com,9480776483
3831,Rahul Malhotra,Leisure,India,35,26-35,Male,0,rahul.malhotra3831@gmail.com,9249866457
3832,Arjun Saxena,Couple,India,24,18-25,Female,1,arjun.saxena3832@gmail.com,9153009953
3833,Ishaan Desai,Couple,India,49,36-50,Female,0,ishaan.desai3833@gmail.com,9380169662
3834,Pallavi Agarwal,Leisure,India,41,36-50,Female,0,pallavi.agarwal3834@gmail.com,9264631914
3835,Pooja Reddy,Leisure,India,33,26-35,Female,0,pooja.reddy3835@gmail.com,9825211525
3836,Sanjay Banerjee,Leisure,India,68,65+,Male,0,sanjay.banerjee3836@gmail.com,9890224337
3837,Rahul Khanna,Family,India,48,36-50,Female,1,rahul.khanna3837@gmail.com,9629042590
3838,Gaurav Pandey,Business,India,30,26-35,Male,0,gaurav.pandey3838@gmail.com,9913417083
3839,Suresh Saxena,Family,India,53,51-65,Female,0,suresh.saxena3839@gmail.com,9484365686
3840,Muskan Patel,Couple,India,39,36-50,Female,0,muskan.patel3840@gmail.com,9814588250
3841,Vishal Rao,Leisure,India,21,18-25,Female,0,vishal.rao3841@gmail.com,9943542465
3842,Manish Das,Business,India,51,51-65,Male,0,manish.das3842@gmail.com,9681416027
3843,Suresh Mukherjee,Leisure,India,62,51-65,Female,0,suresh.mukherjee3843@gmail.com,9613061700
3844,Rohit Kapoor,Leisure,India,19,18-25,Female,0,rohit.kapoor3844@gmail.com,9234571303
3845,Simran Mukherjee,Business,India,41,36-50,Female,0,simran.mukherjee3845@gmail.com,9937668367
3846,Sanjay Das,Couple,India,23,18-25,Female,1,sanjay.das3846@gmail.com,9270750697
3847,Divya Joshi,Family,India,18,18-25,Male,0,divya.joshi3847@gmail.com,9478675189
3848,Kritika Joshi,Leisure,India,46,36-50,Male,0,kritika.joshi3848@gmail.com,9302618246
3849,Simran Mukherjee,Couple,India,29,26-35,Male,1,simran.mukherjee3849@gmail.com,9282028295
3850,Suresh Mehta,Business,India,23,18-25,Female,0,suresh.mehta3850@gmail.com,9287908153
3851,Ayush Sharma,Leisure,India,56,51-65,Female,0,ayush.sharma3851@gmail.com,9992789780
3852,Akash Patel,Business,India,44,36-50,Female,1,akash.patel3852@gmail.com,9992326860
3853,Swati Pandey,Couple,India,55,51-65,Female,0,swati.pandey3853@gmail.com,9298762013
3854,Vikram Nair,Family,India,59,51-65,Male,1,vikram.nair3854@gmail.com,9348677875
3855,Muskan Singh,Couple,India,65,51-65,Male,0,muskan.singh3855@gmail.com,9363722073
3856,Tanya Mukherjee,Business,India,52,51-65,Male,1,tanya.mukherjee3856@gmail.com,9419844736
3857,Pallavi Singh,Leisure,India,55,51-65,Male,0,pallavi.singh3857@gmail.com,9106215913
3858,Amit Rao,Leisure,India,51,51-65,Male,0,amit.rao3858@gmail.com,9807677294
3859,Amit Malhotra,Leisure,India,35,26-35,Female,1,amit.malhotra3859@gmail.com,9835606935
3860,Nikhil Pandey,Couple,India,48,36-50,Female,0,nikhil.pandey3860@gmail.com,9519749640
3861,Vishal Shah,Couple,Germany,51,51-65,Female,1,vishal.shah3861@gmail.com,9714655891
3862,Sanjay Mehta,Couple,India,29,26-35,Male,1,sanjay.mehta3862@gmail.com,9196778194
3863,Akash Pandey,Leisure,India,60,51-65,Male,0,akash.pandey3863@gmail.com,9822946804
3864,Neha Shah,Leisure,India,68,65+,Female,1,neha.shah3864@gmail.com,9790323777
3865,Muskan Verma,Business,India,63,51-65,Male,0,muskan.verma3865@gmail.com,9421768515
3866,Rohit Shah,Leisure,Canada,24,18-25,Female,0,rohit.shah3866@gmail.com,9977383817
3867,Vishal Kumar,Leisure,India,47,36-50,Male,0,vishal.kumar3867@gmail.com,9807050777
3868,Gaurav Reddy,Couple,India,48,36-50,Female,0,gaurav.reddy3868@gmail.com,9907509543
3869,Amit Rao,Couple,Singapore,31,26-35,Female,0,amit.rao3869@gmail.com,9293338752
3870,Muskan Patel,Business,India,45,36-50,Male,0,muskan.patel3870@gmail.com,9465266436
3871,Arjun Reddy,Leisure,India,46,36-50,Male,0,arjun.reddy3871@gmail.com,9997533747
3872,Harsh Agarwal,Business,India,54,51-65,Male,1,harsh.agarwal3872@gmail.com,9848755841
3873,Divya Patel,Business,India,36,36-50,Male,0,divya.patel3873@gmail.com,9386268916
3874,Ritu Singh,Couple,India,28,26-35,Male,1,ritu.singh3874@gmail.com,9559991687
3875,Swati Trivedi,Business,India,50,36-50,Female,0,swati.trivedi3875@gmail.com,9581718445
3876,Rohan Mukherjee,Leisure,India,28,26-35,Female,0,rohan.mukherjee3876@gmail.com,9929691979
3877,Tanvi Chopra,Business,India,42,36-50,Male,0,tanvi.chopra3877@gmail.com,9709692055
3878,Amit Verma,Family,Singapore,47,36-50,Male,1,amit.verma3878@gmail.com,9565868059
3879,Ritu Singh,Leisure,India,18,18-25,Male,0,ritu.singh3879@gmail.com,9343885977
3880,Shreyash Desai,Business,India,58,51-65,Female,0,shreyash.desai3880@gmail.com,9387673568
3881,Divya Singh,Leisure,India,64,51-65,Female,1,divya.singh3881@gmail.com,9937765446
3882,Simran Agarwal,Couple,India,71,65+,Male,0,simran.agarwal3882@gmail.com,9336625324
3883,Riya Mishra,Family,India,34,26-35,Female,1,riya.mishra3883@gmail.com,9624768498
3884,Nikhil Das,Business,India,36,36-50,Male,0,nikhil.das3884@gmail.com,9661084098
3885,Deepak Verma,Family,India,47,36-50,Male,0,deepak.verma3885@gmail.com,9502842683
3886,Pooja Mishra,Family,India,71,65+,Female,0,pooja.mishra3886@gmail.com,9375315150
3887,Nikhil Desai,Family,India,26,26-35,Female,0,nikhil.desai3887@gmail.com,9533933602
3888,Ananya Dixit,Couple,India,41,36-50,Female,0,ananya.dixit3888@gmail.com,9193552888
3889,Ishaan Chopra,Couple,India,65,51-65,Male,0,ishaan.chopra3889@gmail.com,9260151511
3890,Akash Nair,Leisure,Australia,28,26-35,Male,1,akash.nair3890@gmail.com,9655149428
3891,Nisha Malhotra,Couple,India,62,51-65,Female,0,nisha.malhotra3891@gmail.com,9999396143
3892,Ananya Kapoor,Leisure,India,36,36-50,Male,0,ananya.kapoor3892@gmail.com,9908418894
3893,Shruti Patel,Couple,India,20,18-25,Male,0,shruti.patel3893@gmail.com,9576963669
3894,Ritu Dixit,Leisure,India,55,51-65,Male,1,ritu.dixit3894@gmail.com,9525586212
3895,Riya Bose,Couple,India,60,51-65,Male,1,riya.bose3895@gmail.com,9534383881
3896,Riya Banerjee,Couple,India,53,51-65,Male,1,riya.banerjee3896@gmail.com,9296935010
3897,Nikhil Rao,Business,India,54,51-65,Female,0,nikhil.rao3897@gmail.com,9759608584
3898,Priya Mukherjee,Couple,India,46,36-50,Female,0,priya.mukherjee3898@gmail.com,9639427879
3899,Swati Pillai,Leisure,India,69,65+,Male,0,swati.pillai3899@gmail.com,9906841681
3900,Meera Saxena,Couple,India,31,26-35,Female,0,meera.saxena3900@gmail.com,9281634125
3901,Shreyash Banerjee,Leisure,India,72,65+,Female,0,shreyash.banerjee3901@gmail.com,9125845386
3902,Sanjay Trivedi,Leisure,India,38,36-50,Male,0,sanjay.trivedi3902@gmail.com,9783759471
3903,Nisha Saxena,Family,India,26,26-35,Male,0,nisha.saxena3903@gmail.com,9163010075
3904,Deepak Bose,Leisure,India,45,36-50,Male,0,deepak.bose3904@gmail.com,9531078054
3905,Akash Sharma,Couple,India,43,36-50,Male,1,akash.sharma3905@gmail.com,9165704672
3906,Vikram Kapoor,Leisure,India,54,51-65,Male,0,vikram.kapoor3906@gmail.com,9969284742
3907,Simran Saxena,Leisure,India,67,65+,Male,0,simran.saxena3907@gmail.com,9708436177
3908,Tanvi Dixit,Leisure,India,49,36-50,Male,0,tanvi.dixit3908@gmail.com,9549553756
3909,Sanjay Kulkarni,Leisure,India,67,65+,Male,0,sanjay.kulkarni3909@gmail.com,9591281062
3910,Rahul Mishra,Leisure,India,70,65+,Female,0,rahul.mishra3910@gmail.com,9284270925
3911,Kritika Saxena,Business,India,28,26-35,Male,1,kritika.saxena3911@gmail.com,9846740239
3912,Simran Mishra,Leisure,UAE,60,51-65,Male,0,simran.mishra3912@gmail.com,9193520806
3913,Kavya Malhotra,Business,India,61,51-65,Male,1,kavya.malhotra3913@gmail.com,9485250546
3914,Rohan Agarwal,Family,India,46,36-50,Male,0,rohan.agarwal3914@gmail.com,9742972069
3915,Divya Singh,Family,India,39,36-50,Female,1,divya.singh3915@gmail.com,9494991422
3916,Deepak Agarwal,Leisure,India,28,26-35,Female,1,deepak.agarwal3916@gmail.com,9650431932
3917,Ritu Pillai,Couple,India,69,65+,Male,0,ritu.pillai3917@gmail.com,9940535835
3918,Vikram Iyer,Leisure,France,52,51-65,Male,0,vikram.iyer3918@gmail.com,9639016181
3919,Rahul Kapoor,Couple,India,42,36-50,Female,0,rahul.kapoor3919@gmail.com,9827783103
3920,Neha Malhotra,Couple,India,51,51-65,Male,1,neha.malhotra3920@gmail.com,9798459802
3921,Deepak Kulkarni,Family,India,64,51-65,Male,0,deepak.kulkarni3921@gmail.com,9802279710
3922,Shreyash Singh,Leisure,India,18,18-25,Male,0,shreyash.singh3922@gmail.com,9931839255
3923,Amit Kumar,Couple,India,21,18-25,Male,0,amit.kumar3923@gmail.com,9420344230
3924,Amit Iyer,Leisure,India,31,26-35,Male,0,amit.iyer3924@gmail.com,9679199142
3925,Amit Reddy,Family,India,72,65+,Male,0,amit.reddy3925@gmail.com,9531763581
3926,Anjali Reddy,Business,India,56,51-65,Female,0,anjali.reddy3926@gmail.com,9799308705
3927,Vishal Pandey,Couple,India,71,65+,Female,0,vishal.pandey3927@gmail.com,9132417037
3928,Priya Iyer,Couple,India,51,51-65,Female,0,priya.iyer3928@gmail.com,9297408206
3929,Pallavi Bose,Couple,India,23,18-25,Male,0,pallavi.bose3929@gmail.com,9102343154
3930,Shruti Dixit,Business,India,61,51-65,Male,0,shruti.dixit3930@gmail.com,9513260080
3931,Neha Joshi,Family,India,43,36-50,Female,1,neha.joshi3931@gmail.com,9698578119
3932,Amit Reddy,Business,India,71,65+,Male,1,amit.reddy3932@gmail.com,9228899367
3933,Pallavi Patel,Couple,India,66,65+,Male,0,pallavi.patel3933@gmail.com,9552345128
3934,Karan Pillai,Business,India,35,26-35,Female,1,karan.pillai3934@gmail.com,9962288362
3935,Ayush Kapoor,Leisure,India,59,51-65,Male,0,ayush.kapoor3935@gmail.com,9458638224
3936,Ishaan Pillai,Leisure,India,18,18-25,Male,1,ishaan.pillai3936@gmail.com,9890042804
3937,Vishal Trivedi,Leisure,India,60,51-65,Male,0,vishal.trivedi3937@gmail.com,9806124235
3938,Tanya Shah,Business,India,56,51-65,Male,0,tanya.shah3938@gmail.com,9267729318
3939,Aditya Iyer,Business,India,33,26-35,Male,1,aditya.iyer3939@gmail.com,9385894632
3940,Rohan Iyer,Leisure,India,70,65+,Male,1,rohan.iyer3940@gmail.com,9504502731
3941,Akash Sharma,Couple,India,66,65+,Female,1,akash.sharma3941@gmail.com,9441713055
3942,Rohit Desai,Family,Singapore,37,36-50,Male,0,rohit.desai3942@gmail.com,9338699132
3943,Shruti Verma,Business,India,66,65+,Male,0,shruti.verma3943@gmail.com,9975263361
3944,Akash Trivedi,Leisure,India,67,65+,Female,0,akash.trivedi3944@gmail.com,9360996106
3945,Kritika Pandey,Business,Australia,35,26-35,Male,1,kritika.pandey3945@gmail.com,9869711410
3946,Rohan Iyer,Business,India,33,26-35,Female,1,rohan.iyer3946@gmail.com,9864826507
3947,Kritika Rao,Couple,India,30,26-35,Male,1,kritika.rao3947@gmail.com,9141275037
3948,Gaurav Kapoor,Couple,India,56,51-65,Female,0,gaurav.kapoor3948@gmail.com,9179124205
3949,Rohit Chopra,Business,India,37,36-50,Female,0,rohit.chopra3949@gmail.com,9815731734
3950,Divya Gupta,Business,India,34,26-35,Male,0,divya.gupta3950@gmail.com,9515486106
3951,Divya Joshi,Business,India,54,51-65,Male,1,divya.joshi3951@gmail.com,9547699749
3952,Kritika Singh,Couple,India,54,51-65,Female,1,kritika.singh3952@gmail.com,9470175314
3953,Gaurav Agarwal,Family,India,56,51-65,Male,0,gaurav.agarwal3953@gmail.com,9891602149
3954,Ayush Trivedi,Business,Malaysia,53,51-65,Male,1,ayush.trivedi3954@gmail.com,9906912296
3955,Ananya Das,Business,India,43,36-50,Female,0,ananya.das3955@gmail.com,9584192935
3956,Muskan Joshi,Family,India,67,65+,Female,1,muskan.joshi3956@gmail.com,9230371635
3957,Kavya Verma,Family,India,29,26-35,Male,0,kavya.verma3957@gmail.com,9967024421
3958,Deepak Kulkarni,Leisure,India,70,65+,Male,1,deepak.kulkarni3958@gmail.com,9314900911
3959,Ayush Reddy,Business,India,66,65+,Male,1,ayush.reddy3959@gmail.com,9235350239
3960,Kritika Sharma,Business,India,18,18-25,Male,0,kritika.sharma3960@gmail.com,9153333127
3961,Pallavi Dixit,Leisure,India,27,26-35,Male,0,pallavi.dixit3961@gmail.com,9427447945
3962,Aditya Desai,Leisure,India,36,36-50,Male,1,aditya.desai3962@gmail.com,9226925707
3963,Priya Shah,Business,India,69,65+,Female,0,priya.shah3963@gmail.com,9782435711
3964,Tanvi Nair,Leisure,India,20,18-25,Female,0,tanvi.nair3964@gmail.com,9994237152
3965,Gaurav Khanna,Business,India,65,51-65,Male,0,gaurav.khanna3965@gmail.com,9112193978
3966,Swati Agarwal,Couple,Germany,59,51-65,Male,1,swati.agarwal3966@gmail.com,9296120509
3967,Aditya Malhotra,Leisure,India,19,18-25,Female,0,aditya.malhotra3967@gmail.com,9559676548
3968,Ayush Trivedi,Business,India,57,51-65,Female,0,ayush.trivedi3968@gmail.com,9766193613
3969,Kritika Gupta,Leisure,India,70,65+,Male,0,kritika.gupta3969@gmail.com,9497307638
3970,Kritika Mishra,Leisure,India,18,18-25,Male,0,kritika.mishra3970@gmail.com,9491373897
3971,Kavya Bose,Family,India,46,36-50,Female,0,kavya.bose3971@gmail.com,9664994654
3972,Shruti Saxena,Leisure,India,48,36-50,Male,0,shruti.saxena3972@gmail.com,9799690318
3973,Vishal Desai,Leisure,India,37,36-50,Male,0,vishal.desai3973@gmail.com,9430018434
3974,Harsh Verma,Couple,India,63,51-65,Male,0,harsh.verma3974@gmail.com,9177892030
3975,Karan Nair,Leisure,India,57,51-65,Female,0,karan.nair3975@gmail.com,9204081162
3976,Rahul Patel,Family,India,49,36-50,Female,1,rahul.patel3976@gmail.com,9282061804
3977,Vikram Nair,Leisure,India,21,18-25,Male,0,vikram.nair3977@gmail.com,9913433877
3978,Rohan Mukherjee,Leisure,India,29,26-35,Male,1,rohan.mukherjee3978@gmail.com,9458120745
3979,Muskan Das,Business,India,56,51-65,Male,0,muskan.das3979@gmail.com,9653660379
3980,Riya Shah,Leisure,India,47,36-50,Male,1,riya.shah3980@gmail.com,9885723901
3981,Divya Trivedi,Couple,India,72,65+,Female,1,divya.trivedi3981@gmail.com,9581631141
3982,Vishal Mishra,Couple,India,18,18-25,Female,0,vishal.mishra3982@gmail.com,9127565844
3983,Akash Das,Business,India,44,36-50,Male,0,akash.das3983@gmail.com,9438457639
3984,Vikram Dixit,Business,India,62,51-65,Female,0,vikram.dixit3984@gmail.com,9181836665
3985,Ayush Singh,Couple,India,58,51-65,Male,0,ayush.singh3985@gmail.com,9838800041
3986,Ananya Desai,Family,India,23,18-25,Female,0,ananya.desai3986@gmail.com,9805888557
3987,Suresh Desai,Business,India,55,51-65,Female,1,suresh.desai3987@gmail.com,9477608424
3988,Gaurav Shah,Leisure,India,20,18-25,Male,0,gaurav.shah3988@gmail.com,9480123653
3989,Shreyash Sharma,Leisure,India,40,36-50,Male,0,shreyash.sharma3989@gmail.com,9967326234
3990,Arjun Malhotra,Family,India,34,26-35,Female,0,arjun.malhotra3990@gmail.com,9764812142
3991,Kritika Pillai,Business,India,33,26-35,Male,0,kritika.pillai3991@gmail.com,9150348837
3992,Harsh Pandey,Business,India,18,18-25,Male,0,harsh.pandey3992@gmail.com,9731180025
3993,Kavya Kulkarni,Couple,India,63,51-65,Female,0,kavya.kulkarni3993@gmail.com,9434747862
3994,Neha Mishra,Business,India,19,18-25,Male,0,neha.mishra3994@gmail.com,9946604736
3995,Tanvi Gupta,Leisure,India,23,18-25,Male,0,tanvi.gupta3995@gmail.com,9731968306
3996,Gaurav Kapoor,Leisure,India,67,65+,Male,1,gaurav.kapoor3996@gmail.com,9499160005
3997,Tanvi Mishra,Leisure,India,61,51-65,Female,0,tanvi.mishra3997@gmail.com,9844503763
3998,Priya Pillai,Leisure,India,52,51-65,Male,1,priya.pillai3998@gmail.com,9445418399
3999,Suresh Agarwal,Leisure,Australia,39,36-50,Male,0,suresh.agarwal3999@gmail.com,9510315979
4000,Vishal Banerjee,Business,India,63,51-65,Male,0,vishal.banerjee4000@gmail.com,9875644153
4001,Kavya Malhotra,Leisure,France,44,36-50,Male,1,kavya.malhotra4001@gmail.com,9303875083
4002,Ayush Iyer,Couple,India,34,26-35,Male,0,ayush.iyer4002@gmail.com,9644632747
4003,Sneha Mukherjee,Couple,India,49,36-50,Male,0,sneha.mukherjee4003@gmail.com,9749741700
4004,Ananya Nair,Business,India,56,51-65,Male,1,ananya.nair4004@gmail.com,9829606364
4005,Neha Agarwal,Business,Australia,57,51-65,Male,0,neha.agarwal4005@gmail.com,9876192710
4006,Vishal Desai,Leisure,India,23,18-25,Male,1,vishal.desai4006@gmail.com,9255971131
4007,Gaurav Kapoor,Leisure,India,24,18-25,Female,0,gaurav.kapoor4007@gmail.com,9694364236
4008,Swati Mishra,Leisure,India,39,36-50,Male,0,swati.mishra4008@gmail.com,9358738308
4009,Divya Pillai,Couple,India,25,18-25,Female,1,divya.pillai4009@gmail.com,9588361228
4010,Suresh Gupta,Business,India,38,36-50,Male,0,suresh.gupta4010@gmail.com,9605070693
4011,Rahul Nair,Business,India,35,26-35,Female,0,rahul.nair4011@gmail.com,9418113064
4012,Riya Das,Leisure,Australia,68,65+,Male,0,riya.das4012@gmail.com,9828959132
4013,Rohit Dixit,Couple,India,30,26-35,Male,0,rohit.dixit4013@gmail.com,9168207760
4014,Vishal Kapoor,Business,India,70,65+,Female,0,vishal.kapoor4014@gmail.com,9719097080
4015,Ritu Rao,Couple,India,69,65+,Female,0,ritu.rao4015@gmail.com,9242024391
4016,Nikhil Joshi,Leisure,India,38,36-50,Female,0,nikhil.joshi4016@gmail.com,9490092645
4017,Aditya Sharma,Family,India,65,51-65,Female,1,aditya.sharma4017@gmail.com,9674044471
4018,Nisha Sharma,Family,India,41,36-50,Female,0,nisha.sharma4018@gmail.com,9581491985
4019,Rahul Shah,Leisure,India,51,51-65,Female,1,rahul.shah4019@gmail.com,9972523555
4020,Sneha Kapoor,Business,India,20,18-25,Female,0,sneha.kapoor4020@gmail.com,9565974650
4021,Rahul Chopra,Leisure,India,26,26-35,Male,0,rahul.chopra4021@gmail.com,9560565243
4022,Ritu Pandey,Business,India,57,51-65,Male,1,ritu.pandey4022@gmail.com,9332310060
4023,Simran Patel,Couple,India,25,18-25,Male,1,simran.patel4023@gmail.com,9895406392
4024,Kavya Bose,Couple,India,27,26-35,Female,1,kavya.bose4024@gmail.com,9753167936
4025,Deepak Malhotra,Couple,India,62,51-65,Male,0,deepak.malhotra4025@gmail.com,9593994293
4026,Tanya Saxena,Couple,India,62,51-65,Female,1,tanya.saxena4026@gmail.com,9220381391
4027,Rohan Bose,Leisure,India,43,36-50,Male,1,rohan.bose4027@gmail.com,9869451793
4028,Tanvi Rao,Business,India,26,26-35,Female,0,tanvi.rao4028@gmail.com,9974807053
4029,Harsh Dixit,Couple,India,60,51-65,Female,1,harsh.dixit4029@gmail.com,9393511981
4030,Simran Gupta,Leisure,India,38,36-50,Female,0,simran.gupta4030@gmail.com,9749586853
4031,Vishal Banerjee,Couple,India,39,36-50,Male,0,vishal.banerjee4031@gmail.com,9233525943
4032,Ananya Sharma,Leisure,India,53,51-65,Male,0,ananya.sharma4032@gmail.com,9739137271
4033,Gaurav Chopra,Business,India,40,36-50,Male,0,gaurav.chopra4033@gmail.com,9403858342
4034,Swati Kapoor,Family,India,28,26-35,Male,0,swati.kapoor4034@gmail.com,9836403012
4035,Tanya Gupta,Business,India,49,36-50,Female,1,tanya.gupta4035@gmail.com,9850987216
4036,Nikhil Kapoor,Family,India,33,26-35,Female,1,nikhil.kapoor4036@gmail.com,9550970568
4037,Rohit Khanna,Family,India,45,36-50,Male,0,rohit.khanna4037@gmail.com,9418184805
4038,Akash Desai,Couple,India,27,26-35,Female,0,akash.desai4038@gmail.com,9536051952
4039,Priya Gupta,Couple,India,40,36-50,Male,0,priya.gupta4039@gmail.com,9492093935
4040,Priya Singh,Leisure,India,30,26-35,Male,1,priya.singh4040@gmail.com,9347389536
4041,Pooja Rao,Family,India,69,65+,Male,0,pooja.rao4041@gmail.com,9157948332
4042,Manish Reddy,Leisure,India,54,51-65,Male,0,manish.reddy4042@gmail.com,9292460426
4043,Deepak Khanna,Leisure,India,31,26-35,Male,0,deepak.khanna4043@gmail.com,9430273044
4044,Akash Saxena,Couple,India,21,18-25,Female,0,akash.saxena4044@gmail.com,9885896253
4045,Tanya Shah,Leisure,India,61,51-65,Female,0,tanya.shah4045@gmail.com,9602015372
4046,Simran Patel,Leisure,India,64,51-65,Female,1,simran.patel4046@gmail.com,9889565011
4047,Pooja Mukherjee,Leisure,India,51,51-65,Female,0,pooja.mukherjee4047@gmail.com,9898428334
4048,Nisha Desai,Leisure,Canada,43,36-50,Male,0,nisha.desai4048@gmail.com,9516980397
4049,Neha Mishra,Family,India,30,26-35,Female,0,neha.mishra4049@gmail.com,9631390697
4050,Deepak Bose,Business,USA,53,51-65,Female,0,deepak.bose4050@gmail.com,9107425539
4051,Tanya Pillai,Family,India,21,18-25,Male,0,tanya.pillai4051@gmail.com,9901110220
4052,Riya Desai,Couple,India,69,65+,Male,0,riya.desai4052@gmail.com,9362380248
4053,Rahul Trivedi,Couple,India,24,18-25,Male,1,rahul.trivedi4053@gmail.com,9747970973
4054,Tanya Rao,Leisure,India,33,26-35,Male,1,tanya.rao4054@gmail.com,9977654790
4055,Anjali Banerjee,Couple,Germany,56,51-65,Female,1,anjali.banerjee4055@gmail.com,9832949437
4056,Rohit Shah,Business,India,43,36-50,Female,1,rohit.shah4056@gmail.com,9299762465
4057,Ananya Dixit,Couple,India,38,36-50,Male,0,ananya.dixit4057@gmail.com,9975611924
4058,Kritika Dixit,Business,India,42,36-50,Male,1,kritika.dixit4058@gmail.com,9571690544
4059,Riya Dixit,Family,India,57,51-65,Male,1,riya.dixit4059@gmail.com,9674363277
4060,Swati Bose,Family,India,20,18-25,Male,1,swati.bose4060@gmail.com,9295808517
4061,Priya Saxena,Leisure,India,34,26-35,Male,1,priya.saxena4061@gmail.com,9762334790
4062,Karan Mehta,Business,India,51,51-65,Female,0,karan.mehta4062@gmail.com,9328081895
4063,Nisha Nair,Couple,India,22,18-25,Male,0,nisha.nair4063@gmail.com,9109763308
4064,Riya Malhotra,Leisure,India,23,18-25,Female,0,riya.malhotra4064@gmail.com,9840928626
4065,Swati Gupta,Family,India,21,18-25,Female,0,swati.gupta4065@gmail.com,9710308420
4066,Ayush Agarwal,Business,India,30,26-35,Male,1,ayush.agarwal4066@gmail.com,9104058932
4067,Kritika Trivedi,Business,India,33,26-35,Male,0,kritika.trivedi4067@gmail.com,9297896047
4068,Shruti Bose,Family,France,67,65+,Male,0,shruti.bose4068@gmail.com,9629100384
4069,Akash Iyer,Couple,India,31,26-35,Male,0,akash.iyer4069@gmail.com,9544708930
4070,Shreyash Banerjee,Couple,India,43,36-50,Female,0,shreyash.banerjee4070@gmail.com,9883953139
4071,Riya Sharma,Leisure,India,18,18-25,Male,0,riya.sharma4071@gmail.com,9156221065
4072,Kavya Kapoor,Couple,India,39,36-50,Female,1,kavya.kapoor4072@gmail.com,9640546713
4073,Nisha Gupta,Leisure,India,36,36-50,Male,0,nisha.gupta4073@gmail.com,9140365781
4074,Riya Trivedi,Couple,Germany,37,36-50,Male,1,riya.trivedi4074@gmail.com,9632639286
4075,Ritu Sharma,Couple,UK,59,51-65,Female,0,ritu.sharma4075@gmail.com,9914552110
4076,Tanya Reddy,Leisure,India,45,36-50,Female,0,tanya.reddy4076@gmail.com,9498626939
4077,Rohan Dixit,Leisure,India,71,65+,Female,0,rohan.dixit4077@gmail.com,9114810549
4078,Amit Mehta,Leisure,Germany,43,36-50,Male,0,amit.mehta4078@gmail.com,9811203345
4079,Manish Bose,Couple,India,68,65+,Female,0,manish.bose4079@gmail.com,9882681026
4080,Vikram Khanna,Business,India,46,36-50,Female,0,vikram.khanna4080@gmail.com,9621517702
4081,Simran Shah,Couple,India,51,51-65,Male,0,simran.shah4081@gmail.com,9850527086
4082,Rohan Pillai,Business,India,65,51-65,Female,0,rohan.pillai4082@gmail.com,9742266101
4083,Vikram Verma,Couple,India,63,51-65,Female,1,vikram.verma4083@gmail.com,9894668618
4084,Muskan Kulkarni,Couple,India,70,65+,Female,1,muskan.kulkarni4084@gmail.com,9402897892
4085,Ayush Banerjee,Business,India,31,26-35,Male,0,ayush.banerjee4085@gmail.com,9932233178
4086,Shruti Khanna,Business,India,26,26-35,Male,0,shruti.khanna4086@gmail.com,9734020498
4087,Deepak Kulkarni,Business,India,24,18-25,Male,1,deepak.kulkarni4087@gmail.com,9871591987
4088,Ananya Saxena,Couple,Germany,52,51-65,Male,0,ananya.saxena4088@gmail.com,9212022836
4089,Swati Agarwal,Couple,India,53,51-65,Female,1,swati.agarwal4089@gmail.com,9117484425
4090,Rahul Banerjee,Business,India,29,26-35,Female,0,rahul.banerjee4090@gmail.com,9850558193
4091,Suresh Gupta,Couple,India,70,65+,Female,0,suresh.gupta4091@gmail.com,9422306387
4092,Divya Pandey,Leisure,India,28,26-35,Female,0,divya.pandey4092@gmail.com,9595097146
4093,Shreyash Banerjee,Leisure,India,22,18-25,Male,0,shreyash.banerjee4093@gmail.com,9238263447
4094,Meera Iyer,Family,India,59,51-65,Female,1,meera.iyer4094@gmail.com,9805732367
4095,Tanvi Desai,Leisure,India,22,18-25,Female,0,tanvi.desai4095@gmail.com,9512767481
4096,Vikram Das,Leisure,India,62,51-65,Female,0,vikram.das4096@gmail.com,9497368100
4097,Kritika Khanna,Business,India,65,51-65,Female,0,kritika.khanna4097@gmail.com,9908568763
4098,Sanjay Reddy,Business,India,61,51-65,Female,0,sanjay.reddy4098@gmail.com,9709207836
4099,Gaurav Shah,Leisure,UK,52,51-65,Male,0,gaurav.shah4099@gmail.com,9766681449
4100,Akash Gupta,Business,India,43,36-50,Male,1,akash.gupta4100@gmail.com,9683045299
4101,Sneha Saxena,Couple,India,44,36-50,Male,0,sneha.saxena4101@gmail.com,9242172514
4102,Rahul Kumar,Leisure,India,38,36-50,Female,0,rahul.kumar4102@gmail.com,9886467460
4103,Akash Pillai,Leisure,India,44,36-50,Female,0,akash.pillai4103@gmail.com,9814585584
4104,Ishaan Kapoor,Business,India,38,36-50,Female,0,ishaan.kapoor4104@gmail.com,9478026991
4105,Arjun Joshi,Leisure,India,48,36-50,Female,1,arjun.joshi4105@gmail.com,9107353617
4106,Sneha Kapoor,Couple,India,46,36-50,Female,0,sneha.kapoor4106@gmail.com,9968973865
4107,Nikhil Trivedi,Family,India,72,65+,Male,0,nikhil.trivedi4107@gmail.com,9161729243
4108,Manish Singh,Business,India,42,36-50,Female,1,manish.singh4108@gmail.com,9214365722
4109,Anjali Joshi,Family,India,37,36-50,Female,1,anjali.joshi4109@gmail.com,9650069517
4110,Simran Agarwal,Leisure,India,36,36-50,Male,1,simran.agarwal4110@gmail.com,9994628785
4111,Karan Shah,Leisure,India,44,36-50,Female,1,karan.shah4111@gmail.com,9932720610
4112,Aditya Pandey,Leisure,India,70,65+,Female,0,aditya.pandey4112@gmail.com,9884035295
4113,Vikram Iyer,Business,India,33,26-35,Female,1,vikram.iyer4113@gmail.com,9768093917
4114,Nisha Trivedi,Business,India,27,26-35,Male,0,nisha.trivedi4114@gmail.com,9541535783
4115,Sneha Joshi,Couple,India,69,65+,Female,0,sneha.joshi4115@gmail.com,9680419029
4116,Muskan Das,Leisure,India,32,26-35,Male,0,muskan.das4116@gmail.com,9934146087
4117,Ritu Das,Family,India,31,26-35,Female,0,ritu.das4117@gmail.com,9113009441
4118,Simran Mukherjee,Leisure,India,58,51-65,Male,0,simran.mukherjee4118@gmail.com,9610704245
4119,Ayush Nair,Business,India,49,36-50,Male,0,ayush.nair4119@gmail.com,9461459462
4120,Anjali Mishra,Couple,India,25,18-25,Male,0,anjali.mishra4120@gmail.com,9754330632
4121,Ritu Reddy,Leisure,India,37,36-50,Female,0,ritu.reddy4121@gmail.com,9598257752
4122,Meera Chopra,Leisure,India,66,65+,Female,0,meera.chopra4122@gmail.com,9647006415
4123,Rahul Saxena,Couple,India,49,36-50,Male,0,rahul.saxena4123@gmail.com,9826741310
4124,Priya Kulkarni,Family,India,55,51-65,Male,1,priya.kulkarni4124@gmail.com,9564067351
4125,Rahul Joshi,Couple,Canada,57,51-65,Female,1,rahul.joshi4125@gmail.com,9798655471
4126,Amit Trivedi,Couple,India,23,18-25,Female,0,amit.trivedi4126@gmail.com,9744743965
4127,Rohit Malhotra,Couple,India,35,26-35,Male,0,rohit.malhotra4127@gmail.com,9435199547
4128,Anjali Patel,Family,India,24,18-25,Female,0,anjali.patel4128@gmail.com,9605909555
4129,Vishal Mishra,Leisure,India,47,36-50,Female,0,vishal.mishra4129@gmail.com,9222061664
4130,Nisha Singh,Business,India,45,36-50,Female,0,nisha.singh4130@gmail.com,9837376984
4131,Ishaan Das,Leisure,India,30,26-35,Male,0,ishaan.das4131@gmail.com,9910261267
4132,Rohit Pandey,Business,India,38,36-50,Female,0,rohit.pandey4132@gmail.com,9965415402
4133,Ritu Kumar,Couple,India,44,36-50,Male,1,ritu.kumar4133@gmail.com,9922972735
4134,Aditya Joshi,Couple,India,19,18-25,Female,0,aditya.joshi4134@gmail.com,9504525652
4135,Muskan Mukherjee,Leisure,India,28,26-35,Female,0,muskan.mukherjee4135@gmail.com,9616003342
4136,Vishal Dixit,Business,India,31,26-35,Male,0,vishal.dixit4136@gmail.com,9576153570
4137,Karan Banerjee,Couple,India,42,36-50,Female,1,karan.banerjee4137@gmail.com,9733889377
4138,Meera Pillai,Leisure,India,61,51-65,Male,0,meera.pillai4138@gmail.com,9971839315
4139,Ishaan Dixit,Couple,India,47,36-50,Male,0,ishaan.dixit4139@gmail.com,9257497965
4140,Gaurav Pandey,Leisure,India,70,65+,Female,0,gaurav.pandey4140@gmail.com,9544872135
4141,Muskan Mishra,Leisure,India,71,65+,Male,0,muskan.mishra4141@gmail.com,9264027540
4142,Kavya Gupta,Business,India,64,51-65,Male,1,kavya.gupta4142@gmail.com,9608692908
4143,Neha Iyer,Business,India,50,36-50,Male,0,neha.iyer4143@gmail.com,9283892043
4144,Aditya Nair,Couple,UK,70,65+,Male,1,aditya.nair4144@gmail.com,9972470415
4145,Shruti Malhotra,Family,India,69,65+,Female,1,shruti.malhotra4145@gmail.com,9692908670
4146,Ritu Trivedi,Couple,India,46,36-50,Female,0,ritu.trivedi4146@gmail.com,9175807584
4147,Akash Rao,Business,India,38,36-50,Female,1,akash.rao4147@gmail.com,9663533342
4148,Vikram Pandey,Leisure,India,52,51-65,Male,0,vikram.pandey4148@gmail.com,9904175683
4149,Meera Iyer,Couple,India,22,18-25,Female,0,meera.iyer4149@gmail.com,9444032888
4150,Harsh Agarwal,Couple,India,53,51-65,Female,0,harsh.agarwal4150@gmail.com,9753398200
4151,Gaurav Joshi,Business,India,70,65+,Male,0,gaurav.joshi4151@gmail.com,9691088471
4152,Shreyash Iyer,Business,India,31,26-35,Male,0,shreyash.iyer4152@gmail.com,9118139985
4153,Riya Kapoor,Couple,India,27,26-35,Male,0,riya.kapoor4153@gmail.com,9831496025
4154,Arjun Joshi,Leisure,India,58,51-65,Male,0,arjun.joshi4154@gmail.com,9458350207
4155,Pooja Mishra,Leisure,India,24,18-25,Male,0,pooja.mishra4155@gmail.com,9794754655
4156,Tanvi Reddy,Business,India,42,36-50,Male,0,tanvi.reddy4156@gmail.com,9243682864
4157,Priya Bose,Leisure,India,18,18-25,Female,0,priya.bose4157@gmail.com,9916500253
4158,Ayush Patel,Family,India,21,18-25,Female,0,ayush.patel4158@gmail.com,9335628419
4159,Riya Mukherjee,Family,India,55,51-65,Male,0,riya.mukherjee4159@gmail.com,9751434201
4160,Aditya Mehta,Leisure,India,63,51-65,Female,0,aditya.mehta4160@gmail.com,9752268031
4161,Pallavi Dixit,Leisure,India,33,26-35,Female,1,pallavi.dixit4161@gmail.com,9627024480
4162,Sanjay Iyer,Business,India,57,51-65,Female,0,sanjay.iyer4162@gmail.com,9940676056
4163,Aditya Shah,Leisure,India,40,36-50,Female,1,aditya.shah4163@gmail.com,9622738737
4164,Akash Mehta,Leisure,Nepal,24,18-25,Male,0,akash.mehta4164@gmail.com,9806737046
4165,Meera Kumar,Couple,India,39,36-50,Female,0,meera.kumar4165@gmail.com,9831589220
4166,Sanjay Iyer,Leisure,UK,20,18-25,Female,1,sanjay.iyer4166@gmail.com,9200517430
4167,Ishaan Nair,Business,India,56,51-65,Male,0,ishaan.nair4167@gmail.com,9863332016
4168,Ritu Verma,Business,India,37,36-50,Female,0,ritu.verma4168@gmail.com,9677023396
4169,Meera Kumar,Leisure,India,37,36-50,Male,0,meera.kumar4169@gmail.com,9619043864
4170,Sneha Bose,Business,Australia,24,18-25,Male,0,sneha.bose4170@gmail.com,9795974304
4171,Sanjay Desai,Business,India,30,26-35,Female,0,sanjay.desai4171@gmail.com,9576708717
4172,Neha Malhotra,Family,India,66,65+,Female,0,neha.malhotra4172@gmail.com,9933700785
4173,Tanvi Agarwal,Leisure,India,65,51-65,Male,0,tanvi.agarwal4173@gmail.com,9570202904
4174,Akash Agarwal,Leisure,India,52,51-65,Male,0,akash.agarwal4174@gmail.com,9252604094
4175,Aditya Bose,Family,India,69,65+,Female,0,aditya.bose4175@gmail.com,9650161817
4176,Vishal Verma,Family,India,48,36-50,Female,1,vishal.verma4176@gmail.com,9917420930
4177,Aditya Pandey,Leisure,India,64,51-65,Female,0,aditya.pandey4177@gmail.com,9974459132
4178,Priya Singh,Couple,India,31,26-35,Male,0,priya.singh4178@gmail.com,9615144640
4179,Meera Mukherjee,Leisure,India,50,36-50,Male,0,meera.mukherjee4179@gmail.com,9481250537
4180,Simran Nair,Leisure,India,46,36-50,Male,0,simran.nair4180@gmail.com,9855163491
4181,Anjali Pillai,Leisure,India,32,26-35,Male,0,anjali.pillai4181@gmail.com,9700823275
4182,Meera Banerjee,Couple,India,26,26-35,Male,0,meera.banerjee4182@gmail.com,9495447040
4183,Nisha Bose,Couple,India,70,65+,Male,1,nisha.bose4183@gmail.com,9422214785
4184,Pooja Kapoor,Leisure,Nepal,41,36-50,Male,0,pooja.kapoor4184@gmail.com,9773052297
4185,Deepak Mishra,Business,India,55,51-65,Female,0,deepak.mishra4185@gmail.com,9125733285
4186,Pallavi Dixit,Couple,India,37,36-50,Female,0,pallavi.dixit4186@gmail.com,9605670877
4187,Deepak Kapoor,Business,India,64,51-65,Male,0,deepak.kapoor4187@gmail.com,9778808314
4188,Rohan Chopra,Leisure,India,36,36-50,Male,0,rohan.chopra4188@gmail.com,9622972582
4189,Ritu Das,Couple,India,25,18-25,Female,1,ritu.das4189@gmail.com,9103153993
4190,Swati Sharma,Couple,India,28,26-35,Male,0,swati.sharma4190@gmail.com,9200978263
4191,Kritika Saxena,Couple,India,22,18-25,Female,0,kritika.saxena4191@gmail.com,9206173603
4192,Aditya Trivedi,Family,India,71,65+,Female,0,aditya.trivedi4192@gmail.com,9515112849
4193,Sneha Banerjee,Leisure,India,34,26-35,Male,0,sneha.banerjee4193@gmail.com,9970655711
4194,Akash Khanna,Couple,India,65,51-65,Male,0,akash.khanna4194@gmail.com,9871983390
4195,Rohit Mishra,Couple,India,36,36-50,Male,0,rohit.mishra4195@gmail.com,9927479704
4196,Priya Trivedi,Business,India,45,36-50,Female,0,priya.trivedi4196@gmail.com,9904341388
4197,Priya Saxena,Business,France,59,51-65,Female,0,priya.saxena4197@gmail.com,9300966454
4198,Neha Mishra,Leisure,India,44,36-50,Female,0,neha.mishra4198@gmail.com,9232192956
4199,Ayush Das,Leisure,India,44,36-50,Female,0,ayush.das4199@gmail.com,9183708400
4200,Rahul Gupta,Couple,India,65,51-65,Female,0,rahul.gupta4200@gmail.com,9398376580
4201,Divya Trivedi,Couple,India,26,26-35,Male,1,divya.trivedi4201@gmail.com,9850490102
4202,Aditya Verma,Business,India,55,51-65,Male,1,aditya.verma4202@gmail.com,9324150872
4203,Akash Rao,Business,India,32,26-35,Female,0,akash.rao4203@gmail.com,9762710205
4204,Priya Kumar,Family,India,46,36-50,Male,0,priya.kumar4204@gmail.com,9782539782
4205,Nisha Verma,Business,India,25,18-25,Female,0,nisha.verma4205@gmail.com,9762263984
4206,Suresh Shah,Leisure,India,67,65+,Female,1,suresh.shah4206@gmail.com,9426466318
4207,Kritika Dixit,Leisure,India,45,36-50,Female,1,kritika.dixit4207@gmail.com,9968661351
4208,Gaurav Pandey,Leisure,India,25,18-25,Female,1,gaurav.pandey4208@gmail.com,9907032845
4209,Rohit Kapoor,Business,India,22,18-25,Female,0,rohit.kapoor4209@gmail.com,9790250484
4210,Gaurav Kulkarni,Business,India,58,51-65,Female,0,gaurav.kulkarni4210@gmail.com,9913825022
4211,Suresh Bose,Business,India,49,36-50,Female,0,suresh.bose4211@gmail.com,9382080773
4212,Pooja Khanna,Leisure,India,20,18-25,Male,1,pooja.khanna4212@gmail.com,9951276269
4213,Ananya Malhotra,Leisure,India,29,26-35,Female,0,ananya.malhotra4213@gmail.com,9882336194
4214,Meera Pandey,Business,India,67,65+,Female,0,meera.pandey4214@gmail.com,9374682465
4215,Ananya Kapoor,Couple,India,27,26-35,Male,0,ananya.kapoor4215@gmail.com,9675465143
4216,Aditya Saxena,Couple,India,37,36-50,Female,0,aditya.saxena4216@gmail.com,9350638350
4217,Vikram Verma,Business,India,35,26-35,Female,0,vikram.verma4217@gmail.com,9847062857
4218,Pooja Chopra,Leisure,UAE,48,36-50,Female,0,pooja.chopra4218@gmail.com,9312571950
4219,Anjali Chopra,Couple,India,25,18-25,Female,0,anjali.chopra4219@gmail.com,9731746973
4220,Pallavi Reddy,Leisure,India,47,36-50,Female,1,pallavi.reddy4220@gmail.com,9243895449
4221,Rahul Khanna,Leisure,India,55,51-65,Female,0,rahul.khanna4221@gmail.com,9573318556
4222,Harsh Bose,Couple,India,45,36-50,Male,0,harsh.bose4222@gmail.com,9155584954
4223,Ishaan Trivedi,Family,India,50,36-50,Male,1,ishaan.trivedi4223@gmail.com,9876408389
4224,Tanvi Nair,Couple,India,23,18-25,Female,1,tanvi.nair4224@gmail.com,9190524737
4225,Sanjay Singh,Leisure,India,34,26-35,Male,0,sanjay.singh4225@gmail.com,9674302274
4226,Nikhil Joshi,Couple,India,24,18-25,Male,0,nikhil.joshi4226@gmail.com,9688950977
4227,Vikram Mishra,Leisure,India,24,18-25,Male,0,vikram.mishra4227@gmail.com,9535283287
4228,Ishaan Malhotra,Couple,India,37,36-50,Male,0,ishaan.malhotra4228@gmail.com,9587630738
4229,Sneha Rao,Leisure,India,53,51-65,Male,1,sneha.rao4229@gmail.com,9559361512
4230,Simran Pillai,Business,India,33,26-35,Male,0,simran.pillai4230@gmail.com,9382692545
4231,Divya Banerjee,Couple,India,18,18-25,Female,1,divya.banerjee4231@gmail.com,9298305283
4232,Karan Patel,Leisure,India,50,36-50,Female,0,karan.patel4232@gmail.com,9794745236
4233,Swati Dixit,Leisure,Australia,19,18-25,Female,0,swati.dixit4233@gmail.com,9248289550
4234,Suresh Khanna,Family,Nepal,24,18-25,Male,0,suresh.khanna4234@gmail.com,9264714727
4235,Priya Kapoor,Business,India,48,36-50,Male,1,priya.kapoor4235@gmail.com,9180947105
4236,Deepak Malhotra,Leisure,Nepal,55,51-65,Male,1,deepak.malhotra4236@gmail.com,9531424463
4237,Shruti Kulkarni,Business,India,31,26-35,Male,1,shruti.kulkarni4237@gmail.com,9246705427
4238,Ritu Patel,Couple,India,38,36-50,Male,0,ritu.patel4238@gmail.com,9730400488
4239,Rohit Joshi,Couple,USA,29,26-35,Male,0,rohit.joshi4239@gmail.com,9250150067
4240,Priya Kumar,Leisure,India,65,51-65,Male,0,priya.kumar4240@gmail.com,9222268903
4241,Meera Verma,Couple,India,37,36-50,Male,1,meera.verma4241@gmail.com,9208478792
4242,Karan Mehta,Leisure,India,29,26-35,Female,1,karan.mehta4242@gmail.com,9506768227
4243,Neha Trivedi,Couple,India,28,26-35,Male,0,neha.trivedi4243@gmail.com,9372905421
4244,Swati Pandey,Leisure,India,61,51-65,Female,0,swati.pandey4244@gmail.com,9332549218
4245,Nisha Joshi,Leisure,India,43,36-50,Female,0,nisha.joshi4245@gmail.com,9419920355
4246,Muskan Iyer,Family,India,68,65+,Male,1,muskan.iyer4246@gmail.com,9726689236
4247,Shreyash Rao,Leisure,India,30,26-35,Female,1,shreyash.rao4247@gmail.com,9158528342
4248,Simran Chopra,Business,India,45,36-50,Female,0,simran.chopra4248@gmail.com,9608474130
4249,Kavya Verma,Leisure,India,54,51-65,Female,1,kavya.verma4249@gmail.com,9606696308
4250,Aditya Chopra,Family,India,71,65+,Male,0,aditya.chopra4250@gmail.com,9290657505
4251,Gaurav Kapoor,Leisure,India,70,65+,Female,0,gaurav.kapoor4251@gmail.com,9171227412
4252,Ritu Nair,Business,India,28,26-35,Female,0,ritu.nair4252@gmail.com,9786744780
4253,Shreyash Patel,Leisure,India,44,36-50,Female,0,shreyash.patel4253@gmail.com,9386260684
4254,Riya Trivedi,Leisure,India,32,26-35,Male,0,riya.trivedi4254@gmail.com,9724493515
4255,Tanya Joshi,Business,India,46,36-50,Female,0,tanya.joshi4255@gmail.com,9522846709
4256,Shruti Das,Couple,India,60,51-65,Male,0,shruti.das4256@gmail.com,9702576411
4257,Simran Banerjee,Family,Singapore,62,51-65,Female,1,simran.banerjee4257@gmail.com,9780527220
4258,Rohan Mishra,Leisure,India,65,51-65,Male,1,rohan.mishra4258@gmail.com,9317484230
4259,Gaurav Nair,Leisure,India,27,26-35,Female,1,gaurav.nair4259@gmail.com,9609835246
4260,Pooja Joshi,Leisure,India,47,36-50,Female,0,pooja.joshi4260@gmail.com,9899880385
4261,Ananya Dixit,Business,India,38,36-50,Female,1,ananya.dixit4261@gmail.com,9807970180
4262,Vishal Rao,Family,India,39,36-50,Female,1,vishal.rao4262@gmail.com,9720355582
4263,Priya Rao,Leisure,India,43,36-50,Male,0,priya.rao4263@gmail.com,9605076253
4264,Simran Bose,Leisure,India,57,51-65,Male,0,simran.bose4264@gmail.com,9480624969
4265,Aditya Pillai,Couple,India,23,18-25,Male,0,aditya.pillai4265@gmail.com,9939248992
4266,Shreyash Bose,Leisure,India,62,51-65,Female,1,shreyash.bose4266@gmail.com,9362898308
4267,Priya Nair,Couple,India,48,36-50,Male,0,priya.nair4267@gmail.com,9606301857
4268,Suresh Mukherjee,Business,India,24,18-25,Female,0,suresh.mukherjee4268@gmail.com,9554850228
4269,Riya Mishra,Couple,Canada,19,18-25,Male,0,riya.mishra4269@gmail.com,9395384759
4270,Rohan Shah,Family,India,26,26-35,Male,0,rohan.shah4270@gmail.com,9527598238
4271,Karan Saxena,Couple,India,68,65+,Female,0,karan.saxena4271@gmail.com,9447156546
4272,Ritu Pandey,Family,India,65,51-65,Male,0,ritu.pandey4272@gmail.com,9854337212
4273,Vishal Chopra,Business,India,31,26-35,Male,0,vishal.chopra4273@gmail.com,9593931430
4274,Rohit Das,Leisure,India,69,65+,Female,1,rohit.das4274@gmail.com,9524569982
4275,Rohan Verma,Couple,India,72,65+,Male,0,rohan.verma4275@gmail.com,9217936900
4276,Divya Bose,Leisure,India,62,51-65,Female,0,divya.bose4276@gmail.com,9708980151
4277,Pallavi Singh,Leisure,India,44,36-50,Female,0,pallavi.singh4277@gmail.com,9127460749
4278,Nikhil Pillai,Leisure,India,32,26-35,Male,0,nikhil.pillai4278@gmail.com,9744333516
4279,Neha Patel,Business,India,42,36-50,Male,1,neha.patel4279@gmail.com,9943174275
4280,Rohan Sharma,Leisure,India,43,36-50,Male,0,rohan.sharma4280@gmail.com,9392174443
4281,Simran Patel,Business,India,30,26-35,Male,1,simran.patel4281@gmail.com,9391947019
4282,Meera Nair,Couple,USA,44,36-50,Female,0,meera.nair4282@gmail.com,9320244307
4283,Ritu Mishra,Business,India,36,36-50,Male,0,ritu.mishra4283@gmail.com,9685721107
4284,Deepak Singh,Business,Malaysia,21,18-25,Male,0,deepak.singh4284@gmail.com,9630024523
4285,Ayush Shah,Leisure,India,22,18-25,Female,0,ayush.shah4285@gmail.com,9197861794
4286,Arjun Kapoor,Leisure,India,36,36-50,Male,0,arjun.kapoor4286@gmail.com,9151067852
4287,Nisha Bose,Family,India,20,18-25,Male,0,nisha.bose4287@gmail.com,9992057939
4288,Nikhil Desai,Leisure,India,25,18-25,Female,0,nikhil.desai4288@gmail.com,9135412408
4289,Vikram Kulkarni,Leisure,India,56,51-65,Male,1,vikram.kulkarni4289@gmail.com,9255026264
4290,Neha Desai,Couple,India,34,26-35,Female,0,neha.desai4290@gmail.com,9380389567
4291,Anjali Patel,Leisure,India,38,36-50,Male,1,anjali.patel4291@gmail.com,9165909932
4292,Riya Saxena,Business,USA,24,18-25,Female,0,riya.saxena4292@gmail.com,9735309728
4293,Arjun Shah,Leisure,India,42,36-50,Male,1,arjun.shah4293@gmail.com,9945254335
4294,Riya Kumar,Family,Australia,23,18-25,Female,1,riya.kumar4294@gmail.com,9245203810
4295,Arjun Saxena,Leisure,UAE,37,36-50,Male,0,arjun.saxena4295@gmail.com,9425832442
4296,Pallavi Pillai,Leisure,India,28,26-35,Male,0,pallavi.pillai4296@gmail.com,9228023421
4297,Rohit Pandey,Business,India,47,36-50,Female,0,rohit.pandey4297@gmail.com,9620312606
4298,Vikram Mukherjee,Business,India,31,26-35,Female,0,vikram.mukherjee4298@gmail.com,9647690382
4299,Tanya Nair,Leisure,India,36,36-50,Female,1,tanya.nair4299@gmail.com,9177038394
4300,Kavya Mishra,Leisure,India,20,18-25,Female,0,kavya.mishra4300@gmail.com,9219398750
4301,Gaurav Kumar,Business,India,36,36-50,Male,1,gaurav.kumar4301@gmail.com,9262942208
4302,Neha Chopra,Family,India,21,18-25,Male,0,neha.chopra4302@gmail.com,9188477579
4303,Swati Shah,Couple,India,21,18-25,Female,0,swati.shah4303@gmail.com,9565297930
4304,Divya Kapoor,Leisure,India,44,36-50,Female,0,divya.kapoor4304@gmail.com,9461996126
4305,Suresh Malhotra,Couple,India,66,65+,Female,0,suresh.malhotra4305@gmail.com,9180586243
4306,Rahul Gupta,Business,India,41,36-50,Female,0,rahul.gupta4306@gmail.com,9968363009
4307,Vikram Dixit,Leisure,Germany,47,36-50,Female,0,vikram.dixit4307@gmail.com,9485353099
4308,Shruti Kapoor,Couple,India,36,36-50,Male,0,shruti.kapoor4308@gmail.com,9132883895
4309,Tanya Kumar,Couple,India,58,51-65,Female,0,tanya.kumar4309@gmail.com,9473520526
4310,Kritika Shah,Couple,India,41,36-50,Female,0,kritika.shah4310@gmail.com,9297816975
4311,Akash Bose,Leisure,France,23,18-25,Female,1,akash.bose4311@gmail.com,9534014323
4312,Rohit Mukherjee,Family,India,41,36-50,Female,0,rohit.mukherjee4312@gmail.com,9378088986
4313,Gaurav Desai,Business,India,48,36-50,Male,0,gaurav.desai4313@gmail.com,9189123910
4314,Vishal Desai,Family,India,35,26-35,Male,0,vishal.desai4314@gmail.com,9105469253
4315,Gaurav Reddy,Family,India,44,36-50,Male,1,gaurav.reddy4315@gmail.com,9945521529
4316,Shreyash Iyer,Business,India,18,18-25,Male,0,shreyash.iyer4316@gmail.com,9972663070
4317,Nikhil Rao,Couple,India,56,51-65,Male,0,nikhil.rao4317@gmail.com,9963510654
4318,Arjun Nair,Business,India,52,51-65,Male,1,arjun.nair4318@gmail.com,9537704234
4319,Suresh Shah,Leisure,India,64,51-65,Male,1,suresh.shah4319@gmail.com,9951201964
4320,Suresh Gupta,Leisure,India,27,26-35,Male,1,suresh.gupta4320@gmail.com,9697071746
4321,Anjali Khanna,Leisure,India,52,51-65,Female,0,anjali.khanna4321@gmail.com,9267014814
4322,Ishaan Shah,Family,India,56,51-65,Female,1,ishaan.shah4322@gmail.com,9393045122
4323,Pooja Patel,Couple,France,66,65+,Female,0,pooja.patel4323@gmail.com,9961714079
4324,Neha Mehta,Leisure,India,68,65+,Male,0,neha.mehta4324@gmail.com,9364435446
4325,Manish Pillai,Couple,India,70,65+,Female,1,manish.pillai4325@gmail.com,9937270243
4326,Akash Dixit,Family,India,28,26-35,Male,0,akash.dixit4326@gmail.com,9108220343
4327,Shruti Khanna,Business,India,58,51-65,Female,0,shruti.khanna4327@gmail.com,9697563674
4328,Amit Agarwal,Family,India,51,51-65,Male,1,amit.agarwal4328@gmail.com,9680303132
4329,Priya Desai,Business,India,19,18-25,Female,1,priya.desai4329@gmail.com,9408913843
4330,Swati Mehta,Couple,India,22,18-25,Female,0,swati.mehta4330@gmail.com,9235557399
4331,Shreyash Mukherjee,Leisure,India,59,51-65,Female,0,shreyash.mukherjee4331@gmail.com,9696646310
4332,Nikhil Trivedi,Business,India,36,36-50,Male,0,nikhil.trivedi4332@gmail.com,9288212100
4333,Pooja Bose,Leisure,India,61,51-65,Male,1,pooja.bose4333@gmail.com,9338384668
4334,Manish Nair,Couple,India,59,51-65,Male,0,manish.nair4334@gmail.com,9344109289
4335,Pallavi Mishra,Leisure,India,67,65+,Male,0,pallavi.mishra4335@gmail.com,9204525419
4336,Aditya Pandey,Business,India,57,51-65,Female,1,aditya.pandey4336@gmail.com,9357215696
4337,Kritika Agarwal,Leisure,India,18,18-25,Female,0,kritika.agarwal4337@gmail.com,9693295614
4338,Sanjay Chopra,Family,India,68,65+,Female,0,sanjay.chopra4338@gmail.com,9428630554
4339,Priya Mishra,Leisure,India,29,26-35,Male,0,priya.mishra4339@gmail.com,9747190187
4340,Shruti Saxena,Business,India,21,18-25,Female,0,shruti.saxena4340@gmail.com,9264525372
4341,Ishaan Agarwal,Leisure,India,45,36-50,Male,0,ishaan.agarwal4341@gmail.com,9881563500
4342,Sneha Kapoor,Business,India,44,36-50,Female,1,sneha.kapoor4342@gmail.com,9585704002
4343,Ritu Chopra,Couple,India,20,18-25,Male,0,ritu.chopra4343@gmail.com,9254513193
4344,Akash Rao,Couple,India,32,26-35,Female,0,akash.rao4344@gmail.com,9174208575
4345,Nisha Saxena,Leisure,India,21,18-25,Male,0,nisha.saxena4345@gmail.com,9781845686
4346,Priya Reddy,Leisure,India,30,26-35,Female,0,priya.reddy4346@gmail.com,9761387608
4347,Muskan Joshi,Couple,India,57,51-65,Female,0,muskan.joshi4347@gmail.com,9423511951
4348,Pallavi Mukherjee,Leisure,India,29,26-35,Female,0,pallavi.mukherjee4348@gmail.com,9971440353
4349,Rahul Mishra,Couple,India,61,51-65,Male,1,rahul.mishra4349@gmail.com,9251224299
4350,Deepak Joshi,Couple,India,37,36-50,Male,0,deepak.joshi4350@gmail.com,9394105041
4351,Pooja Iyer,Couple,Germany,26,26-35,Female,1,pooja.iyer4351@gmail.com,9455402113
4352,Swati Mehta,Leisure,India,56,51-65,Male,0,swati.mehta4352@gmail.com,9462964007
4353,Sanjay Iyer,Leisure,India,72,65+,Male,0,sanjay.iyer4353@gmail.com,9995604142
4354,Harsh Saxena,Family,India,18,18-25,Male,1,harsh.saxena4354@gmail.com,9496127640
4355,Akash Patel,Leisure,India,66,65+,Male,1,akash.patel4355@gmail.com,9255047144
4356,Muskan Trivedi,Couple,India,61,51-65,Female,0,muskan.trivedi4356@gmail.com,9338629623
4357,Pooja Malhotra,Business,India,52,51-65,Male,0,pooja.malhotra4357@gmail.com,9343052008
4358,Amit Verma,Couple,India,71,65+,Male,0,amit.verma4358@gmail.com,9521239642
4359,Divya Kulkarni,Leisure,Singapore,57,51-65,Male,0,divya.kulkarni4359@gmail.com,9206524607
4360,Harsh Khanna,Business,India,56,51-65,Male,0,harsh.khanna4360@gmail.com,9128392744
4361,Nisha Singh,Business,India,47,36-50,Male,0,nisha.singh4361@gmail.com,9485669380
4362,Kavya Saxena,Couple,India,43,36-50,Female,0,kavya.saxena4362@gmail.com,9609854554
4363,Rahul Kapoor,Couple,India,26,26-35,Female,0,rahul.kapoor4363@gmail.com,9331336425
4364,Neha Pandey,Leisure,India,55,51-65,Male,0,neha.pandey4364@gmail.com,9424345573
4365,Tanvi Mukherjee,Business,India,18,18-25,Male,1,tanvi.mukherjee4365@gmail.com,9548809963
4366,Arjun Pillai,Couple,India,21,18-25,Male,0,arjun.pillai4366@gmail.com,9790401984
4367,Kavya Shah,Business,India,57,51-65,Male,0,kavya.shah4367@gmail.com,9623141589
4368,Pooja Agarwal,Leisure,India,18,18-25,Male,0,pooja.agarwal4368@gmail.com,9297361395
4369,Simran Bose,Business,India,45,36-50,Male,0,simran.bose4369@gmail.com,9297789539
4370,Swati Kapoor,Business,Canada,63,51-65,Female,0,swati.kapoor4370@gmail.com,9168709102
4371,Shreyash Das,Business,India,40,36-50,Female,1,shreyash.das4371@gmail.com,9582643785
4372,Simran Agarwal,Leisure,India,32,26-35,Male,0,simran.agarwal4372@gmail.com,9937127843
4373,Manish Das,Business,India,26,26-35,Male,1,manish.das4373@gmail.com,9513466574
4374,Pallavi Iyer,Leisure,India,67,65+,Male,0,pallavi.iyer4374@gmail.com,9504633664
4375,Vishal Iyer,Leisure,Malaysia,36,36-50,Male,0,vishal.iyer4375@gmail.com,9940064818
4376,Neha Agarwal,Leisure,India,66,65+,Female,1,neha.agarwal4376@gmail.com,9759576839
4377,Arjun Dixit,Leisure,India,60,51-65,Female,0,arjun.dixit4377@gmail.com,9559462927
4378,Nikhil Banerjee,Couple,India,39,36-50,Male,0,nikhil.banerjee4378@gmail.com,9807417013
4379,Riya Bose,Business,India,22,18-25,Male,1,riya.bose4379@gmail.com,9717936964
4380,Suresh Mishra,Leisure,India,70,65+,Female,0,suresh.mishra4380@gmail.com,9158995729
4381,Nikhil Pillai,Business,India,69,65+,Male,1,nikhil.pillai4381@gmail.com,9364040072
4382,Vikram Pillai,Business,India,43,36-50,Female,0,vikram.pillai4382@gmail.com,9829878857
4383,Akash Sharma,Leisure,India,58,51-65,Female,0,akash.sharma4383@gmail.com,9319577812
4384,Swati Mehta,Leisure,India,27,26-35,Male,0,swati.mehta4384@gmail.com,9232182114
4385,Tanvi Chopra,Family,India,27,26-35,Male,0,tanvi.chopra4385@gmail.com,9506465823
4386,Ishaan Das,Leisure,India,59,51-65,Female,0,ishaan.das4386@gmail.com,9634702154
4387,Pooja Singh,Family,India,72,65+,Male,0,pooja.singh4387@gmail.com,9306765234
4388,Priya Patel,Business,India,65,51-65,Male,0,priya.patel4388@gmail.com,9461477391
4389,Kavya Saxena,Business,India,54,51-65,Male,0,kavya.saxena4389@gmail.com,9854882391
4390,Vikram Shah,Business,India,34,26-35,Female,0,vikram.shah4390@gmail.com,9807279741
4391,Shreyash Desai,Business,India,42,36-50,Male,1,shreyash.desai4391@gmail.com,9614051496
4392,Tanvi Banerjee,Leisure,India,24,18-25,Female,0,tanvi.banerjee4392@gmail.com,9316579566
4393,Harsh Rao,Couple,India,54,51-65,Male,0,harsh.rao4393@gmail.com,9465960428
4394,Meera Dixit,Business,India,26,26-35,Male,1,meera.dixit4394@gmail.com,9936383929
4395,Ritu Pillai,Family,India,70,65+,Female,0,ritu.pillai4395@gmail.com,9275736606
4396,Shruti Kapoor,Couple,India,29,26-35,Female,0,shruti.kapoor4396@gmail.com,9951494641
4397,Aditya Desai,Leisure,India,22,18-25,Male,0,aditya.desai4397@gmail.com,9400271755
4398,Sanjay Chopra,Business,India,69,65+,Male,0,sanjay.chopra4398@gmail.com,9995954606
4399,Tanya Pillai,Business,India,38,36-50,Female,0,tanya.pillai4399@gmail.com,9541020874
4400,Deepak Reddy,Business,India,50,36-50,Female,0,deepak.reddy4400@gmail.com,9271522452
4401,Suresh Verma,Business,India,36,36-50,Female,0,suresh.verma4401@gmail.com,9123278962
4402,Nisha Rao,Leisure,India,26,26-35,Female,1,nisha.rao4402@gmail.com,9543751428
4403,Simran Gupta,Business,India,44,36-50,Female,0,simran.gupta4403@gmail.com,9458418069
4404,Neha Gupta,Leisure,UK,21,18-25,Female,0,neha.gupta4404@gmail.com,9906051348
4405,Akash Kulkarni,Family,India,63,51-65,Female,1,akash.kulkarni4405@gmail.com,9348480008
4406,Sanjay Banerjee,Couple,India,57,51-65,Female,0,sanjay.banerjee4406@gmail.com,9331403025
4407,Deepak Pillai,Family,India,26,26-35,Male,1,deepak.pillai4407@gmail.com,9218376857
4408,Nisha Rao,Business,India,41,36-50,Male,1,nisha.rao4408@gmail.com,9945488046
4409,Karan Khanna,Leisure,India,47,36-50,Male,0,karan.khanna4409@gmail.com,9470321653
4410,Harsh Das,Leisure,India,47,36-50,Male,0,harsh.das4410@gmail.com,9658079886
4411,Vishal Banerjee,Business,India,21,18-25,Female,1,vishal.banerjee4411@gmail.com,9347152003
4412,Muskan Reddy,Business,India,23,18-25,Female,0,muskan.reddy4412@gmail.com,9830825510
4413,Anjali Mukherjee,Couple,India,30,26-35,Female,0,anjali.mukherjee4413@gmail.com,9267568157
4414,Sneha Dixit,Couple,India,62,51-65,Female,0,sneha.dixit4414@gmail.com,9870697234
4415,Kritika Nair,Leisure,India,67,65+,Female,1,kritika.nair4415@gmail.com,9311667113
4416,Nikhil Bose,Leisure,India,60,51-65,Male,0,nikhil.bose4416@gmail.com,9941623880
4417,Ishaan Rao,Leisure,India,18,18-25,Male,1,ishaan.rao4417@gmail.com,9248518128
4418,Anjali Sharma,Business,India,64,51-65,Female,0,anjali.sharma4418@gmail.com,9388215682
4419,Rohit Kapoor,Leisure,India,67,65+,Male,1,rohit.kapoor4419@gmail.com,9908246350
4420,Meera Rao,Business,India,61,51-65,Female,1,meera.rao4420@gmail.com,9948238398
4421,Shreyash Joshi,Business,Singapore,52,51-65,Female,0,shreyash.joshi4421@gmail.com,9894639988
4422,Pooja Banerjee,Family,India,42,36-50,Male,0,pooja.banerjee4422@gmail.com,9787318239
4423,Deepak Agarwal,Leisure,India,45,36-50,Male,1,deepak.agarwal4423@gmail.com,9497790904
4424,Nikhil Verma,Couple,India,63,51-65,Male,1,nikhil.verma4424@gmail.com,9301645728
4425,Anjali Verma,Leisure,India,41,36-50,Male,0,anjali.verma4425@gmail.com,9331014448
4426,Tanya Patel,Leisure,India,18,18-25,Male,1,tanya.patel4426@gmail.com,9456270000
4427,Vishal Kapoor,Business,India,48,36-50,Female,0,vishal.kapoor4427@gmail.com,9669723467
4428,Sneha Mishra,Business,India,31,26-35,Male,0,sneha.mishra4428@gmail.com,9785108889
4429,Vikram Patel,Business,India,21,18-25,Female,1,vikram.patel4429@gmail.com,9474275212
4430,Kritika Kapoor,Couple,India,39,36-50,Male,0,kritika.kapoor4430@gmail.com,9995111822
4431,Swati Shah,Couple,India,58,51-65,Male,1,swati.shah4431@gmail.com,9793343260
4432,Meera Nair,Leisure,India,47,36-50,Female,0,meera.nair4432@gmail.com,9153621249
4433,Karan Patel,Leisure,India,58,51-65,Male,1,karan.patel4433@gmail.com,9533057132
4434,Ishaan Dixit,Family,India,42,36-50,Female,0,ishaan.dixit4434@gmail.com,9622974827
4435,Akash Mishra,Business,India,20,18-25,Male,0,akash.mishra4435@gmail.com,9753048081
4436,Amit Gupta,Leisure,India,68,65+,Male,0,amit.gupta4436@gmail.com,9751019699
4437,Ishaan Banerjee,Leisure,India,59,51-65,Male,0,ishaan.banerjee4437@gmail.com,9210413630
4438,Shruti Singh,Couple,India,41,36-50,Female,0,shruti.singh4438@gmail.com,9957740558
4439,Ishaan Rao,Family,India,23,18-25,Female,0,ishaan.rao4439@gmail.com,9513798741
4440,Akash Chopra,Business,India,65,51-65,Male,0,akash.chopra4440@gmail.com,9271617618
4441,Nikhil Singh,Family,India,20,18-25,Female,0,nikhil.singh4441@gmail.com,9457383647
4442,Tanvi Shah,Couple,India,30,26-35,Female,0,tanvi.shah4442@gmail.com,9678874106
4443,Vikram Saxena,Business,India,45,36-50,Female,0,vikram.saxena4443@gmail.com,9261008845
4444,Tanvi Chopra,Leisure,India,41,36-50,Male,0,tanvi.chopra4444@gmail.com,9721162257
4445,Simran Mukherjee,Leisure,India,28,26-35,Female,1,simran.mukherjee4445@gmail.com,9529689726
4446,Anjali Kumar,Family,India,67,65+,Female,0,anjali.kumar4446@gmail.com,9146508439
4447,Vikram Pillai,Business,India,52,51-65,Female,0,vikram.pillai4447@gmail.com,9559300570
4448,Ananya Nair,Couple,India,31,26-35,Male,0,ananya.nair4448@gmail.com,9933618594
4449,Karan Sharma,Leisure,India,68,65+,Female,1,karan.sharma4449@gmail.com,9986622781
4450,Pallavi Joshi,Couple,India,66,65+,Female,0,pallavi.joshi4450@gmail.com,9701483985
4451,Aditya Verma,Leisure,India,22,18-25,Female,0,aditya.verma4451@gmail.com,9862485957
4452,Sneha Joshi,Leisure,India,26,26-35,Female,0,sneha.joshi4452@gmail.com,9557917712
4453,Arjun Mehta,Couple,India,69,65+,Female,0,arjun.mehta4453@gmail.com,9108218490
4454,Tanvi Dixit,Couple,India,48,36-50,Male,0,tanvi.dixit4454@gmail.com,9108560683
4455,Pallavi Mukherjee,Family,India,53,51-65,Male,0,pallavi.mukherjee4455@gmail.com,9951861812
4456,Riya Nair,Business,India,65,51-65,Male,1,riya.nair4456@gmail.com,9915995939
4457,Shreyash Khanna,Couple,India,38,36-50,Male,0,shreyash.khanna4457@gmail.com,9616181484
4458,Shreyash Dixit,Business,India,30,26-35,Male,0,shreyash.dixit4458@gmail.com,9166012063
4459,Rahul Iyer,Leisure,India,27,26-35,Male,1,rahul.iyer4459@gmail.com,9251994625
4460,Ritu Gupta,Leisure,India,36,36-50,Female,0,ritu.gupta4460@gmail.com,9827793478
4461,Sneha Chopra,Leisure,Nepal,60,51-65,Female,0,sneha.chopra4461@gmail.com,9842749688
4462,Akash Nair,Leisure,India,66,65+,Female,0,akash.nair4462@gmail.com,9827842037
4463,Simran Saxena,Family,India,48,36-50,Male,0,simran.saxena4463@gmail.com,9862116909
4464,Muskan Rao,Business,India,67,65+,Female,0,muskan.rao4464@gmail.com,9588830580
4465,Nikhil Khanna,Couple,India,56,51-65,Female,0,nikhil.khanna4465@gmail.com,9351823281
4466,Karan Khanna,Leisure,India,19,18-25,Male,0,karan.khanna4466@gmail.com,9493682606
4467,Anjali Joshi,Business,India,26,26-35,Female,0,anjali.joshi4467@gmail.com,9491410337
4468,Karan Mukherjee,Business,India,57,51-65,Male,0,karan.mukherjee4468@gmail.com,9295742031
4469,Rohit Pandey,Family,India,55,51-65,Male,0,rohit.pandey4469@gmail.com,9361861195
4470,Muskan Banerjee,Family,India,47,36-50,Male,0,muskan.banerjee4470@gmail.com,9405494488
4471,Riya Pillai,Family,India,44,36-50,Male,0,riya.pillai4471@gmail.com,9459247099
4472,Harsh Trivedi,Family,India,55,51-65,Male,1,harsh.trivedi4472@gmail.com,9452995849
4473,Amit Das,Business,Australia,24,18-25,Male,1,amit.das4473@gmail.com,9861110278
4474,Anjali Rao,Leisure,India,19,18-25,Male,1,anjali.rao4474@gmail.com,9474359078
4475,Ananya Saxena,Couple,Canada,31,26-35,Female,0,ananya.saxena4475@gmail.com,9461060837
4476,Ayush Iyer,Leisure,India,72,65+,Male,1,ayush.iyer4476@gmail.com,9410335417
4477,Shreyash Reddy,Leisure,Canada,31,26-35,Female,0,shreyash.reddy4477@gmail.com,9195840932
4478,Ayush Joshi,Leisure,India,36,36-50,Female,0,ayush.joshi4478@gmail.com,9198021549
4479,Deepak Kapoor,Leisure,India,63,51-65,Female,0,deepak.kapoor4479@gmail.com,9515901668
4480,Vishal Pillai,Leisure,India,69,65+,Male,1,vishal.pillai4480@gmail.com,9322982284
4481,Pooja Nair,Business,Singapore,26,26-35,Female,0,pooja.nair4481@gmail.com,9257037633
4482,Ishaan Gupta,Leisure,India,43,36-50,Female,1,ishaan.gupta4482@gmail.com,9735917832
4483,Suresh Das,Leisure,India,60,51-65,Male,0,suresh.das4483@gmail.com,9142302950
4484,Amit Banerjee,Leisure,Nepal,61,51-65,Male,1,amit.banerjee4484@gmail.com,9519965089
4485,Sneha Singh,Business,India,60,51-65,Female,0,sneha.singh4485@gmail.com,9443199611
4486,Pooja Saxena,Couple,India,53,51-65,Female,1,pooja.saxena4486@gmail.com,9984657512
4487,Anjali Nair,Business,India,43,36-50,Male,0,anjali.nair4487@gmail.com,9792525544
4488,Karan Mehta,Leisure,India,44,36-50,Male,0,karan.mehta4488@gmail.com,9865329199
4489,Karan Trivedi,Couple,India,23,18-25,Male,1,karan.trivedi4489@gmail.com,9140497534
4490,Simran Patel,Leisure,India,70,65+,Male,1,simran.patel4490@gmail.com,9576061985
4491,Ishaan Kumar,Leisure,Malaysia,18,18-25,Female,0,ishaan.kumar4491@gmail.com,9670902618
4492,Amit Joshi,Couple,India,59,51-65,Male,0,amit.joshi4492@gmail.com,9399229348
4493,Vikram Malhotra,Leisure,India,56,51-65,Male,0,vikram.malhotra4493@gmail.com,9154301654
4494,Muskan Das,Couple,India,21,18-25,Female,0,muskan.das4494@gmail.com,9780062139
4495,Akash Rao,Couple,India,23,18-25,Male,0,akash.rao4495@gmail.com,9522955609
4496,Suresh Mishra,Couple,India,19,18-25,Male,1,suresh.mishra4496@gmail.com,9247215786
4497,Shruti Reddy,Leisure,India,40,36-50,Female,0,shruti.reddy4497@gmail.com,9848835675
4498,Deepak Mukherjee,Business,India,72,65+,Male,0,deepak.mukherjee4498@gmail.com,9870740196
4499,Aditya Singh,Leisure,India,20,18-25,Female,0,aditya.singh4499@gmail.com,9327730919
4500,Kavya Sharma,Leisure,India,45,36-50,Female,0,kavya.sharma4500@gmail.com,9749249037
4501,Akash Agarwal,Leisure,India,36,36-50,Male,1,akash.agarwal4501@gmail.com,9727633816
4502,Neha Das,Leisure,India,26,26-35,Female,0,neha.das4502@gmail.com,9609351789
4503,Nikhil Das,Leisure,India,59,51-65,Male,0,nikhil.das4503@gmail.com,9211503589
4504,Kritika Trivedi,Business,India,45,36-50,Female,0,kritika.trivedi4504@gmail.com,9205541963
4505,Shreyash Nair,Leisure,India,43,36-50,Male,0,shreyash.nair4505@gmail.com,9682711970
4506,Meera Rao,Leisure,India,45,36-50,Female,1,meera.rao4506@gmail.com,9882446102
4507,Kritika Kulkarni,Couple,India,28,26-35,Female,0,kritika.kulkarni4507@gmail.com,9284573605
4508,Simran Joshi,Business,India,45,36-50,Female,0,simran.joshi4508@gmail.com,9652679869
4509,Shreyash Sharma,Leisure,India,62,51-65,Male,0,shreyash.sharma4509@gmail.com,9526363607
4510,Pooja Kapoor,Family,India,28,26-35,Male,0,pooja.kapoor4510@gmail.com,9788079363
4511,Ayush Pillai,Business,Canada,52,51-65,Male,0,ayush.pillai4511@gmail.com,9723607953
4512,Simran Mehta,Leisure,India,54,51-65,Male,1,simran.mehta4512@gmail.com,9466573742
4513,Muskan Nair,Business,India,47,36-50,Male,0,muskan.nair4513@gmail.com,9747747224
4514,Harsh Kapoor,Couple,India,19,18-25,Male,0,harsh.kapoor4514@gmail.com,9496594605
4515,Tanvi Sharma,Leisure,India,19,18-25,Male,0,tanvi.sharma4515@gmail.com,9412360952
4516,Neha Mukherjee,Leisure,India,24,18-25,Female,0,neha.mukherjee4516@gmail.com,9692099952
4517,Simran Shah,Leisure,India,22,18-25,Male,0,simran.shah4517@gmail.com,9478472089
4518,Kritika Chopra,Family,India,52,51-65,Female,1,kritika.chopra4518@gmail.com,9222568433
4519,Nisha Reddy,Business,India,20,18-25,Male,0,nisha.reddy4519@gmail.com,9487686272
4520,Amit Sharma,Business,Canada,56,51-65,Male,1,amit.sharma4520@gmail.com,9738195468
4521,Divya Reddy,Family,India,53,51-65,Female,0,divya.reddy4521@gmail.com,9597202093
4522,Sneha Bose,Leisure,India,59,51-65,Male,0,sneha.bose4522@gmail.com,9733132508
4523,Karan Sharma,Family,India,24,18-25,Male,0,karan.sharma4523@gmail.com,9114165618
4524,Vikram Bose,Leisure,India,43,36-50,Male,0,vikram.bose4524@gmail.com,9283518973
4525,Rohan Mukherjee,Couple,India,43,36-50,Female,1,rohan.mukherjee4525@gmail.com,9294517040
4526,Suresh Mehta,Leisure,India,44,36-50,Male,0,suresh.mehta4526@gmail.com,9780739347
4527,Ananya Sharma,Couple,India,28,26-35,Male,1,ananya.sharma4527@gmail.com,9635233264
4528,Karan Sharma,Family,India,69,65+,Female,0,karan.sharma4528@gmail.com,9513277550
4529,Shruti Gupta,Leisure,India,62,51-65,Female,0,shruti.gupta4529@gmail.com,9604200736
4530,Vishal Sharma,Business,Australia,69,65+,Female,0,vishal.sharma4530@gmail.com,9939552941
4531,Pooja Trivedi,Leisure,India,66,65+,Female,0,pooja.trivedi4531@gmail.com,9812261598
4532,Ayush Chopra,Business,India,61,51-65,Female,1,ayush.chopra4532@gmail.com,9873481842
4533,Gaurav Mishra,Business,India,68,65+,Male,0,gaurav.mishra4533@gmail.com,9426341155
4534,Deepak Chopra,Leisure,India,34,26-35,Female,0,deepak.chopra4534@gmail.com,9401385801
4535,Gaurav Bose,Leisure,India,53,51-65,Female,0,gaurav.bose4535@gmail.com,9652024999
4536,Karan Pillai,Leisure,India,50,36-50,Male,0,karan.pillai4536@gmail.com,9702975115
4537,Aditya Pillai,Leisure,India,59,51-65,Female,0,aditya.pillai4537@gmail.com,9547203716
4538,Harsh Shah,Couple,India,43,36-50,Female,0,harsh.shah4538@gmail.com,9358060505
4539,Anjali Sharma,Business,India,69,65+,Female,0,anjali.sharma4539@gmail.com,9663204337
4540,Riya Sharma,Business,India,56,51-65,Female,1,riya.sharma4540@gmail.com,9930152283
4541,Nikhil Mukherjee,Business,India,53,51-65,Male,0,nikhil.mukherjee4541@gmail.com,9796673655
4542,Deepak Khanna,Leisure,India,64,51-65,Female,0,deepak.khanna4542@gmail.com,9841428202
4543,Swati Desai,Business,India,20,18-25,Female,1,swati.desai4543@gmail.com,9877453207
4544,Nisha Malhotra,Leisure,India,41,36-50,Male,0,nisha.malhotra4544@gmail.com,9671243180
4545,Ritu Kapoor,Leisure,India,28,26-35,Male,1,ritu.kapoor4545@gmail.com,9311606308
4546,Ritu Joshi,Couple,India,66,65+,Male,0,ritu.joshi4546@gmail.com,9848336824
4547,Pallavi Iyer,Business,India,65,51-65,Female,0,pallavi.iyer4547@gmail.com,9733819589
4548,Sanjay Verma,Couple,India,68,65+,Female,0,sanjay.verma4548@gmail.com,9836184335
4549,Rahul Mehta,Couple,India,19,18-25,Male,0,rahul.mehta4549@gmail.com,9459792089
4550,Ananya Chopra,Couple,India,40,36-50,Male,0,ananya.chopra4550@gmail.com,9839945187
4551,Rahul Khanna,Family,India,19,18-25,Male,0,rahul.khanna4551@gmail.com,9201160730
4552,Nisha Shah,Business,India,32,26-35,Male,1,nisha.shah4552@gmail.com,9598211064
4553,Ayush Verma,Business,UAE,61,51-65,Male,0,ayush.verma4553@gmail.com,9905947165
4554,Harsh Agarwal,Family,India,30,26-35,Male,0,harsh.agarwal4554@gmail.com,9878337658
4555,Arjun Kumar,Leisure,India,33,26-35,Female,0,arjun.kumar4555@gmail.com,9395033357
4556,Suresh Kapoor,Leisure,India,29,26-35,Female,0,suresh.kapoor4556@gmail.com,9259973712
4557,Ananya Rao,Couple,UK,42,36-50,Male,0,ananya.rao4557@gmail.com,9469309222
4558,Neha Banerjee,Couple,India,51,51-65,Female,0,neha.banerjee4558@gmail.com,9667504460
4559,Karan Mishra,Family,Canada,61,51-65,Female,0,karan.mishra4559@gmail.com,9467457545
4560,Pooja Verma,Family,India,66,65+,Female,0,pooja.verma4560@gmail.com,9957046045
4561,Ayush Pandey,Couple,India,23,18-25,Male,0,ayush.pandey4561@gmail.com,9184173272
4562,Riya Pillai,Leisure,India,40,36-50,Female,0,riya.pillai4562@gmail.com,9834721943
4563,Aditya Banerjee,Family,India,62,51-65,Male,0,aditya.banerjee4563@gmail.com,9548694184
4564,Rohit Nair,Business,India,52,51-65,Male,0,rohit.nair4564@gmail.com,9314529688
4565,Kavya Iyer,Business,India,42,36-50,Male,0,kavya.iyer4565@gmail.com,9250750366
4566,Pooja Pillai,Family,India,71,65+,Female,0,pooja.pillai4566@gmail.com,9554384353
4567,Suresh Mukherjee,Leisure,India,34,26-35,Male,1,suresh.mukherjee4567@gmail.com,9555604710
4568,Priya Reddy,Business,India,51,51-65,Male,0,priya.reddy4568@gmail.com,9941315490
4569,Akash Kapoor,Business,India,18,18-25,Male,0,akash.kapoor4569@gmail.com,9351300022
4570,Pooja Agarwal,Family,India,33,26-35,Male,0,pooja.agarwal4570@gmail.com,9352191215
4571,Muskan Agarwal,Leisure,India,22,18-25,Female,0,muskan.agarwal4571@gmail.com,9163690400
4572,Nisha Malhotra,Couple,India,63,51-65,Female,0,nisha.malhotra4572@gmail.com,9982085406
4573,Simran Mishra,Business,India,70,65+,Male,0,simran.mishra4573@gmail.com,9855805594
4574,Nikhil Iyer,Couple,India,61,51-65,Male,0,nikhil.iyer4574@gmail.com,9916676253
4575,Meera Verma,Couple,India,70,65+,Male,0,meera.verma4575@gmail.com,9469535009
4576,Pooja Pillai,Leisure,India,59,51-65,Male,1,pooja.pillai4576@gmail.com,9496529993
4577,Ayush Pandey,Leisure,India,43,36-50,Female,0,ayush.pandey4577@gmail.com,9829631072
4578,Anjali Mishra,Business,India,68,65+,Male,1,anjali.mishra4578@gmail.com,9374181807
4579,Rohit Nair,Family,India,67,65+,Female,0,rohit.nair4579@gmail.com,9600963127
4580,Divya Agarwal,Couple,India,22,18-25,Male,0,divya.agarwal4580@gmail.com,9414396543
4581,Simran Sharma,Family,India,58,51-65,Female,1,simran.sharma4581@gmail.com,9191354907
4582,Ishaan Desai,Leisure,Germany,30,26-35,Female,1,ishaan.desai4582@gmail.com,9760391005
4583,Tanya Mehta,Couple,India,20,18-25,Male,0,tanya.mehta4583@gmail.com,9728413590
4584,Riya Nair,Couple,India,61,51-65,Male,0,riya.nair4584@gmail.com,9538086917
4585,Anjali Pillai,Couple,India,25,18-25,Female,0,anjali.pillai4585@gmail.com,9518573394
4586,Swati Trivedi,Family,India,46,36-50,Male,0,swati.trivedi4586@gmail.com,9646785453
4587,Neha Pandey,Leisure,India,27,26-35,Male,0,neha.pandey4587@gmail.com,9885070927
4588,Shreyash Nair,Business,India,70,65+,Male,1,shreyash.nair4588@gmail.com,9737484750
4589,Ananya Mehta,Couple,India,54,51-65,Male,0,ananya.mehta4589@gmail.com,9575295669
4590,Meera Pillai,Couple,India,45,36-50,Female,1,meera.pillai4590@gmail.com,9128889041
4591,Manish Gupta,Leisure,India,50,36-50,Female,0,manish.gupta4591@gmail.com,9574670032
4592,Vishal Chopra,Business,India,65,51-65,Male,0,vishal.chopra4592@gmail.com,9310986781
4593,Sneha Verma,Leisure,India,38,36-50,Male,1,sneha.verma4593@gmail.com,9290676819
4594,Rahul Gupta,Leisure,India,42,36-50,Male,0,rahul.gupta4594@gmail.com,9695874691
4595,Muskan Patel,Leisure,India,65,51-65,Female,0,muskan.patel4595@gmail.com,9159367421
4596,Suresh Agarwal,Couple,India,50,36-50,Female,0,suresh.agarwal4596@gmail.com,9525846891
4597,Sneha Mehta,Couple,India,67,65+,Male,1,sneha.mehta4597@gmail.com,9749170321
4598,Meera Verma,Business,India,61,51-65,Female,0,meera.verma4598@gmail.com,9419542823
4599,Vikram Mishra,Leisure,Canada,64,51-65,Male,1,vikram.mishra4599@gmail.com,9555228021
4600,Tanvi Reddy,Leisure,India,20,18-25,Male,0,tanvi.reddy4600@gmail.com,9991317925
4601,Ananya Pillai,Business,India,46,36-50,Male,1,ananya.pillai4601@gmail.com,9905674189
4602,Sanjay Kumar,Couple,India,33,26-35,Female,0,sanjay.kumar4602@gmail.com,9207964786
4603,Tanvi Khanna,Family,India,27,26-35,Male,1,tanvi.khanna4603@gmail.com,9674899834
4604,Ananya Joshi,Leisure,India,68,65+,Male,1,ananya.joshi4604@gmail.com,9927799366
4605,Ananya Das,Couple,India,61,51-65,Male,0,ananya.das4605@gmail.com,9821681612
4606,Gaurav Reddy,Family,India,64,51-65,Female,1,gaurav.reddy4606@gmail.com,9109704042
4607,Kavya Mishra,Couple,India,61,51-65,Male,0,kavya.mishra4607@gmail.com,9853137285
4608,Riya Mehta,Business,Nepal,42,36-50,Male,0,riya.mehta4608@gmail.com,9647909744
4609,Simran Banerjee,Family,India,59,51-65,Female,0,simran.banerjee4609@gmail.com,9297769558
4610,Amit Patel,Leisure,India,40,36-50,Male,1,amit.patel4610@gmail.com,9850276424
4611,Arjun Mukherjee,Leisure,India,48,36-50,Male,0,arjun.mukherjee4611@gmail.com,9565683552
4612,Kavya Verma,Business,India,41,36-50,Male,0,kavya.verma4612@gmail.com,9820794143
4613,Tanvi Pandey,Leisure,India,38,36-50,Male,1,tanvi.pandey4613@gmail.com,9592608918
4614,Rahul Reddy,Business,India,23,18-25,Male,0,rahul.reddy4614@gmail.com,9727216428
4615,Pooja Agarwal,Business,India,69,65+,Female,0,pooja.agarwal4615@gmail.com,9490164092
4616,Nikhil Agarwal,Leisure,India,27,26-35,Female,0,nikhil.agarwal4616@gmail.com,9518206657
4617,Neha Agarwal,Couple,India,47,36-50,Female,0,neha.agarwal4617@gmail.com,9353754591
4618,Akash Iyer,Family,Malaysia,61,51-65,Male,0,akash.iyer4618@gmail.com,9825559179
4619,Shreyash Reddy,Leisure,India,66,65+,Male,0,shreyash.reddy4619@gmail.com,9358253884
4620,Simran Chopra,Family,India,24,18-25,Male,0,simran.chopra4620@gmail.com,9921318437
4621,Gaurav Dixit,Family,India,52,51-65,Male,0,gaurav.dixit4621@gmail.com,9499706064
4622,Tanya Nair,Couple,India,47,36-50,Male,1,tanya.nair4622@gmail.com,9663449144
4623,Riya Das,Business,India,70,65+,Male,1,riya.das4623@gmail.com,9250098218
4624,Meera Pillai,Couple,India,63,51-65,Female,0,meera.pillai4624@gmail.com,9173924480
4625,Nisha Khanna,Family,India,42,36-50,Male,0,nisha.khanna4625@gmail.com,9319895371
4626,Meera Sharma,Couple,India,61,51-65,Male,1,meera.sharma4626@gmail.com,9590784627
4627,Nikhil Mukherjee,Leisure,India,61,51-65,Female,1,nikhil.mukherjee4627@gmail.com,9820418839
4628,Arjun Chopra,Leisure,India,36,36-50,Male,1,arjun.chopra4628@gmail.com,9526041566
4629,Tanvi Das,Couple,India,31,26-35,Female,1,tanvi.das4629@gmail.com,9129219903
4630,Deepak Kapoor,Leisure,India,42,36-50,Female,0,deepak.kapoor4630@gmail.com,9618656232
4631,Priya Shah,Business,India,53,51-65,Male,1,priya.shah4631@gmail.com,9398826584
4632,Tanvi Mehta,Leisure,India,61,51-65,Male,0,tanvi.mehta4632@gmail.com,9343753541
4633,Pooja Mukherjee,Couple,India,54,51-65,Male,0,pooja.mukherjee4633@gmail.com,9255656968
4634,Ayush Kumar,Family,India,59,51-65,Male,0,ayush.kumar4634@gmail.com,9161902389
4635,Gaurav Malhotra,Business,India,32,26-35,Female,1,gaurav.malhotra4635@gmail.com,9383706664
4636,Sneha Kapoor,Family,UAE,27,26-35,Male,1,sneha.kapoor4636@gmail.com,9584969042
4637,Suresh Gupta,Leisure,India,28,26-35,Female,0,suresh.gupta4637@gmail.com,9656835945
4638,Karan Sharma,Couple,India,52,51-65,Male,0,karan.sharma4638@gmail.com,9726409100
4639,Kritika Bose,Couple,India,72,65+,Female,0,kritika.bose4639@gmail.com,9581250646
4640,Ishaan Agarwal,Couple,Malaysia,68,65+,Female,0,ishaan.agarwal4640@gmail.com,9612243896
4641,Vishal Saxena,Family,India,46,36-50,Male,0,vishal.saxena4641@gmail.com,9244763884
4642,Arjun Nair,Leisure,India,25,18-25,Female,0,arjun.nair4642@gmail.com,9539395521
4643,Swati Rao,Family,India,51,51-65,Male,0,swati.rao4643@gmail.com,9673954902
4644,Arjun Kulkarni,Business,India,45,36-50,Male,0,arjun.kulkarni4644@gmail.com,9778435781
4645,Sanjay Rao,Couple,India,24,18-25,Female,1,sanjay.rao4645@gmail.com,9201058841
4646,Suresh Agarwal,Couple,India,41,36-50,Female,0,suresh.agarwal4646@gmail.com,9291135141
4647,Nikhil Kumar,Couple,India,56,51-65,Female,0,nikhil.kumar4647@gmail.com,9333988312
4648,Harsh Dixit,Leisure,India,50,36-50,Male,1,harsh.dixit4648@gmail.com,9326837785
4649,Ishaan Desai,Family,Singapore,63,51-65,Male,0,ishaan.desai4649@gmail.com,9278981663
4650,Sneha Kumar,Business,India,59,51-65,Male,0,sneha.kumar4650@gmail.com,9557433604
4651,Harsh Chopra,Business,India,68,65+,Male,1,harsh.chopra4651@gmail.com,9338159583
4652,Karan Rao,Couple,India,69,65+,Male,1,karan.rao4652@gmail.com,9759191828
4653,Ishaan Malhotra,Leisure,India,55,51-65,Male,0,ishaan.malhotra4653@gmail.com,9148757534
4654,Nisha Banerjee,Couple,India,71,65+,Male,1,nisha.banerjee4654@gmail.com,9822150841
4655,Suresh Agarwal,Leisure,India,65,51-65,Female,0,suresh.agarwal4655@gmail.com,9933787287
4656,Swati Reddy,Business,India,39,36-50,Female,0,swati.reddy4656@gmail.com,9980821441
4657,Kavya Pillai,Couple,India,55,51-65,Male,1,kavya.pillai4657@gmail.com,9398985184
4658,Meera Agarwal,Leisure,India,27,26-35,Male,0,meera.agarwal4658@gmail.com,9934507540
4659,Swati Kumar,Business,India,69,65+,Female,1,swati.kumar4659@gmail.com,9744458646
4660,Divya Malhotra,Couple,India,22,18-25,Female,0,divya.malhotra4660@gmail.com,9552015070
4661,Divya Kulkarni,Leisure,India,70,65+,Male,0,divya.kulkarni4661@gmail.com,9535741683
4662,Amit Kumar,Couple,Australia,52,51-65,Female,1,amit.kumar4662@gmail.com,9742349010
4663,Deepak Chopra,Leisure,India,24,18-25,Male,0,deepak.chopra4663@gmail.com,9695775018
4664,Deepak Malhotra,Couple,India,24,18-25,Female,0,deepak.malhotra4664@gmail.com,9933203117
4665,Sneha Agarwal,Couple,India,18,18-25,Female,0,sneha.agarwal4665@gmail.com,9659759259
4666,Swati Mukherjee,Couple,India,20,18-25,Female,0,swati.mukherjee4666@gmail.com,9428408066
4667,Tanya Kulkarni,Business,India,52,51-65,Female,1,tanya.kulkarni4667@gmail.com,9398033261
4668,Amit Mishra,Couple,India,56,51-65,Male,0,amit.mishra4668@gmail.com,9594890024
4669,Riya Bose,Couple,India,39,36-50,Male,0,riya.bose4669@gmail.com,9645699513
4670,Vikram Singh,Couple,India,31,26-35,Female,1,vikram.singh4670@gmail.com,9560412262
4671,Akash Sharma,Leisure,India,62,51-65,Male,1,akash.sharma4671@gmail.com,9805300551
4672,Aditya Banerjee,Family,India,18,18-25,Male,0,aditya.banerjee4672@gmail.com,9798422076
4673,Suresh Bose,Couple,India,65,51-65,Female,1,suresh.bose4673@gmail.com,9762208123
4674,Ishaan Kulkarni,Business,France,32,26-35,Male,0,ishaan.kulkarni4674@gmail.com,9363747018
4675,Divya Das,Leisure,India,45,36-50,Female,0,divya.das4675@gmail.com,9115479088
4676,Arjun Kulkarni,Family,India,24,18-25,Female,0,arjun.kulkarni4676@gmail.com,9280598962
4677,Vishal Mukherjee,Business,India,72,65+,Female,1,vishal.mukherjee4677@gmail.com,9817424055
4678,Priya Joshi,Family,Singapore,35,26-35,Male,0,priya.joshi4678@gmail.com,9909534450
4679,Tanya Sharma,Couple,Australia,56,51-65,Female,0,tanya.sharma4679@gmail.com,9476923412
4680,Pooja Kumar,Couple,USA,65,51-65,Female,0,pooja.kumar4680@gmail.com,9461167057
4681,Nikhil Verma,Leisure,India,57,51-65,Female,1,nikhil.verma4681@gmail.com,9631494466
4682,Manish Shah,Business,India,52,51-65,Male,0,manish.shah4682@gmail.com,9601929317
4683,Amit Malhotra,Family,India,71,65+,Male,0,amit.malhotra4683@gmail.com,9448738390
4684,Pooja Pillai,Leisure,India,57,51-65,Male,0,pooja.pillai4684@gmail.com,9985463197
4685,Divya Kapoor,Couple,India,60,51-65,Male,1,divya.kapoor4685@gmail.com,9314355377
4686,Sanjay Kapoor,Leisure,India,57,51-65,Female,1,sanjay.kapoor4686@gmail.com,9720523128
4687,Simran Joshi,Business,India,58,51-65,Male,1,simran.joshi4687@gmail.com,9510417471
4688,Gaurav Rao,Business,India,60,51-65,Female,0,gaurav.rao4688@gmail.com,9932544766
4689,Suresh Saxena,Leisure,India,32,26-35,Male,0,suresh.saxena4689@gmail.com,9200148466
4690,Rohan Verma,Family,India,71,65+,Male,0,rohan.verma4690@gmail.com,9681716771
4691,Karan Agarwal,Leisure,UK,19,18-25,Male,0,karan.agarwal4691@gmail.com,9428075104
4692,Rohit Verma,Leisure,India,58,51-65,Male,0,rohit.verma4692@gmail.com,9506461429
4693,Shruti Pillai,Leisure,India,50,36-50,Male,1,shruti.pillai4693@gmail.com,9305423405
4694,Karan Trivedi,Leisure,India,61,51-65,Male,0,karan.trivedi4694@gmail.com,9376332045
4695,Meera Nair,Leisure,India,24,18-25,Female,0,meera.nair4695@gmail.com,9757445727
4696,Deepak Das,Family,India,50,36-50,Female,0,deepak.das4696@gmail.com,9488663744
4697,Vishal Joshi,Leisure,India,33,26-35,Male,0,vishal.joshi4697@gmail.com,9765958477
4698,Rohit Mishra,Leisure,India,39,36-50,Male,0,rohit.mishra4698@gmail.com,9319260684
4699,Swati Pandey,Business,India,54,51-65,Female,1,swati.pandey4699@gmail.com,9915097044
4700,Ananya Bose,Family,India,69,65+,Female,0,ananya.bose4700@gmail.com,9614971107
4701,Rahul Mehta,Business,India,45,36-50,Female,0,rahul.mehta4701@gmail.com,9324980353
4702,Sanjay Agarwal,Business,India,71,65+,Female,0,sanjay.agarwal4702@gmail.com,9148105326
4703,Deepak Iyer,Couple,India,69,65+,Male,1,deepak.iyer4703@gmail.com,9918215023
4704,Simran Trivedi,Leisure,India,39,36-50,Female,1,simran.trivedi4704@gmail.com,9646168164
4705,Pallavi Shah,Leisure,India,36,36-50,Female,0,pallavi.shah4705@gmail.com,9654421010
4706,Shruti Rao,Leisure,India,55,51-65,Female,0,shruti.rao4706@gmail.com,9538712660
4707,Arjun Iyer,Couple,Australia,72,65+,Male,0,arjun.iyer4707@gmail.com,9565177461
4708,Simran Patel,Business,India,72,65+,Female,0,simran.patel4708@gmail.com,9188084920
4709,Pooja Sharma,Couple,India,69,65+,Female,0,pooja.sharma4709@gmail.com,9868610421
4710,Akash Kumar,Couple,India,43,36-50,Female,0,akash.kumar4710@gmail.com,9549716716
4711,Shruti Das,Leisure,India,18,18-25,Female,1,shruti.das4711@gmail.com,9881653263
4712,Shreyash Rao,Leisure,India,61,51-65,Male,0,shreyash.rao4712@gmail.com,9811017206
4713,Vishal Verma,Leisure,India,64,51-65,Male,1,vishal.verma4713@gmail.com,9845492775
4714,Meera Chopra,Couple,India,58,51-65,Female,0,meera.chopra4714@gmail.com,9451828923
4715,Priya Kulkarni,Leisure,India,38,36-50,Male,0,priya.kulkarni4715@gmail.com,9939172011
4716,Nikhil Rao,Leisure,Germany,54,51-65,Male,0,nikhil.rao4716@gmail.com,9433790545
4717,Amit Gupta,Leisure,Canada,65,51-65,Female,0,amit.gupta4717@gmail.com,9954059387
4718,Ananya Rao,Family,India,48,36-50,Male,0,ananya.rao4718@gmail.com,9960644116
4719,Akash Kumar,Leisure,India,20,18-25,Male,0,akash.kumar4719@gmail.com,9832816859
4720,Kavya Mishra,Family,India,63,51-65,Female,0,kavya.mishra4720@gmail.com,9285144943
4721,Gaurav Desai,Leisure,India,50,36-50,Male,0,gaurav.desai4721@gmail.com,9916678525
4722,Kavya Reddy,Business,India,36,36-50,Male,0,kavya.reddy4722@gmail.com,9537231853
4723,Ananya Desai,Business,India,60,51-65,Female,1,ananya.desai4723@gmail.com,9649915726
4724,Manish Mehta,Leisure,India,64,51-65,Male,1,manish.mehta4724@gmail.com,9185326372
4725,Anjali Iyer,Business,India,54,51-65,Female,0,anjali.iyer4725@gmail.com,9190257839
4726,Muskan Bose,Business,India,18,18-25,Female,0,muskan.bose4726@gmail.com,9640859955
4727,Tanya Gupta,Family,Germany,49,36-50,Female,0,tanya.gupta4727@gmail.com,9503778292
4728,Riya Patel,Couple,India,42,36-50,Female,0,riya.patel4728@gmail.com,9155410982
4729,Karan Das,Couple,India,31,26-35,Female,0,karan.das4729@gmail.com,9401999461
4730,Meera Bose,Business,India,34,26-35,Female,0,meera.bose4730@gmail.com,9741828523
4731,Gaurav Das,Business,Nepal,63,51-65,Male,1,gaurav.das4731@gmail.com,9676832326
4732,Vikram Pillai,Business,India,30,26-35,Male,0,vikram.pillai4732@gmail.com,9829744511
4733,Nikhil Singh,Couple,India,63,51-65,Male,0,nikhil.singh4733@gmail.com,9336052307
4734,Neha Kulkarni,Family,India,37,36-50,Female,0,neha.kulkarni4734@gmail.com,9594977891
4735,Pallavi Kulkarni,Leisure,India,29,26-35,Female,0,pallavi.kulkarni4735@gmail.com,9516745164
4736,Kavya Kapoor,Business,India,52,51-65,Female,0,kavya.kapoor4736@gmail.com,9647007301
4737,Muskan Kulkarni,Leisure,India,56,51-65,Female,0,muskan.kulkarni4737@gmail.com,9384505193
4738,Harsh Mukherjee,Leisure,India,57,51-65,Female,0,harsh.mukherjee4738@gmail.com,9798000086
4739,Kavya Khanna,Leisure,India,63,51-65,Female,1,kavya.khanna4739@gmail.com,9480256642
4740,Karan Iyer,Couple,India,68,65+,Female,0,karan.iyer4740@gmail.com,9129523994
4741,Kavya Nair,Couple,India,47,36-50,Female,0,kavya.nair4741@gmail.com,9402142953
4742,Priya Verma,Business,India,19,18-25,Female,0,priya.verma4742@gmail.com,9480847085
4743,Pooja Khanna,Business,India,46,36-50,Female,1,pooja.khanna4743@gmail.com,9194775843
4744,Vikram Malhotra,Family,India,67,65+,Male,0,vikram.malhotra4744@gmail.com,9323296343
4745,Sneha Agarwal,Business,India,21,18-25,Male,0,sneha.agarwal4745@gmail.com,9149941122
4746,Rohan Desai,Business,India,65,51-65,Male,0,rohan.desai4746@gmail.com,9500076911
4747,Kritika Chopra,Business,France,50,36-50,Male,1,kritika.chopra4747@gmail.com,9411927084
4748,Deepak Malhotra,Business,India,51,51-65,Female,0,deepak.malhotra4748@gmail.com,9553834625
4749,Tanya Mehta,Leisure,India,29,26-35,Male,0,tanya.mehta4749@gmail.com,9239729973
4750,Nikhil Rao,Couple,India,58,51-65,Male,0,nikhil.rao4750@gmail.com,9139534273
4751,Deepak Iyer,Leisure,India,72,65+,Male,1,deepak.iyer4751@gmail.com,9889857674
4752,Kavya Pandey,Leisure,India,55,51-65,Female,0,kavya.pandey4752@gmail.com,9183533496
4753,Pooja Agarwal,Couple,Singapore,66,65+,Female,0,pooja.agarwal4753@gmail.com,9186274942
4754,Pooja Mishra,Leisure,India,61,51-65,Female,0,pooja.mishra4754@gmail.com,9904099224
4755,Akash Trivedi,Family,India,43,36-50,Female,1,akash.trivedi4755@gmail.com,9884010024
4756,Nisha Nair,Family,India,45,36-50,Male,0,nisha.nair4756@gmail.com,9920462015
4757,Nikhil Reddy,Business,India,60,51-65,Male,0,nikhil.reddy4757@gmail.com,9595594423
4758,Simran Rao,Couple,India,60,51-65,Female,0,simran.rao4758@gmail.com,9258120538
4759,Muskan Sharma,Leisure,Nepal,41,36-50,Male,0,muskan.sharma4759@gmail.com,9468393777
4760,Ayush Saxena,Family,India,19,18-25,Male,1,ayush.saxena4760@gmail.com,9276170179
4761,Aditya Banerjee,Leisure,India,18,18-25,Male,0,aditya.banerjee4761@gmail.com,9299647059
4762,Harsh Rao,Family,India,72,65+,Male,0,harsh.rao4762@gmail.com,9999984521
4763,Riya Pillai,Couple,India,57,51-65,Female,1,riya.pillai4763@gmail.com,9267037777
4764,Vikram Verma,Business,India,40,36-50,Male,1,vikram.verma4764@gmail.com,9194746366
4765,Tanvi Kapoor,Leisure,India,20,18-25,Female,0,tanvi.kapoor4765@gmail.com,9584329745
4766,Kavya Shah,Family,India,55,51-65,Male,1,kavya.shah4766@gmail.com,9887302226
4767,Shreyash Malhotra,Family,India,34,26-35,Female,0,shreyash.malhotra4767@gmail.com,9424748448
4768,Rohit Sharma,Business,India,38,36-50,Female,0,rohit.sharma4768@gmail.com,9117917540
4769,Suresh Dixit,Couple,France,32,26-35,Female,0,suresh.dixit4769@gmail.com,9483700328
4770,Pooja Mishra,Leisure,UAE,62,51-65,Female,0,pooja.mishra4770@gmail.com,9633542934
4771,Riya Khanna,Business,India,31,26-35,Male,0,riya.khanna4771@gmail.com,9493492969
4772,Vikram Reddy,Leisure,UK,30,26-35,Male,1,vikram.reddy4772@gmail.com,9652028637
4773,Tanya Shah,Business,India,44,36-50,Female,0,tanya.shah4773@gmail.com,9184326101
4774,Manish Shah,Couple,India,51,51-65,Female,0,manish.shah4774@gmail.com,9844926070
4775,Neha Nair,Leisure,India,56,51-65,Female,0,neha.nair4775@gmail.com,9768530781
4776,Muskan Patel,Couple,India,51,51-65,Female,0,muskan.patel4776@gmail.com,9827370577
4777,Vikram Dixit,Business,India,53,51-65,Female,0,vikram.dixit4777@gmail.com,9967208728
4778,Ishaan Pandey,Leisure,India,42,36-50,Female,0,ishaan.pandey4778@gmail.com,9766615069
4779,Divya Shah,Business,India,31,26-35,Male,0,divya.shah4779@gmail.com,9433986301
4780,Tanvi Mukherjee,Business,India,23,18-25,Male,0,tanvi.mukherjee4780@gmail.com,9310537146
4781,Tanvi Singh,Business,India,42,36-50,Male,1,tanvi.singh4781@gmail.com,9855460504
4782,Ayush Pandey,Business,India,37,36-50,Male,1,ayush.pandey4782@gmail.com,9753120819
4783,Tanya Saxena,Leisure,India,65,51-65,Male,0,tanya.saxena4783@gmail.com,9155858323
4784,Simran Das,Leisure,India,29,26-35,Male,0,simran.das4784@gmail.com,9266148276
4785,Riya Kulkarni,Leisure,India,36,36-50,Male,0,riya.kulkarni4785@gmail.com,9417530082
4786,Kritika Singh,Leisure,India,33,26-35,Male,0,kritika.singh4786@gmail.com,9788390186
4787,Manish Chopra,Family,India,72,65+,Male,0,manish.chopra4787@gmail.com,9444378828
4788,Aditya Patel,Family,India,21,18-25,Female,0,aditya.patel4788@gmail.com,9582947871
4789,Akash Mishra,Leisure,India,60,51-65,Male,0,akash.mishra4789@gmail.com,9762110978
4790,Nikhil Chopra,Leisure,India,53,51-65,Female,0,nikhil.chopra4790@gmail.com,9435933107
4791,Sanjay Iyer,Business,India,65,51-65,Female,1,sanjay.iyer4791@gmail.com,9959229769
4792,Nisha Malhotra,Family,India,25,18-25,Male,0,nisha.malhotra4792@gmail.com,9205527908
4793,Anjali Rao,Business,India,72,65+,Female,0,anjali.rao4793@gmail.com,9159137825
4794,Nikhil Khanna,Leisure,UAE,23,18-25,Male,1,nikhil.khanna4794@gmail.com,9212358004
4795,Gaurav Bose,Leisure,India,62,51-65,Male,1,gaurav.bose4795@gmail.com,9909338691
4796,Ishaan Bose,Leisure,India,28,26-35,Female,1,ishaan.bose4796@gmail.com,9894626305
4797,Neha Kapoor,Business,India,27,26-35,Female,0,neha.kapoor4797@gmail.com,9235233309
4798,Anjali Pillai,Couple,India,58,51-65,Female,0,anjali.pillai4798@gmail.com,9785086580
4799,Kritika Joshi,Business,India,68,65+,Female,0,kritika.joshi4799@gmail.com,9710401558
4800,Gaurav Gupta,Couple,India,51,51-65,Male,0,gaurav.gupta4800@gmail.com,9633187276
4801,Rohan Trivedi,Business,Germany,23,18-25,Male,1,rohan.trivedi4801@gmail.com,9710640269
4802,Aditya Gupta,Business,India,69,65+,Female,0,aditya.gupta4802@gmail.com,9916111825
4803,Rohit Mishra,Family,India,47,36-50,Male,0,rohit.mishra4803@gmail.com,9269544529
4804,Anjali Sharma,Business,India,59,51-65,Female,0,anjali.sharma4804@gmail.com,9387044869
4805,Ananya Malhotra,Couple,India,49,36-50,Male,1,ananya.malhotra4805@gmail.com,9305486907
4806,Ananya Iyer,Leisure,India,27,26-35,Female,1,ananya.iyer4806@gmail.com,9459356821
4807,Divya Kulkarni,Business,Canada,69,65+,Male,0,divya.kulkarni4807@gmail.com,9649454789
4808,Priya Banerjee,Family,India,58,51-65,Female,1,priya.banerjee4808@gmail.com,9508132856
4809,Amit Khanna,Business,India,19,18-25,Male,0,amit.khanna4809@gmail.com,9993088552
4810,Divya Verma,Family,India,44,36-50,Female,0,divya.verma4810@gmail.com,9612288767
4811,Deepak Iyer,Business,India,62,51-65,Female,1,deepak.iyer4811@gmail.com,9722310501
4812,Priya Verma,Family,India,58,51-65,Female,0,priya.verma4812@gmail.com,9838531118
4813,Deepak Shah,Business,India,24,18-25,Female,0,deepak.shah4813@gmail.com,9480554652
4814,Shruti Trivedi,Leisure,India,32,26-35,Female,0,shruti.trivedi4814@gmail.com,9648091959
4815,Akash Das,Couple,India,40,36-50,Female,0,akash.das4815@gmail.com,9758571408
4816,Muskan Pandey,Family,India,22,18-25,Male,0,muskan.pandey4816@gmail.com,9156335813
4817,Nikhil Bose,Family,India,26,26-35,Male,0,nikhil.bose4817@gmail.com,9204890525
4818,Karan Mishra,Couple,India,18,18-25,Female,0,karan.mishra4818@gmail.com,9732564622
4819,Ritu Pillai,Family,India,23,18-25,Male,1,ritu.pillai4819@gmail.com,9117906064
4820,Meera Malhotra,Business,India,66,65+,Female,0,meera.malhotra4820@gmail.com,9659478974
4821,Simran Trivedi,Leisure,India,64,51-65,Male,0,simran.trivedi4821@gmail.com,9871223779
4822,Rohan Khanna,Leisure,India,22,18-25,Male,1,rohan.khanna4822@gmail.com,9968527300
4823,Rohan Das,Leisure,India,41,36-50,Male,0,rohan.das4823@gmail.com,9237595514
4824,Ananya Mehta,Leisure,India,40,36-50,Male,0,ananya.mehta4824@gmail.com,9538987950
4825,Riya Shah,Leisure,India,21,18-25,Female,0,riya.shah4825@gmail.com,9235393023
4826,Kritika Nair,Business,India,69,65+,Female,0,kritika.nair4826@gmail.com,9915119497
4827,Ishaan Kapoor,Couple,India,51,51-65,Female,0,ishaan.kapoor4827@gmail.com,9456190948
4828,Gaurav Banerjee,Business,India,27,26-35,Male,0,gaurav.banerjee4828@gmail.com,9812462927
4829,Tanvi Pillai,Leisure,India,28,26-35,Male,0,tanvi.pillai4829@gmail.com,9101729162
4830,Neha Reddy,Leisure,India,27,26-35,Male,0,neha.reddy4830@gmail.com,9144811985
4831,Shruti Kulkarni,Couple,India,50,36-50,Female,0,shruti.kulkarni4831@gmail.com,9881139745
4832,Nisha Pillai,Couple,India,49,36-50,Female,0,nisha.pillai4832@gmail.com,9639428383
4833,Priya Agarwal,Couple,India,35,26-35,Female,0,priya.agarwal4833@gmail.com,9334946399
4834,Riya Verma,Business,Malaysia,35,26-35,Female,0,riya.verma4834@gmail.com,9609967119
4835,Swati Gupta,Leisure,India,32,26-35,Female,0,swati.gupta4835@gmail.com,9187145898
4836,Riya Malhotra,Business,India,61,51-65,Female,0,riya.malhotra4836@gmail.com,9270339175
4837,Shreyash Banerjee,Leisure,India,49,36-50,Female,0,shreyash.banerjee4837@gmail.com,9591080119
4838,Ritu Singh,Leisure,UAE,22,18-25,Female,0,ritu.singh4838@gmail.com,9514219219
4839,Suresh Rao,Business,India,38,36-50,Male,0,suresh.rao4839@gmail.com,9799987026
4840,Neha Trivedi,Leisure,India,57,51-65,Female,0,neha.trivedi4840@gmail.com,9459322523
4841,Aditya Verma,Family,India,44,36-50,Female,0,aditya.verma4841@gmail.com,9177246574
4842,Manish Mukherjee,Family,India,45,36-50,Female,0,manish.mukherjee4842@gmail.com,9756461422
4843,Kritika Iyer,Leisure,India,56,51-65,Female,1,kritika.iyer4843@gmail.com,9875913440
4844,Rahul Dixit,Business,India,54,51-65,Male,0,rahul.dixit4844@gmail.com,9641506049
4845,Divya Patel,Business,India,43,36-50,Male,0,divya.patel4845@gmail.com,9192193071
4846,Sanjay Saxena,Leisure,India,59,51-65,Male,1,sanjay.saxena4846@gmail.com,9401487225
4847,Anjali Gupta,Family,India,35,26-35,Male,0,anjali.gupta4847@gmail.com,9811695954
4848,Ayush Joshi,Business,India,42,36-50,Female,0,ayush.joshi4848@gmail.com,9709590736
4849,Ishaan Mukherjee,Couple,India,45,36-50,Male,0,ishaan.mukherjee4849@gmail.com,9963787048
4850,Shreyash Patel,Business,India,18,18-25,Male,1,shreyash.patel4850@gmail.com,9422135540
4851,Ananya Sharma,Family,India,71,65+,Female,0,ananya.sharma4851@gmail.com,9570979210
4852,Kavya Chopra,Leisure,India,43,36-50,Female,0,kavya.chopra4852@gmail.com,9621806732
4853,Arjun Dixit,Couple,India,38,36-50,Female,1,arjun.dixit4853@gmail.com,9116935610
4854,Manish Mehta,Leisure,India,27,26-35,Female,1,manish.mehta4854@gmail.com,9569674465
4855,Harsh Desai,Couple,India,65,51-65,Female,0,harsh.desai4855@gmail.com,9247946721
4856,Harsh Gupta,Business,India,58,51-65,Female,0,harsh.gupta4856@gmail.com,9524222220
4857,Nisha Agarwal,Business,India,22,18-25,Male,0,nisha.agarwal4857@gmail.com,9264451086
4858,Ishaan Pandey,Family,India,44,36-50,Female,0,ishaan.pandey4858@gmail.com,9833151318
4859,Anjali Trivedi,Family,India,41,36-50,Male,1,anjali.trivedi4859@gmail.com,9191795596
4860,Manish Malhotra,Family,France,72,65+,Male,0,manish.malhotra4860@gmail.com,9121056273
4861,Harsh Iyer,Couple,India,38,36-50,Male,1,harsh.iyer4861@gmail.com,9270418799
4862,Gaurav Joshi,Couple,India,34,26-35,Male,0,gaurav.joshi4862@gmail.com,9498122543
4863,Kritika Nair,Business,India,50,36-50,Female,0,kritika.nair4863@gmail.com,9524583294
4864,Rahul Iyer,Leisure,India,57,51-65,Male,0,rahul.iyer4864@gmail.com,9991351746
4865,Swati Singh,Leisure,USA,68,65+,Male,0,swati.singh4865@gmail.com,9169443276
4866,Pallavi Nair,Couple,India,41,36-50,Male,1,pallavi.nair4866@gmail.com,9827552620
4867,Ritu Khanna,Leisure,India,68,65+,Female,0,ritu.khanna4867@gmail.com,9277394348
4868,Swati Shah,Business,UK,24,18-25,Female,0,swati.shah4868@gmail.com,9765625990
4869,Tanvi Joshi,Leisure,India,66,65+,Male,0,tanvi.joshi4869@gmail.com,9791589366
4870,Swati Pillai,Couple,India,48,36-50,Female,0,swati.pillai4870@gmail.com,9566404531
4871,Manish Kapoor,Leisure,India,55,51-65,Male,0,manish.kapoor4871@gmail.com,9488313090
4872,Sanjay Khanna,Business,France,57,51-65,Female,0,sanjay.khanna4872@gmail.com,9860599173
4873,Meera Bose,Business,India,32,26-35,Female,0,meera.bose4873@gmail.com,9805708989
4874,Harsh Kumar,Business,India,44,36-50,Male,0,harsh.kumar4874@gmail.com,9879454950
4875,Rahul Pandey,Leisure,India,35,26-35,Male,0,rahul.pandey4875@gmail.com,9845105527
4876,Kavya Khanna,Couple,India,40,36-50,Male,0,kavya.khanna4876@gmail.com,9598015272
4877,Pallavi Kumar,Couple,India,60,51-65,Male,1,pallavi.kumar4877@gmail.com,9457583830
4878,Deepak Iyer,Couple,India,72,65+,Male,0,deepak.iyer4878@gmail.com,9759880446
4879,Deepak Mehta,Leisure,India,22,18-25,Female,0,deepak.mehta4879@gmail.com,9619429700
4880,Rohit Joshi,Couple,India,41,36-50,Female,0,rohit.joshi4880@gmail.com,9461600240
4881,Kritika Verma,Business,India,32,26-35,Female,1,kritika.verma4881@gmail.com,9885151007
4882,Harsh Khanna,Leisure,India,43,36-50,Female,0,harsh.khanna4882@gmail.com,9501678824
4883,Pallavi Shah,Couple,India,60,51-65,Female,1,pallavi.shah4883@gmail.com,9255228002
4884,Tanvi Chopra,Business,India,40,36-50,Male,0,tanvi.chopra4884@gmail.com,9823864197
4885,Simran Trivedi,Business,India,49,36-50,Female,0,simran.trivedi4885@gmail.com,9488829155
4886,Shreyash Kumar,Family,India,44,36-50,Female,1,shreyash.kumar4886@gmail.com,9945480236
4887,Ishaan Mukherjee,Leisure,India,58,51-65,Male,0,ishaan.mukherjee4887@gmail.com,9540818931
4888,Suresh Mehta,Couple,India,65,51-65,Female,0,suresh.mehta4888@gmail.com,9422748556
4889,Priya Iyer,Business,India,34,26-35,Female,0,priya.iyer4889@gmail.com,9577373085
4890,Arjun Verma,Couple,Malaysia,49,36-50,Female,0,arjun.verma4890@gmail.com,9966119860
4891,Kavya Khanna,Leisure,India,53,51-65,Female,0,kavya.khanna4891@gmail.com,9714078997
4892,Swati Patel,Business,India,63,51-65,Male,0,swati.patel4892@gmail.com,9404299651
4893,Tanya Banerjee,Couple,India,20,18-25,Male,0,tanya.banerjee4893@gmail.com,9305045498
4894,Ayush Pandey,Business,India,24,18-25,Male,1,ayush.pandey4894@gmail.com,9473591936
4895,Muskan Pillai,Leisure,India,60,51-65,Male,0,muskan.pillai4895@gmail.com,9570652648
4896,Amit Kapoor,Business,India,54,51-65,Female,0,amit.kapoor4896@gmail.com,9624932198
4897,Tanvi Rao,Business,Australia,56,51-65,Male,0,tanvi.rao4897@gmail.com,9435652862
4898,Sanjay Pillai,Leisure,India,43,36-50,Male,1,sanjay.pillai4898@gmail.com,9956981838
4899,Tanya Saxena,Business,India,60,51-65,Female,0,tanya.saxena4899@gmail.com,9826768508
4900,Kavya Chopra,Family,India,68,65+,Female,0,kavya.chopra4900@gmail.com,9357862057
4901,Tanya Kulkarni,Business,UK,68,65+,Female,0,tanya.kulkarni4901@gmail.com,9738174536
4902,Nikhil Patel,Leisure,India,21,18-25,Female,1,nikhil.patel4902@gmail.com,9673355009
4903,Tanvi Shah,Business,India,67,65+,Male,0,tanvi.shah4903@gmail.com,9347480237
4904,Manish Pandey,Leisure,India,66,65+,Male,0,manish.pandey4904@gmail.com,9179897839
4905,Ritu Shah,Family,India,56,51-65,Female,0,ritu.shah4905@gmail.com,9432739139
4906,Suresh Nair,Business,India,37,36-50,Male,0,suresh.nair4906@gmail.com,9821954037
4907,Aditya Malhotra,Family,India,63,51-65,Female,0,aditya.malhotra4907@gmail.com,9980665491
4908,Vikram Banerjee,Business,India,51,51-65,Male,1,vikram.banerjee4908@gmail.com,9924251379
4909,Rahul Pillai,Couple,India,47,36-50,Male,0,rahul.pillai4909@gmail.com,9931268800
4910,Shruti Pandey,Leisure,India,53,51-65,Male,0,shruti.pandey4910@gmail.com,9127047434
4911,Shreyash Joshi,Family,India,29,26-35,Female,1,shreyash.joshi4911@gmail.com,9883251450
4912,Riya Trivedi,Leisure,India,34,26-35,Male,1,riya.trivedi4912@gmail.com,9643936013
4913,Ishaan Kapoor,Leisure,India,55,51-65,Male,1,ishaan.kapoor4913@gmail.com,9235566118
4914,Rohit Shah,Business,India,22,18-25,Female,0,rohit.shah4914@gmail.com,9278661256
4915,Sanjay Desai,Business,India,69,65+,Female,1,sanjay.desai4915@gmail.com,9216184697
4916,Simran Nair,Family,India,52,51-65,Male,0,simran.nair4916@gmail.com,9969743735
4917,Muskan Desai,Leisure,India,43,36-50,Female,0,muskan.desai4917@gmail.com,9383581591
4918,Ritu Kapoor,Leisure,India,62,51-65,Male,1,ritu.kapoor4918@gmail.com,9837060198
4919,Sanjay Verma,Couple,India,22,18-25,Male,0,sanjay.verma4919@gmail.com,9956086411
4920,Tanvi Pillai,Leisure,Australia,39,36-50,Male,1,tanvi.pillai4920@gmail.com,9583340005
4921,Karan Reddy,Family,India,61,51-65,Female,1,karan.reddy4921@gmail.com,9321274065
4922,Ananya Pandey,Couple,India,59,51-65,Male,0,ananya.pandey4922@gmail.com,9332344597
4923,Akash Pandey,Leisure,France,45,36-50,Female,0,akash.pandey4923@gmail.com,9676661459
4924,Ritu Desai,Family,India,23,18-25,Female,0,ritu.desai4924@gmail.com,9244503201
4925,Suresh Sharma,Business,India,34,26-35,Male,1,suresh.sharma4925@gmail.com,9447509227
4926,Ritu Patel,Leisure,India,25,18-25,Male,0,ritu.patel4926@gmail.com,9681648804
4927,Meera Dixit,Leisure,India,18,18-25,Male,1,meera.dixit4927@gmail.com,9617203525
4928,Kritika Dixit,Business,India,47,36-50,Female,1,kritika.dixit4928@gmail.com,9715264755
4929,Rahul Rao,Couple,India,60,51-65,Female,0,rahul.rao4929@gmail.com,9683539043
4930,Kavya Mukherjee,Family,India,42,36-50,Male,0,kavya.mukherjee4930@gmail.com,9500695256
4931,Rahul Nair,Leisure,India,59,51-65,Female,0,rahul.nair4931@gmail.com,9170523834
4932,Nikhil Joshi,Leisure,India,49,36-50,Male,1,nikhil.joshi4932@gmail.com,9685833703
4933,Ishaan Desai,Family,India,43,36-50,Male,0,ishaan.desai4933@gmail.com,9210571823
4934,Shreyash Kapoor,Leisure,India,32,26-35,Male,1,shreyash.kapoor4934@gmail.com,9988102787
4935,Suresh Kapoor,Leisure,India,59,51-65,Female,0,suresh.kapoor4935@gmail.com,9375632325
4936,Muskan Rao,Leisure,India,37,36-50,Male,0,muskan.rao4936@gmail.com,9189458319
4937,Kritika Patel,Family,India,63,51-65,Male,0,kritika.patel4937@gmail.com,9121939941
4938,Gaurav Trivedi,Leisure,India,68,65+,Male,0,gaurav.trivedi4938@gmail.com,9872361966
4939,Harsh Bose,Couple,India,32,26-35,Female,1,harsh.bose4939@gmail.com,9974402433
4940,Neha Banerjee,Couple,India,46,36-50,Male,1,neha.banerjee4940@gmail.com,9174250666
4941,Tanya Mishra,Leisure,India,24,18-25,Male,0,tanya.mishra4941@gmail.com,9685005875
4942,Anjali Saxena,Leisure,India,47,36-50,Male,0,anjali.saxena4942@gmail.com,9288067527
4943,Neha Malhotra,Couple,India,22,18-25,Male,0,neha.malhotra4943@gmail.com,9527320410
4944,Rohit Mukherjee,Leisure,India,28,26-35,Female,0,rohit.mukherjee4944@gmail.com,9250963468
4945,Divya Kumar,Couple,India,54,51-65,Male,0,divya.kumar4945@gmail.com,9647655647
4946,Pallavi Chopra,Family,India,50,36-50,Male,1,pallavi.chopra4946@gmail.com,9747986180
4947,Aditya Shah,Couple,India,52,51-65,Male,0,aditya.shah4947@gmail.com,9988581582
4948,Nisha Shah,Couple,UAE,71,65+,Male,1,nisha.shah4948@gmail.com,9488788775
4949,Akash Mehta,Couple,India,72,65+,Male,0,akash.mehta4949@gmail.com,9463001974
4950,Deepak Kapoor,Couple,India,31,26-35,Female,1,deepak.kapoor4950@gmail.com,9274938712
4951,Pooja Khanna,Leisure,India,69,65+,Male,1,pooja.khanna4951@gmail.com,9683127510
4952,Kavya Shah,Business,India,54,51-65,Female,0,kavya.shah4952@gmail.com,9781596264
4953,Simran Banerjee,Leisure,India,54,51-65,Male,0,simran.banerjee4953@gmail.com,9463864010
4954,Ayush Iyer,Couple,India,49,36-50,Female,1,ayush.iyer4954@gmail.com,9621765989
4955,Priya Shah,Leisure,India,40,36-50,Female,0,priya.shah4955@gmail.com,9161186030
4956,Rohan Khanna,Couple,India,26,26-35,Female,0,rohan.khanna4956@gmail.com,9850166555
4957,Gaurav Sharma,Leisure,India,23,18-25,Female,1,gaurav.sharma4957@gmail.com,9968819669
4958,Aditya Mukherjee,Couple,India,58,51-65,Female,1,aditya.mukherjee4958@gmail.com,9581270450
4959,Gaurav Mishra,Business,India,25,18-25,Female,0,gaurav.mishra4959@gmail.com,9533482274
4960,Pallavi Iyer,Couple,USA,45,36-50,Male,1,pallavi.iyer4960@gmail.com,9400449408
4961,Aditya Khanna,Leisure,India,59,51-65,Female,0,aditya.khanna4961@gmail.com,9817577834
4962,Aditya Pandey,Business,India,58,51-65,Female,0,aditya.pandey4962@gmail.com,9147896623
4963,Aditya Mehta,Leisure,India,34,26-35,Female,0,aditya.mehta4963@gmail.com,9875845396
4964,Akash Malhotra,Couple,India,34,26-35,Female,1,akash.malhotra4964@gmail.com,9100346058
4965,Nisha Mishra,Leisure,India,52,51-65,Male,0,nisha.mishra4965@gmail.com,9852595857
4966,Akash Das,Business,India,71,65+,Male,0,akash.das4966@gmail.com,9469837972
4967,Gaurav Sharma,Family,India,72,65+,Female,1,gaurav.sharma4967@gmail.com,9155259447
4968,Pallavi Agarwal,Couple,India,41,36-50,Female,0,pallavi.agarwal4968@gmail.com,9544052965
4969,Neha Kumar,Family,India,21,18-25,Female,0,neha.kumar4969@gmail.com,9718615243
4970,Riya Kapoor,Leisure,India,46,36-50,Female,0,riya.kapoor4970@gmail.com,9897983156
4971,Manish Rao,Leisure,India,47,36-50,Male,0,manish.rao4971@gmail.com,9948523253
4972,Pallavi Gupta,Family,India,42,36-50,Male,0,pallavi.gupta4972@gmail.com,9462767277
4973,Ritu Pillai,Leisure,India,66,65+,Male,0,ritu.pillai4973@gmail.com,9753753155
4974,Shreyash Verma,Couple,UAE,42,36-50,Female,0,shreyash.verma4974@gmail.com,9112249011
4975,Shruti Kapoor,Leisure,France,55,51-65,Male,0,shruti.kapoor4975@gmail.com,9797883290
4976,Nikhil Singh,Leisure,India,51,51-65,Male,0,nikhil.singh4976@gmail.com,9939438221
4977,Ananya Nair,Business,India,57,51-65,Female,0,ananya.nair4977@gmail.com,9589857352
4978,Akash Agarwal,Business,India,47,36-50,Male,0,akash.agarwal4978@gmail.com,9320246575
4979,Rohan Saxena,Business,India,27,26-35,Female,1,rohan.saxena4979@gmail.com,9602979173
4980,Simran Joshi,Business,India,22,18-25,Male,1,simran.joshi4980@gmail.com,9570089369
4981,Kavya Chopra,Family,India,26,26-35,Female,1,kavya.chopra4981@gmail.com,9809409274
4982,Amit Rao,Business,India,59,51-65,Male,0,amit.rao4982@gmail.com,9276054417
4983,Aditya Shah,Couple,UAE,67,65+,Male,1,aditya.shah4983@gmail.com,9253649806
4984,Meera Agarwal,Couple,India,32,26-35,Female,1,meera.agarwal4984@gmail.com,9124221107
4985,Kritika Pandey,Leisure,Germany,19,18-25,Female,0,kritika.pandey4985@gmail.com,9377658941
4986,Aditya Pillai,Business,India,43,36-50,Female,0,aditya.pillai4986@gmail.com,9304793911
4987,Swati Iyer,Couple,India,43,36-50,Female,0,swati.iyer4987@gmail.com,9742941235
4988,Nisha Singh,Couple,India,50,36-50,Female,1,nisha.singh4988@gmail.com,9868157534
4989,Sneha Patel,Couple,India,34,26-35,Female,0,sneha.patel4989@gmail.com,9989088290
4990,Ananya Malhotra,Couple,India,52,51-65,Female,0,ananya.malhotra4990@gmail.com,9465762323
4991,Kavya Kumar,Family,India,55,51-65,Male,1,kavya.kumar4991@gmail.com,9488812650
4992,Manish Khanna,Leisure,India,51,51-65,Male,0,manish.khanna4992@gmail.com,9576812652
4993,Nikhil Mukherjee,Leisure,India,26,26-35,Female,0,nikhil.mukherjee4993@gmail.com,9132065778
4994,Riya Mishra,Couple,India,53,51-65,Female,0,riya.mishra4994@gmail.com,9129434510
4995,Divya Patel,Business,India,64,51-65,Male,1,divya.patel4995@gmail.com,9367475998
4996,Vikram Dixit,Family,India,20,18-25,Male,0,vikram.dixit4996@gmail.com,9869960751
4997,Sanjay Mishra,Business,India,44,36-50,Male,0,sanjay.mishra4997@gmail.com,9932886336
4998,Rohan Pillai,Leisure,India,52,51-65,Female,0,rohan.pillai4998@gmail.com,9934014168
4999,Riya Joshi,Couple,India,49,36-50,Male,0,riya.joshi4999@gmail.com,9851262600
5000,Vikram Verma,Leisure,India,69,65+,Female,0,vikram.verma5000@gmail.com,9955990796
5001,Nikhil Joshi,Leisure,India,70,65+,Male,0,nikhil.joshi5001@gmail.com,9815684382
5002,Rohan Kapoor,Leisure,India,37,36-50,Male,0,rohan.kapoor5002@gmail.com,9351743905
5003,Karan Mukherjee,Family,India,52,51-65,Male,0,karan.mukherjee5003@gmail.com,9120815706
5004,Sanjay Singh,Leisure,Australia,20,18-25,Male,0,sanjay.singh5004@gmail.com,9435243089
5005,Swati Pillai,Family,India,27,26-35,Male,1,swati.pillai5005@gmail.com,9270951395
5006,Rahul Singh,Business,France,49,36-50,Female,0,rahul.singh5006@gmail.com,9391618608
5007,Vikram Kapoor,Couple,India,51,51-65,Female,0,vikram.kapoor5007@gmail.com,9807111088
5008,Vikram Patel,Couple,India,43,36-50,Female,1,vikram.patel5008@gmail.com,9600865702
5009,Sanjay Bose,Business,Nepal,19,18-25,Male,0,sanjay.bose5009@gmail.com,9535674804
5010,Rohan Iyer,Leisure,India,35,26-35,Male,0,rohan.iyer5010@gmail.com,9346758529
5011,Kritika Patel,Business,India,52,51-65,Female,0,kritika.patel5011@gmail.com,9682883878
5012,Karan Shah,Couple,India,54,51-65,Female,0,karan.shah5012@gmail.com,9629796318
5013,Anjali Kulkarni,Leisure,India,62,51-65,Male,0,anjali.kulkarni5013@gmail.com,9859369331
5014,Rahul Rao,Couple,India,68,65+,Male,0,rahul.rao5014@gmail.com,9460318746
5015,Akash Agarwal,Business,India,32,26-35,Male,0,akash.agarwal5015@gmail.com,9181043141
5016,Ritu Das,Business,India,52,51-65,Female,0,ritu.das5016@gmail.com,9207076773
5017,Muskan Bose,Business,India,18,18-25,Male,0,muskan.bose5017@gmail.com,9875635532
5018,Arjun Saxena,Leisure,India,49,36-50,Female,0,arjun.saxena5018@gmail.com,9129752081
5019,Muskan Gupta,Leisure,India,22,18-25,Male,1,muskan.gupta5019@gmail.com,9703819871
5020,Anjali Mishra,Family,France,64,51-65,Female,1,anjali.mishra5020@gmail.com,9343572651
5021,Anjali Saxena,Couple,India,71,65+,Male,0,anjali.saxena5021@gmail.com,9717776407
5022,Karan Mukherjee,Leisure,India,55,51-65,Female,0,karan.mukherjee5022@gmail.com,9737147442
5023,Arjun Malhotra,Family,India,58,51-65,Female,0,arjun.malhotra5023@gmail.com,9970325826
5024,Neha Singh,Couple,India,71,65+,Male,0,neha.singh5024@gmail.com,9793556088
5025,Akash Singh,Family,India,56,51-65,Male,0,akash.singh5025@gmail.com,9945634034
5026,Pallavi Malhotra,Leisure,India,37,36-50,Male,0,pallavi.malhotra5026@gmail.com,9432616209
5027,Divya Khanna,Leisure,India,69,65+,Female,0,divya.khanna5027@gmail.com,9725802391
5028,Nikhil Joshi,Business,India,26,26-35,Female,0,nikhil.joshi5028@gmail.com,9655265685
5029,Tanvi Mehta,Couple,Singapore,22,18-25,Male,0,tanvi.mehta5029@gmail.com,9717514043
5030,Riya Das,Business,India,33,26-35,Female,0,riya.das5030@gmail.com,9595089449
5031,Riya Joshi,Leisure,India,37,36-50,Male,0,riya.joshi5031@gmail.com,9312120884
5032,Swati Desai,Leisure,India,57,51-65,Female,0,swati.desai5032@gmail.com,9276942899
5033,Ayush Desai,Leisure,India,41,36-50,Female,1,ayush.desai5033@gmail.com,9536047200
5034,Nisha Mehta,Couple,India,61,51-65,Male,0,nisha.mehta5034@gmail.com,9758615338
5035,Rohan Patel,Business,India,35,26-35,Male,0,rohan.patel5035@gmail.com,9234605410
5036,Vishal Nair,Leisure,India,44,36-50,Male,0,vishal.nair5036@gmail.com,9874162472
5037,Sneha Saxena,Couple,India,18,18-25,Male,0,sneha.saxena5037@gmail.com,9480466090
5038,Riya Mehta,Family,India,44,36-50,Male,0,riya.mehta5038@gmail.com,9280165951
5039,Kritika Kapoor,Couple,Singapore,67,65+,Male,1,kritika.kapoor5039@gmail.com,9380997218
5040,Ayush Gupta,Family,India,32,26-35,Female,0,ayush.gupta5040@gmail.com,9347958006
5041,Sneha Agarwal,Couple,India,63,51-65,Female,0,sneha.agarwal5041@gmail.com,9775951674
5042,Sneha Dixit,Leisure,India,61,51-65,Female,1,sneha.dixit5042@gmail.com,9359552189
5043,Arjun Banerjee,Business,India,66,65+,Female,1,arjun.banerjee5043@gmail.com,9295720710
5044,Kritika Khanna,Couple,India,34,26-35,Female,0,kritika.khanna5044@gmail.com,9452465217
5045,Nikhil Saxena,Couple,India,18,18-25,Male,0,nikhil.saxena5045@gmail.com,9235155873
5046,Muskan Trivedi,Couple,India,31,26-35,Female,0,muskan.trivedi5046@gmail.com,9891306642
5047,Ritu Iyer,Leisure,India,28,26-35,Male,0,ritu.iyer5047@gmail.com,9784372398
5048,Kavya Pandey,Leisure,India,66,65+,Female,0,kavya.pandey5048@gmail.com,9834860199
5049,Nikhil Dixit,Leisure,Singapore,48,36-50,Female,0,nikhil.dixit5049@gmail.com,9188497768
5050,Manish Mehta,Leisure,India,19,18-25,Male,1,manish.mehta5050@gmail.com,9925866399
5051,Suresh Das,Business,India,47,36-50,Male,0,suresh.das5051@gmail.com,9111379275
5052,Amit Das,Couple,India,27,26-35,Male,0,amit.das5052@gmail.com,9855024113
5053,Sneha Rao,Business,India,71,65+,Female,0,sneha.rao5053@gmail.com,9792478875
5054,Nisha Khanna,Business,India,46,36-50,Female,1,nisha.khanna5054@gmail.com,9891933630
5055,Sanjay Malhotra,Leisure,India,60,51-65,Male,0,sanjay.malhotra5055@gmail.com,9405093213
5056,Divya Bose,Couple,India,25,18-25,Female,0,divya.bose5056@gmail.com,9742839570
5057,Anjali Das,Leisure,Germany,65,51-65,Male,0,anjali.das5057@gmail.com,9575533014
5058,Tanya Trivedi,Leisure,India,54,51-65,Male,0,tanya.trivedi5058@gmail.com,9428325575
5059,Aditya Pillai,Leisure,India,43,36-50,Male,1,aditya.pillai5059@gmail.com,9327645802
5060,Simran Desai,Leisure,India,68,65+,Female,1,simran.desai5060@gmail.com,9603380764
5061,Ananya Banerjee,Family,India,39,36-50,Female,1,ananya.banerjee5061@gmail.com,9988237335
5062,Shreyash Kumar,Family,India,33,26-35,Male,0,shreyash.kumar5062@gmail.com,9349584256
5063,Ritu Malhotra,Leisure,India,58,51-65,Male,1,ritu.malhotra5063@gmail.com,9346963592
5064,Shruti Khanna,Leisure,India,72,65+,Male,1,shruti.khanna5064@gmail.com,9914060565
5065,Riya Dixit,Couple,India,19,18-25,Female,1,riya.dixit5065@gmail.com,9979321329
5066,Pallavi Joshi,Business,India,33,26-35,Male,0,pallavi.joshi5066@gmail.com,9448103516
5067,Vikram Kapoor,Leisure,India,26,26-35,Male,0,vikram.kapoor5067@gmail.com,9450741595
5068,Arjun Pandey,Leisure,India,49,36-50,Male,0,arjun.pandey5068@gmail.com,9482783304
5069,Sanjay Mishra,Family,India,21,18-25,Female,0,sanjay.mishra5069@gmail.com,9849755715
5070,Sneha Verma,Business,India,27,26-35,Female,0,sneha.verma5070@gmail.com,9522270729
5071,Nisha Singh,Leisure,India,55,51-65,Male,0,nisha.singh5071@gmail.com,9499712780
5072,Pooja Gupta,Couple,India,32,26-35,Male,0,pooja.gupta5072@gmail.com,9927527207
5073,Ishaan Singh,Leisure,India,23,18-25,Male,0,ishaan.singh5073@gmail.com,9886795098
5074,Manish Kulkarni,Business,India,40,36-50,Male,0,manish.kulkarni5074@gmail.com,9432924799
5075,Muskan Verma,Family,India,57,51-65,Female,1,muskan.verma5075@gmail.com,9843036351
5076,Harsh Desai,Leisure,India,40,36-50,Female,0,harsh.desai5076@gmail.com,9521263136
5077,Shruti Trivedi,Couple,India,29,26-35,Male,0,shruti.trivedi5077@gmail.com,9539782722
5078,Kavya Sharma,Business,India,25,18-25,Female,1,kavya.sharma5078@gmail.com,9179922336
5079,Tanvi Pillai,Leisure,India,63,51-65,Female,1,tanvi.pillai5079@gmail.com,9241114697
5080,Rahul Desai,Leisure,India,47,36-50,Female,0,rahul.desai5080@gmail.com,9435717032
5081,Amit Khanna,Business,India,21,18-25,Female,0,amit.khanna5081@gmail.com,9808165440
5082,Gaurav Reddy,Business,India,60,51-65,Female,0,gaurav.reddy5082@gmail.com,9594543087
5083,Vikram Khanna,Couple,India,61,51-65,Male,0,vikram.khanna5083@gmail.com,9553611051
5084,Priya Dixit,Business,India,20,18-25,Male,1,priya.dixit5084@gmail.com,9184446837
5085,Vishal Mukherjee,Business,India,64,51-65,Male,0,vishal.mukherjee5085@gmail.com,9886708679
5086,Meera Agarwal,Leisure,India,49,36-50,Male,0,meera.agarwal5086@gmail.com,9322397748
5087,Amit Verma,Couple,India,60,51-65,Male,0,amit.verma5087@gmail.com,9360997634
5088,Ananya Reddy,Business,India,44,36-50,Female,0,ananya.reddy5088@gmail.com,9887975214
5089,Manish Singh,Leisure,India,70,65+,Female,0,manish.singh5089@gmail.com,9739826131
5090,Amit Chopra,Business,India,20,18-25,Female,0,amit.chopra5090@gmail.com,9529775619
5091,Ananya Mishra,Business,India,42,36-50,Female,1,ananya.mishra5091@gmail.com,9136802334
5092,Rahul Nair,Business,India,63,51-65,Female,1,rahul.nair5092@gmail.com,9101908687
5093,Ananya Kumar,Couple,UK,60,51-65,Female,0,ananya.kumar5093@gmail.com,9778898633
5094,Karan Iyer,Business,India,40,36-50,Female,0,karan.iyer5094@gmail.com,9600481817
5095,Ishaan Mehta,Business,Malaysia,64,51-65,Male,0,ishaan.mehta5095@gmail.com,9338311748
5096,Sneha Mukherjee,Leisure,India,56,51-65,Female,0,sneha.mukherjee5096@gmail.com,9658806232
5097,Ayush Saxena,Couple,India,54,51-65,Female,1,ayush.saxena5097@gmail.com,9374129771
5098,Manish Khanna,Leisure,India,53,51-65,Male,0,manish.khanna5098@gmail.com,9185288160
5099,Deepak Kapoor,Leisure,India,34,26-35,Male,0,deepak.kapoor5099@gmail.com,9506860284
5100,Ishaan Reddy,Business,France,44,36-50,Female,0,ishaan.reddy5100@gmail.com,9702569666
5101,Swati Mukherjee,Leisure,India,24,18-25,Male,0,swati.mukherjee5101@gmail.com,9480451878
5102,Shruti Patel,Leisure,India,60,51-65,Female,0,shruti.patel5102@gmail.com,9322509601
5103,Nisha Mehta,Leisure,India,50,36-50,Male,0,nisha.mehta5103@gmail.com,9804182553
5104,Akash Shah,Leisure,India,27,26-35,Male,0,akash.shah5104@gmail.com,9244635938
5105,Manish Reddy,Leisure,India,45,36-50,Female,0,manish.reddy5105@gmail.com,9329703521
5106,Kavya Mukherjee,Business,India,63,51-65,Female,0,kavya.mukherjee5106@gmail.com,9359796349
5107,Priya Pillai,Leisure,India,24,18-25,Female,0,priya.pillai5107@gmail.com,9698299152
5108,Riya Kumar,Business,India,68,65+,Male,0,riya.kumar5108@gmail.com,9215675480
5109,Tanya Khanna,Couple,India,48,36-50,Male,1,tanya.khanna5109@gmail.com,9211128437
5110,Anjali Verma,Family,USA,21,18-25,Male,0,anjali.verma5110@gmail.com,9978390084
5111,Vishal Malhotra,Family,India,19,18-25,Male,0,vishal.malhotra5111@gmail.com,9417599303
5112,Simran Patel,Family,India,65,51-65,Male,0,simran.patel5112@gmail.com,9729372871
5113,Ananya Pandey,Couple,India,54,51-65,Female,0,ananya.pandey5113@gmail.com,9592039671
5114,Kavya Reddy,Couple,India,48,36-50,Male,0,kavya.reddy5114@gmail.com,9204578928
5115,Kritika Shah,Leisure,India,30,26-35,Female,1,kritika.shah5115@gmail.com,9335964428
5116,Sneha Sharma,Couple,India,55,51-65,Male,0,sneha.sharma5116@gmail.com,9435943049
5117,Suresh Agarwal,Leisure,India,57,51-65,Male,0,suresh.agarwal5117@gmail.com,9627978826
5118,Ritu Kumar,Leisure,India,54,51-65,Female,0,ritu.kumar5118@gmail.com,9391488572
5119,Nikhil Mukherjee,Couple,India,27,26-35,Female,0,nikhil.mukherjee5119@gmail.com,9485716301
5120,Arjun Reddy,Leisure,India,69,65+,Female,1,arjun.reddy5120@gmail.com,9461661757
5121,Anjali Iyer,Leisure,India,58,51-65,Female,1,anjali.iyer5121@gmail.com,9278169832
5122,Rohit Mehta,Family,India,26,26-35,Male,0,rohit.mehta5122@gmail.com,9408131663
5123,Amit Chopra,Business,India,65,51-65,Female,0,amit.chopra5123@gmail.com,9209612429
5124,Divya Chopra,Leisure,India,60,51-65,Female,0,divya.chopra5124@gmail.com,9890895511
5125,Amit Pandey,Family,India,24,18-25,Male,0,amit.pandey5125@gmail.com,9644216356
5126,Rahul Malhotra,Couple,India,44,36-50,Female,0,rahul.malhotra5126@gmail.com,9861967873
5127,Tanvi Trivedi,Leisure,India,72,65+,Male,1,tanvi.trivedi5127@gmail.com,9236461556
5128,Harsh Reddy,Business,India,36,36-50,Female,0,harsh.reddy5128@gmail.com,9759504426
5129,Amit Saxena,Leisure,India,42,36-50,Male,0,amit.saxena5129@gmail.com,9450453257
5130,Rohit Nair,Family,India,57,51-65,Female,0,rohit.nair5130@gmail.com,9970067577
5131,Vishal Khanna,Leisure,India,27,26-35,Male,1,vishal.khanna5131@gmail.com,9958182491
5132,Deepak Banerjee,Leisure,India,27,26-35,Female,0,deepak.banerjee5132@gmail.com,9998069228
5133,Kritika Shah,Business,France,22,18-25,Male,0,kritika.shah5133@gmail.com,9352013072
5134,Pallavi Singh,Business,India,41,36-50,Male,1,pallavi.singh5134@gmail.com,9179106194
5135,Neha Dixit,Family,India,20,18-25,Male,0,neha.dixit5135@gmail.com,9508718147
5136,Simran Trivedi,Leisure,India,34,26-35,Male,0,simran.trivedi5136@gmail.com,9366863912
5137,Rohan Rao,Couple,India,42,36-50,Male,1,rohan.rao5137@gmail.com,9587693627
5138,Pooja Desai,Business,India,54,51-65,Male,0,pooja.desai5138@gmail.com,9974651521
5139,Simran Trivedi,Couple,India,26,26-35,Female,0,simran.trivedi5139@gmail.com,9506266415
5140,Ayush Gupta,Family,India,64,51-65,Female,0,ayush.gupta5140@gmail.com,9692932647
5141,Meera Khanna,Leisure,India,20,18-25,Male,1,meera.khanna5141@gmail.com,9401618042
5142,Pooja Shah,Business,India,51,51-65,Male,1,pooja.shah5142@gmail.com,9703832627
5143,Arjun Khanna,Leisure,India,39,36-50,Male,0,arjun.khanna5143@gmail.com,9348523855
5144,Suresh Malhotra,Couple,India,25,18-25,Female,0,suresh.malhotra5144@gmail.com,9817814092
5145,Rahul Khanna,Leisure,India,46,36-50,Male,0,rahul.khanna5145@gmail.com,9544604817
5146,Rahul Saxena,Family,India,68,65+,Male,0,rahul.saxena5146@gmail.com,9514885189
5147,Pallavi Kumar,Couple,India,60,51-65,Female,0,pallavi.kumar5147@gmail.com,9174312560
5148,Priya Shah,Family,India,34,26-35,Female,0,priya.shah5148@gmail.com,9518464564
5149,Ritu Malhotra,Couple,India,26,26-35,Male,0,ritu.malhotra5149@gmail.com,9810164638
5150,Riya Agarwal,Business,India,68,65+,Male,0,riya.agarwal5150@gmail.com,9387471883
5151,Priya Mehta,Leisure,India,72,65+,Female,1,priya.mehta5151@gmail.com,9763826795
5152,Simran Agarwal,Business,India,46,36-50,Male,0,simran.agarwal5152@gmail.com,9346606808
5153,Kavya Agarwal,Family,India,63,51-65,Male,0,kavya.agarwal5153@gmail.com,9760212309
5154,Vishal Singh,Couple,India,70,65+,Female,0,vishal.singh5154@gmail.com,9176029916
5155,Rahul Pandey,Couple,India,19,18-25,Male,1,rahul.pandey5155@gmail.com,9915053296
5156,Akash Chopra,Leisure,India,22,18-25,Male,0,akash.chopra5156@gmail.com,9525821789
5157,Kavya Singh,Business,UAE,71,65+,Male,1,kavya.singh5157@gmail.com,9673179940
5158,Ayush Kapoor,Couple,India,39,36-50,Female,0,ayush.kapoor5158@gmail.com,9201598625
5159,Suresh Malhotra,Leisure,India,43,36-50,Male,0,suresh.malhotra5159@gmail.com,9409903820
5160,Priya Patel,Business,India,46,36-50,Female,0,priya.patel5160@gmail.com,9529502856
5161,Pallavi Agarwal,Couple,India,53,51-65,Female,0,pallavi.agarwal5161@gmail.com,9783060519
5162,Simran Pandey,Business,India,55,51-65,Female,0,simran.pandey5162@gmail.com,9654871652
5163,Vikram Iyer,Leisure,India,59,51-65,Male,0,vikram.iyer5163@gmail.com,9214378931
5164,Priya Patel,Leisure,India,69,65+,Female,1,priya.patel5164@gmail.com,9177111832
5165,Akash Nair,Business,India,59,51-65,Female,0,akash.nair5165@gmail.com,9432798029
5166,Ayush Shah,Family,India,70,65+,Male,0,ayush.shah5166@gmail.com,9210878255
5167,Neha Dixit,Business,India,46,36-50,Male,0,neha.dixit5167@gmail.com,9914851560
5168,Shruti Pandey,Business,India,20,18-25,Female,0,shruti.pandey5168@gmail.com,9282773621
5169,Pooja Verma,Business,India,36,36-50,Male,0,pooja.verma5169@gmail.com,9969895920
5170,Manish Malhotra,Couple,India,45,36-50,Female,1,manish.malhotra5170@gmail.com,9349496920
5171,Aditya Pillai,Leisure,India,51,51-65,Female,0,aditya.pillai5171@gmail.com,9884273107
5172,Nikhil Banerjee,Leisure,India,41,36-50,Male,1,nikhil.banerjee5172@gmail.com,9216928313
5173,Riya Mukherjee,Business,UAE,19,18-25,Male,0,riya.mukherjee5173@gmail.com,9486754393
5174,Kavya Dixit,Business,India,66,65+,Male,0,kavya.dixit5174@gmail.com,9845962571
5175,Simran Saxena,Leisure,India,42,36-50,Female,0,simran.saxena5175@gmail.com,9330255706
5176,Gaurav Banerjee,Couple,India,65,51-65,Female,0,gaurav.banerjee5176@gmail.com,9590014985
5177,Kavya Kumar,Family,India,31,26-35,Female,0,kavya.kumar5177@gmail.com,9845682121
5178,Anjali Verma,Business,India,49,36-50,Male,0,anjali.verma5178@gmail.com,9310535131
5179,Ananya Pandey,Leisure,India,72,65+,Female,0,ananya.pandey5179@gmail.com,9810016085
5180,Kavya Pandey,Family,India,27,26-35,Female,0,kavya.pandey5180@gmail.com,9516633610
5181,Ananya Iyer,Leisure,India,23,18-25,Female,0,ananya.iyer5181@gmail.com,9359229220
5182,Ritu Saxena,Couple,India,68,65+,Male,0,ritu.saxena5182@gmail.com,9617119481
5183,Ayush Kapoor,Business,India,20,18-25,Female,1,ayush.kapoor5183@gmail.com,9490667562
5184,Ananya Bose,Family,India,48,36-50,Male,0,ananya.bose5184@gmail.com,9596613682
5185,Ayush Gupta,Couple,India,63,51-65,Male,0,ayush.gupta5185@gmail.com,9463999747
5186,Priya Kapoor,Family,Australia,69,65+,Male,0,priya.kapoor5186@gmail.com,9498352238
5187,Deepak Kapoor,Couple,India,43,36-50,Male,0,deepak.kapoor5187@gmail.com,9674575107
5188,Ayush Iyer,Leisure,India,24,18-25,Female,0,ayush.iyer5188@gmail.com,9774730887
5189,Sanjay Chopra,Family,India,18,18-25,Male,0,sanjay.chopra5189@gmail.com,9354838702
5190,Deepak Pillai,Leisure,India,48,36-50,Male,0,deepak.pillai5190@gmail.com,9524256575
5191,Kritika Das,Leisure,India,27,26-35,Female,0,kritika.das5191@gmail.com,9748901638
5192,Sneha Malhotra,Couple,India,57,51-65,Male,0,sneha.malhotra5192@gmail.com,9157548227
5193,Rahul Patel,Couple,USA,23,18-25,Male,0,rahul.patel5193@gmail.com,9905140931
5194,Sneha Singh,Family,India,45,36-50,Male,0,sneha.singh5194@gmail.com,9728589749
5195,Pallavi Shah,Business,India,34,26-35,Female,0,pallavi.shah5195@gmail.com,9902069134
5196,Muskan Bose,Couple,India,23,18-25,Male,0,muskan.bose5196@gmail.com,9348021562
5197,Rahul Patel,Couple,UK,65,51-65,Male,0,rahul.patel5197@gmail.com,9307465511
5198,Ishaan Desai,Business,India,60,51-65,Female,0,ishaan.desai5198@gmail.com,9770544771
5199,Sneha Mukherjee,Leisure,UAE,61,51-65,Female,0,sneha.mukherjee5199@gmail.com,9311142901
5200,Meera Singh,Leisure,India,34,26-35,Female,0,meera.singh5200@gmail.com,9630203221
5201,Pallavi Bose,Leisure,India,58,51-65,Female,0,pallavi.bose5201@gmail.com,9489554188
5202,Sanjay Das,Family,India,22,18-25,Male,1,sanjay.das5202@gmail.com,9177117953
5203,Ishaan Mishra,Couple,India,26,26-35,Male,0,ishaan.mishra5203@gmail.com,9906007418
5204,Pooja Reddy,Couple,Malaysia,43,36-50,Female,1,pooja.reddy5204@gmail.com,9512753325
5205,Vikram Bose,Family,India,58,51-65,Male,0,vikram.bose5205@gmail.com,9267010512
5206,Karan Rao,Leisure,India,66,65+,Male,0,karan.rao5206@gmail.com,9568540076
5207,Ayush Mehta,Couple,India,50,36-50,Male,0,ayush.mehta5207@gmail.com,9771814332
5208,Muskan Saxena,Leisure,India,44,36-50,Female,0,muskan.saxena5208@gmail.com,9116053010
5209,Kavya Gupta,Family,India,68,65+,Male,0,kavya.gupta5209@gmail.com,9888311889
5210,Aditya Pillai,Business,India,39,36-50,Male,0,aditya.pillai5210@gmail.com,9673013415
5211,Anjali Kulkarni,Family,India,69,65+,Female,0,anjali.kulkarni5211@gmail.com,9209198421
5212,Divya Kapoor,Business,India,33,26-35,Female,0,divya.kapoor5212@gmail.com,9749628181
5213,Muskan Saxena,Leisure,India,72,65+,Male,0,muskan.saxena5213@gmail.com,9436104080
5214,Divya Dixit,Couple,India,44,36-50,Female,1,divya.dixit5214@gmail.com,9834218365
5215,Ishaan Verma,Leisure,India,69,65+,Female,0,ishaan.verma5215@gmail.com,9883451445
5216,Tanvi Rao,Couple,India,25,18-25,Male,1,tanvi.rao5216@gmail.com,9940904850
5217,Aditya Mehta,Leisure,India,45,36-50,Female,1,aditya.mehta5217@gmail.com,9859707162
5218,Ishaan Sharma,Couple,India,53,51-65,Female,0,ishaan.sharma5218@gmail.com,9458569296
5219,Sanjay Banerjee,Business,India,56,51-65,Male,0,sanjay.banerjee5219@gmail.com,9517316677
5220,Suresh Mukherjee,Business,India,51,51-65,Female,0,suresh.mukherjee5220@gmail.com,9155974685
5221,Suresh Dixit,Leisure,India,54,51-65,Male,0,suresh.dixit5221@gmail.com,9116977346
5222,Ritu Kapoor,Leisure,India,47,36-50,Male,1,ritu.kapoor5222@gmail.com,9291746190
5223,Kritika Kapoor,Business,France,19,18-25,Male,1,kritika.kapoor5223@gmail.com,9447893298
5224,Shreyash Khanna,Leisure,India,52,51-65,Male,1,shreyash.khanna5224@gmail.com,9443033595
5225,Manish Pillai,Leisure,India,55,51-65,Female,0,manish.pillai5225@gmail.com,9344145811
5226,Pallavi Dixit,Business,India,30,26-35,Female,0,pallavi.dixit5226@gmail.com,9721555886
5227,Sanjay Mukherjee,Leisure,India,22,18-25,Male,1,sanjay.mukherjee5227@gmail.com,9584728936
5228,Ritu Pillai,Family,India,22,18-25,Male,0,ritu.pillai5228@gmail.com,9332541812
5229,Kritika Dixit,Business,India,18,18-25,Male,0,kritika.dixit5229@gmail.com,9557088161
5230,Anjali Chopra,Leisure,India,59,51-65,Female,0,anjali.chopra5230@gmail.com,9211747485
5231,Arjun Joshi,Couple,India,53,51-65,Female,0,arjun.joshi5231@gmail.com,9272193529
5232,Meera Shah,Leisure,India,68,65+,Male,0,meera.shah5232@gmail.com,9488150953
5233,Kritika Mehta,Couple,India,65,51-65,Male,0,kritika.mehta5233@gmail.com,9278378939
5234,Deepak Bose,Leisure,India,26,26-35,Female,1,deepak.bose5234@gmail.com,9283914316
5235,Neha Patel,Leisure,India,61,51-65,Male,1,neha.patel5235@gmail.com,9783626405
5236,Akash Mehta,Business,Canada,45,36-50,Female,0,akash.mehta5236@gmail.com,9412037985
5237,Tanvi Chopra,Couple,India,29,26-35,Male,0,tanvi.chopra5237@gmail.com,9107068979
5238,Vikram Agarwal,Couple,India,72,65+,Male,0,vikram.agarwal5238@gmail.com,9247882962
5239,Tanvi Nair,Business,India,71,65+,Male,0,tanvi.nair5239@gmail.com,9869303758
5240,Suresh Nair,Leisure,India,62,51-65,Female,0,suresh.nair5240@gmail.com,9324777774
5241,Kritika Malhotra,Family,India,28,26-35,Female,0,kritika.malhotra5241@gmail.com,9198112525
5242,Priya Sharma,Leisure,India,23,18-25,Male,0,priya.sharma5242@gmail.com,9764048581
5243,Nisha Banerjee,Leisure,India,67,65+,Female,0,nisha.banerjee5243@gmail.com,9238320836
5244,Shruti Kulkarni,Family,India,31,26-35,Male,1,shruti.kulkarni5244@gmail.com,9549190859
5245,Rahul Iyer,Couple,India,26,26-35,Male,0,rahul.iyer5245@gmail.com,9264863105
5246,Ishaan Mehta,Leisure,India,63,51-65,Male,0,ishaan.mehta5246@gmail.com,9833153976
5247,Anjali Kulkarni,Couple,India,35,26-35,Male,0,anjali.kulkarni5247@gmail.com,9455294756
5248,Meera Saxena,Family,India,45,36-50,Male,0,meera.saxena5248@gmail.com,9701568535
5249,Priya Desai,Leisure,India,25,18-25,Female,0,priya.desai5249@gmail.com,9337418852
5250,Neha Rao,Leisure,India,57,51-65,Female,0,neha.rao5250@gmail.com,9605995936
5251,Nisha Sharma,Leisure,India,31,26-35,Male,1,nisha.sharma5251@gmail.com,9398981443
5252,Deepak Singh,Family,India,42,36-50,Male,0,deepak.singh5252@gmail.com,9383363902
5253,Simran Iyer,Couple,India,19,18-25,Female,0,simran.iyer5253@gmail.com,9888535373
5254,Swati Mishra,Business,India,24,18-25,Female,0,swati.mishra5254@gmail.com,9201987965
5255,Harsh Rao,Family,India,27,26-35,Female,0,harsh.rao5255@gmail.com,9282489289
5256,Ishaan Sharma,Leisure,India,26,26-35,Female,1,ishaan.sharma5256@gmail.com,9485113390
5257,Rahul Malhotra,Business,India,59,51-65,Female,0,rahul.malhotra5257@gmail.com,9857072989
5258,Nikhil Kumar,Leisure,Malaysia,64,51-65,Male,1,nikhil.kumar5258@gmail.com,9998139149
5259,Suresh Banerjee,Leisure,India,41,36-50,Male,0,suresh.banerjee5259@gmail.com,9847661610
5260,Suresh Gupta,Family,India,68,65+,Male,0,suresh.gupta5260@gmail.com,9999208616
5261,Ananya Shah,Business,India,59,51-65,Female,0,ananya.shah5261@gmail.com,9352341832
5262,Manish Dixit,Couple,India,65,51-65,Male,0,manish.dixit5262@gmail.com,9865694547
5263,Nisha Nair,Leisure,India,29,26-35,Female,0,nisha.nair5263@gmail.com,9826238365
5264,Karan Agarwal,Business,India,20,18-25,Male,1,karan.agarwal5264@gmail.com,9453918250
5265,Suresh Pandey,Family,India,38,36-50,Female,0,suresh.pandey5265@gmail.com,9597149811
5266,Akash Banerjee,Leisure,India,53,51-65,Male,0,akash.banerjee5266@gmail.com,9337349637
5267,Pooja Iyer,Leisure,India,52,51-65,Male,0,pooja.iyer5267@gmail.com,9121337455
5268,Deepak Dixit,Leisure,India,69,65+,Male,0,deepak.dixit5268@gmail.com,9736738459
5269,Riya Kumar,Family,India,45,36-50,Male,0,riya.kumar5269@gmail.com,9432321238
5270,Rohit Joshi,Leisure,India,32,26-35,Female,0,rohit.joshi5270@gmail.com,9452699254
5271,Vishal Pillai,Business,Malaysia,41,36-50,Male,1,vishal.pillai5271@gmail.com,9890759554
5272,Manish Saxena,Business,India,46,36-50,Female,0,manish.saxena5272@gmail.com,9743798814
5273,Ayush Desai,Leisure,India,24,18-25,Male,0,ayush.desai5273@gmail.com,9736099923
5274,Ananya Mehta,Couple,India,63,51-65,Female,0,ananya.mehta5274@gmail.com,9602227590
5275,Nikhil Gupta,Leisure,India,34,26-35,Female,0,nikhil.gupta5275@gmail.com,9833181759
5276,Arjun Singh,Business,India,18,18-25,Female,0,arjun.singh5276@gmail.com,9712505435
5277,Pallavi Dixit,Business,India,69,65+,Male,0,pallavi.dixit5277@gmail.com,9807915353
5278,Suresh Joshi,Leisure,India,67,65+,Male,1,suresh.joshi5278@gmail.com,9861626451
5279,Ishaan Agarwal,Family,India,21,18-25,Male,0,ishaan.agarwal5279@gmail.com,9310193054
5280,Ritu Iyer,Leisure,India,61,51-65,Male,1,ritu.iyer5280@gmail.com,9645017716
5281,Rohan Kulkarni,Family,India,55,51-65,Male,1,rohan.kulkarni5281@gmail.com,9632406354
5282,Ritu Kapoor,Leisure,India,65,51-65,Male,0,ritu.kapoor5282@gmail.com,9884392691
5283,Rohan Agarwal,Business,India,48,36-50,Male,0,rohan.agarwal5283@gmail.com,9780109353
5284,Swati Banerjee,Family,India,21,18-25,Male,1,swati.banerjee5284@gmail.com,9826664403
5285,Harsh Das,Leisure,India,51,51-65,Female,0,harsh.das5285@gmail.com,9256265732
5286,Shreyash Chopra,Couple,Malaysia,59,51-65,Female,0,shreyash.chopra5286@gmail.com,9212649895
5287,Tanvi Mukherjee,Family,India,67,65+,Male,0,tanvi.mukherjee5287@gmail.com,9601879423
5288,Kritika Banerjee,Business,India,21,18-25,Male,0,kritika.banerjee5288@gmail.com,9604942089
5289,Kavya Nair,Business,India,36,36-50,Female,0,kavya.nair5289@gmail.com,9435687060
5290,Pallavi Pillai,Couple,India,60,51-65,Female,0,pallavi.pillai5290@gmail.com,9432545209
5291,Ritu Kumar,Leisure,India,46,36-50,Female,0,ritu.kumar5291@gmail.com,9989422181
5292,Suresh Das,Business,India,26,26-35,Female,0,suresh.das5292@gmail.com,9468679798
5293,Vishal Bose,Business,India,37,36-50,Female,0,vishal.bose5293@gmail.com,9709933751
5294,Arjun Banerjee,Business,India,19,18-25,Female,1,arjun.banerjee5294@gmail.com,9722490092
5295,Shreyash Shah,Couple,India,51,51-65,Female,0,shreyash.shah5295@gmail.com,9783791444
5296,Rohan Das,Business,India,47,36-50,Female,0,rohan.das5296@gmail.com,9437397320
5297,Akash Reddy,Leisure,India,61,51-65,Female,0,akash.reddy5297@gmail.com,9815104700
5298,Ananya Singh,Couple,India,48,36-50,Female,0,ananya.singh5298@gmail.com,9334162542
5299,Nisha Pillai,Leisure,India,49,36-50,Male,1,nisha.pillai5299@gmail.com,9575513846
5300,Arjun Trivedi,Business,UAE,71,65+,Female,0,arjun.trivedi5300@gmail.com,9516536103
5301,Arjun Kulkarni,Couple,UAE,58,51-65,Male,0,arjun.kulkarni5301@gmail.com,9127424016
5302,Rahul Nair,Business,India,52,51-65,Male,0,rahul.nair5302@gmail.com,9268279181
5303,Anjali Shah,Couple,India,63,51-65,Female,0,anjali.shah5303@gmail.com,9353721239
5304,Karan Rao,Family,India,55,51-65,Female,1,karan.rao5304@gmail.com,9695202613
5305,Swati Pillai,Leisure,India,64,51-65,Male,1,swati.pillai5305@gmail.com,9921390264
5306,Rohit Dixit,Leisure,UAE,69,65+,Female,0,rohit.dixit5306@gmail.com,9270319091
5307,Pallavi Mehta,Leisure,India,62,51-65,Female,0,pallavi.mehta5307@gmail.com,9405740983
5308,Muskan Iyer,Leisure,India,34,26-35,Male,1,muskan.iyer5308@gmail.com,9237394847
5309,Kavya Verma,Family,India,49,36-50,Male,0,kavya.verma5309@gmail.com,9950629699
5310,Muskan Malhotra,Family,India,55,51-65,Male,0,muskan.malhotra5310@gmail.com,9437115542
5311,Tanya Chopra,Leisure,Singapore,46,36-50,Male,0,tanya.chopra5311@gmail.com,9259769048
5312,Amit Patel,Couple,India,25,18-25,Female,1,amit.patel5312@gmail.com,9308908897
5313,Nikhil Khanna,Family,India,68,65+,Female,0,nikhil.khanna5313@gmail.com,9958264042
5314,Riya Trivedi,Family,India,25,18-25,Male,1,riya.trivedi5314@gmail.com,9705288080
5315,Kavya Dixit,Leisure,India,56,51-65,Male,0,kavya.dixit5315@gmail.com,9258350000
5316,Riya Pillai,Leisure,Malaysia,66,65+,Male,0,riya.pillai5316@gmail.com,9448888499
5317,Priya Iyer,Leisure,Nepal,43,36-50,Male,0,priya.iyer5317@gmail.com,9281311983
5318,Anjali Dixit,Family,India,59,51-65,Male,0,anjali.dixit5318@gmail.com,9778948887
5319,Priya Chopra,Business,India,36,36-50,Female,0,priya.chopra5319@gmail.com,9846223378
5320,Manish Mehta,Leisure,USA,18,18-25,Female,0,manish.mehta5320@gmail.com,9447722729
5321,Swati Saxena,Leisure,India,21,18-25,Male,0,swati.saxena5321@gmail.com,9327897387
5322,Swati Rao,Leisure,India,49,36-50,Female,0,swati.rao5322@gmail.com,9678675517
5323,Ayush Trivedi,Leisure,UK,37,36-50,Male,1,ayush.trivedi5323@gmail.com,9246993605
5324,Harsh Rao,Family,India,54,51-65,Male,1,harsh.rao5324@gmail.com,9984205528
5325,Nikhil Patel,Business,India,51,51-65,Male,0,nikhil.patel5325@gmail.com,9985632812
5326,Kavya Kapoor,Leisure,India,42,36-50,Male,0,kavya.kapoor5326@gmail.com,9555361948
5327,Rohan Sharma,Business,India,61,51-65,Male,1,rohan.sharma5327@gmail.com,9705841406
5328,Akash Chopra,Business,India,61,51-65,Male,0,akash.chopra5328@gmail.com,9591678787
5329,Ayush Patel,Leisure,India,59,51-65,Female,1,ayush.patel5329@gmail.com,9874492255
5330,Vikram Malhotra,Leisure,UK,24,18-25,Male,1,vikram.malhotra5330@gmail.com,9322486157
5331,Simran Desai,Leisure,India,34,26-35,Female,0,simran.desai5331@gmail.com,9590802884
5332,Shruti Agarwal,Leisure,India,28,26-35,Male,0,shruti.agarwal5332@gmail.com,9881808432
5333,Vikram Mishra,Business,India,30,26-35,Male,0,vikram.mishra5333@gmail.com,9978210841
5334,Aditya Saxena,Leisure,Nepal,58,51-65,Male,0,aditya.saxena5334@gmail.com,9269169416
5335,Rohan Dixit,Family,India,68,65+,Male,1,rohan.dixit5335@gmail.com,9462038916
5336,Aditya Sharma,Family,India,23,18-25,Male,1,aditya.sharma5336@gmail.com,9548719950
5337,Amit Desai,Leisure,India,53,51-65,Male,0,amit.desai5337@gmail.com,9648583131
5338,Aditya Bose,Leisure,India,46,36-50,Female,1,aditya.bose5338@gmail.com,9936878471
5339,Sneha Malhotra,Family,India,57,51-65,Female,0,sneha.malhotra5339@gmail.com,9681402974
5340,Tanvi Kulkarni,Business,India,68,65+,Male,0,tanvi.kulkarni5340@gmail.com,9256007541
5341,Sneha Kapoor,Couple,India,27,26-35,Male,0,sneha.kapoor5341@gmail.com,9656792163
5342,Priya Singh,Family,India,44,36-50,Male,0,priya.singh5342@gmail.com,9377762254
5343,Nikhil Banerjee,Business,India,41,36-50,Female,1,nikhil.banerjee5343@gmail.com,9390717460
5344,Harsh Rao,Business,India,72,65+,Female,0,harsh.rao5344@gmail.com,9982525141
5345,Priya Bose,Family,India,71,65+,Female,0,priya.bose5345@gmail.com,9846008427
5346,Deepak Dixit,Leisure,India,29,26-35,Female,0,deepak.dixit5346@gmail.com,9586457193
5347,Ananya Iyer,Business,Singapore,34,26-35,Female,0,ananya.iyer5347@gmail.com,9675893641
5348,Deepak Sharma,Leisure,India,18,18-25,Female,0,deepak.sharma5348@gmail.com,9613840513
5349,Pallavi Iyer,Leisure,India,45,36-50,Male,1,pallavi.iyer5349@gmail.com,9760159756
5350,Shreyash Reddy,Couple,India,47,36-50,Male,0,shreyash.reddy5350@gmail.com,9266497851
5351,Kritika Reddy,Couple,India,68,65+,Male,0,kritika.reddy5351@gmail.com,9257440208
5352,Kritika Pillai,Family,France,22,18-25,Female,1,kritika.pillai5352@gmail.com,9569812347
5353,Priya Sharma,Leisure,India,30,26-35,Female,1,priya.sharma5353@gmail.com,9653992744
5354,Shruti Patel,Leisure,India,42,36-50,Female,0,shruti.patel5354@gmail.com,9111354245
5355,Karan Singh,Leisure,Singapore,71,65+,Female,0,karan.singh5355@gmail.com,9606752501
5356,Rohan Pandey,Leisure,India,58,51-65,Male,1,rohan.pandey5356@gmail.com,9725597750
5357,Ishaan Shah,Business,India,29,26-35,Female,1,ishaan.shah5357@gmail.com,9835204180
5358,Tanya Mehta,Family,India,61,51-65,Female,1,tanya.mehta5358@gmail.com,9528325882
5359,Priya Singh,Family,India,56,51-65,Male,0,priya.singh5359@gmail.com,9697394405
5360,Deepak Mishra,Leisure,India,51,51-65,Female,1,deepak.mishra5360@gmail.com,9854251327
5361,Neha Nair,Couple,India,62,51-65,Female,0,neha.nair5361@gmail.com,9210350301
5362,Tanya Joshi,Business,India,48,36-50,Female,0,tanya.joshi5362@gmail.com,9877959387
5363,Sneha Nair,Leisure,India,21,18-25,Female,1,sneha.nair5363@gmail.com,9555963196
5364,Ananya Saxena,Couple,India,64,51-65,Female,0,ananya.saxena5364@gmail.com,9586417614
5365,Anjali Bose,Leisure,India,44,36-50,Male,0,anjali.bose5365@gmail.com,9451675231
5366,Vikram Singh,Family,India,71,65+,Male,1,vikram.singh5366@gmail.com,9603565408
5367,Sneha Pandey,Couple,India,49,36-50,Female,1,sneha.pandey5367@gmail.com,9289634107
5368,Rahul Chopra,Leisure,India,27,26-35,Female,0,rahul.chopra5368@gmail.com,9707035701
5369,Riya Joshi,Couple,UAE,66,65+,Male,0,riya.joshi5369@gmail.com,9763329371
5370,Divya Patel,Business,India,18,18-25,Male,0,divya.patel5370@gmail.com,9605375873
5371,Tanya Kulkarni,Leisure,India,68,65+,Female,1,tanya.kulkarni5371@gmail.com,9594686163
5372,Swati Bose,Leisure,India,56,51-65,Female,0,swati.bose5372@gmail.com,9903664722
5373,Akash Das,Leisure,India,34,26-35,Male,0,akash.das5373@gmail.com,9511863583
5374,Muskan Mukherjee,Couple,Nepal,34,26-35,Male,1,muskan.mukherjee5374@gmail.com,9189529240
5375,Kritika Khanna,Leisure,India,40,36-50,Male,0,kritika.khanna5375@gmail.com,9142251065
5376,Tanya Singh,Couple,India,33,26-35,Female,0,tanya.singh5376@gmail.com,9757784823
5377,Aditya Desai,Leisure,India,68,65+,Female,0,aditya.desai5377@gmail.com,9524632327
5378,Rohan Mukherjee,Leisure,UAE,56,51-65,Female,0,rohan.mukherjee5378@gmail.com,9223708233
5379,Gaurav Mukherjee,Couple,India,71,65+,Female,0,gaurav.mukherjee5379@gmail.com,9923368610
5380,Pooja Trivedi,Business,India,37,36-50,Male,0,pooja.trivedi5380@gmail.com,9659381902
5381,Nisha Agarwal,Business,France,43,36-50,Male,1,nisha.agarwal5381@gmail.com,9731607974
5382,Muskan Patel,Leisure,India,21,18-25,Male,0,muskan.patel5382@gmail.com,9955733342
5383,Swati Reddy,Leisure,India,28,26-35,Female,0,swati.reddy5383@gmail.com,9823530676
5384,Manish Iyer,Business,India,34,26-35,Female,1,manish.iyer5384@gmail.com,9762716324
5385,Rohan Mishra,Couple,India,31,26-35,Male,1,rohan.mishra5385@gmail.com,9921254250
5386,Kavya Malhotra,Leisure,India,46,36-50,Male,1,kavya.malhotra5386@gmail.com,9225155349
5387,Pooja Banerjee,Leisure,India,62,51-65,Female,0,pooja.banerjee5387@gmail.com,9176042730
5388,Tanvi Verma,Family,India,61,51-65,Female,0,tanvi.verma5388@gmail.com,9754647581
5389,Ananya Pillai,Leisure,Malaysia,38,36-50,Male,0,ananya.pillai5389@gmail.com,9182006134
5390,Kavya Chopra,Family,India,44,36-50,Male,0,kavya.chopra5390@gmail.com,9325104251
5391,Sneha Pandey,Business,India,47,36-50,Male,0,sneha.pandey5391@gmail.com,9844296320
5392,Tanvi Sharma,Leisure,India,27,26-35,Male,0,tanvi.sharma5392@gmail.com,9549458774
5393,Deepak Gupta,Family,India,57,51-65,Female,0,deepak.gupta5393@gmail.com,9244155967
5394,Rahul Malhotra,Leisure,India,36,36-50,Male,0,rahul.malhotra5394@gmail.com,9655169243
5395,Riya Dixit,Couple,India,24,18-25,Male,0,riya.dixit5395@gmail.com,9914643804
5396,Vishal Nair,Leisure,UAE,34,26-35,Female,0,vishal.nair5396@gmail.com,9515104781
5397,Rahul Khanna,Business,India,55,51-65,Male,0,rahul.khanna5397@gmail.com,9211340208
5398,Riya Das,Leisure,India,34,26-35,Female,0,riya.das5398@gmail.com,9293528802
5399,Pooja Verma,Leisure,India,23,18-25,Female,1,pooja.verma5399@gmail.com,9460722525
5400,Tanvi Patel,Family,India,40,36-50,Male,0,tanvi.patel5400@gmail.com,9294271246
5401,Shruti Iyer,Business,India,57,51-65,Female,0,shruti.iyer5401@gmail.com,9681708414
5402,Ishaan Iyer,Family,India,39,36-50,Female,1,ishaan.iyer5402@gmail.com,9650530039
5403,Deepak Kulkarni,Family,India,66,65+,Female,0,deepak.kulkarni5403@gmail.com,9352973742
5404,Ritu Sharma,Business,India,57,51-65,Male,0,ritu.sharma5404@gmail.com,9724106683
5405,Meera Rao,Leisure,India,62,51-65,Female,0,meera.rao5405@gmail.com,9567039270
5406,Divya Banerjee,Family,India,39,36-50,Male,0,divya.banerjee5406@gmail.com,9724302324
5407,Meera Verma,Family,India,33,26-35,Male,1,meera.verma5407@gmail.com,9399359229
5408,Ishaan Khanna,Leisure,India,48,36-50,Male,0,ishaan.khanna5408@gmail.com,9946456209
5409,Manish Rao,Leisure,India,22,18-25,Female,0,manish.rao5409@gmail.com,9962555525
5410,Kritika Gupta,Leisure,Germany,26,26-35,Male,0,kritika.gupta5410@gmail.com,9166682009
5411,Pallavi Sharma,Couple,India,44,36-50,Female,0,pallavi.sharma5411@gmail.com,9656692246
5412,Priya Desai,Leisure,India,32,26-35,Male,0,priya.desai5412@gmail.com,9241003419
5413,Rohit Iyer,Couple,India,37,36-50,Male,1,rohit.iyer5413@gmail.com,9328900095
5414,Akash Pillai,Business,India,69,65+,Female,1,akash.pillai5414@gmail.com,9544374888
5415,Suresh Khanna,Business,India,47,36-50,Female,0,suresh.khanna5415@gmail.com,9167245255
5416,Arjun Gupta,Leisure,India,22,18-25,Male,0,arjun.gupta5416@gmail.com,9115393421
5417,Harsh Mishra,Leisure,India,53,51-65,Female,0,harsh.mishra5417@gmail.com,9956788316
5418,Sneha Kulkarni,Leisure,India,44,36-50,Male,0,sneha.kulkarni5418@gmail.com,9420842289
5419,Manish Agarwal,Leisure,India,39,36-50,Female,0,manish.agarwal5419@gmail.com,9479717417
5420,Shruti Malhotra,Leisure,Germany,71,65+,Female,1,shruti.malhotra5420@gmail.com,9130840366
5421,Suresh Bose,Business,India,61,51-65,Male,0,suresh.bose5421@gmail.com,9181632823
5422,Suresh Dixit,Leisure,India,51,51-65,Female,0,suresh.dixit5422@gmail.com,9144564169
5423,Sanjay Pandey,Family,India,35,26-35,Female,0,sanjay.pandey5423@gmail.com,9867458339
5424,Ayush Reddy,Leisure,India,29,26-35,Male,0,ayush.reddy5424@gmail.com,9671891710
5425,Vishal Iyer,Leisure,India,39,36-50,Male,1,vishal.iyer5425@gmail.com,9185085945
5426,Aditya Pandey,Leisure,UK,28,26-35,Female,1,aditya.pandey5426@gmail.com,9887682609
5427,Suresh Shah,Family,India,19,18-25,Male,0,suresh.shah5427@gmail.com,9509777764
5428,Ishaan Rao,Business,India,26,26-35,Female,0,ishaan.rao5428@gmail.com,9904202650
5429,Riya Mishra,Couple,India,26,26-35,Female,0,riya.mishra5429@gmail.com,9854221419
5430,Swati Joshi,Couple,India,27,26-35,Female,0,swati.joshi5430@gmail.com,9131203203
5431,Kavya Gupta,Couple,India,50,36-50,Female,0,kavya.gupta5431@gmail.com,9343198972
5432,Ritu Iyer,Business,India,65,51-65,Male,0,ritu.iyer5432@gmail.com,9814938199
5433,Tanvi Mehta,Couple,India,35,26-35,Female,0,tanvi.mehta5433@gmail.com,9910022538
5434,Tanya Nair,Business,India,39,36-50,Female,1,tanya.nair5434@gmail.com,9798333855
5435,Rohit Desai,Leisure,India,49,36-50,Male,1,rohit.desai5435@gmail.com,9454970090
5436,Meera Malhotra,Couple,India,40,36-50,Female,1,meera.malhotra5436@gmail.com,9235105839
5437,Pallavi Mehta,Business,India,60,51-65,Male,1,pallavi.mehta5437@gmail.com,9469786940
5438,Akash Dixit,Couple,India,37,36-50,Male,0,akash.dixit5438@gmail.com,9144838190
5439,Anjali Malhotra,Business,India,39,36-50,Female,0,anjali.malhotra5439@gmail.com,9659642358
5440,Ayush Das,Couple,Australia,61,51-65,Male,0,ayush.das5440@gmail.com,9954444866
5441,Akash Kulkarni,Leisure,India,59,51-65,Male,0,akash.kulkarni5441@gmail.com,9211668024
5442,Nikhil Nair,Business,India,52,51-65,Male,0,nikhil.nair5442@gmail.com,9726830415
5443,Nikhil Bose,Business,India,43,36-50,Female,1,nikhil.bose5443@gmail.com,9519805314
5444,Swati Kapoor,Family,India,18,18-25,Female,0,swati.kapoor5444@gmail.com,9399077338
5445,Shreyash Pillai,Business,India,65,51-65,Female,0,shreyash.pillai5445@gmail.com,9345096708
5446,Meera Joshi,Business,Canada,29,26-35,Male,0,meera.joshi5446@gmail.com,9275057293
5447,Vishal Mishra,Leisure,India,39,36-50,Female,0,vishal.mishra5447@gmail.com,9840314695
5448,Akash Sharma,Couple,India,60,51-65,Female,0,akash.sharma5448@gmail.com,9356787422
5449,Muskan Verma,Leisure,India,55,51-65,Female,0,muskan.verma5449@gmail.com,9552846118
5450,Ritu Patel,Business,India,44,36-50,Male,0,ritu.patel5450@gmail.com,9738489672
5451,Sanjay Shah,Leisure,India,23,18-25,Male,0,sanjay.shah5451@gmail.com,9150678977
5452,Aditya Desai,Business,India,54,51-65,Male,0,aditya.desai5452@gmail.com,9359119541
5453,Shreyash Nair,Business,India,66,65+,Female,1,shreyash.nair5453@gmail.com,9340352434
5454,Kavya Chopra,Leisure,India,53,51-65,Male,0,kavya.chopra5454@gmail.com,9688533376
5455,Vikram Patel,Couple,India,61,51-65,Male,0,vikram.patel5455@gmail.com,9492963000
5456,Meera Shah,Business,India,35,26-35,Male,0,meera.shah5456@gmail.com,9592186291
5457,Priya Gupta,Leisure,India,59,51-65,Female,0,priya.gupta5457@gmail.com,9649212255
5458,Pallavi Singh,Leisure,India,42,36-50,Female,0,pallavi.singh5458@gmail.com,9808723555
5459,Muskan Chopra,Family,India,62,51-65,Female,0,muskan.chopra5459@gmail.com,9631112880
5460,Swati Saxena,Family,India,57,51-65,Female,0,swati.saxena5460@gmail.com,9127292416
5461,Swati Malhotra,Couple,India,33,26-35,Female,1,swati.malhotra5461@gmail.com,9862435713
5462,Pooja Iyer,Business,India,37,36-50,Female,0,pooja.iyer5462@gmail.com,9407331728
5463,Vikram Mishra,Business,India,57,51-65,Female,0,vikram.mishra5463@gmail.com,9840536977
5464,Sanjay Gupta,Leisure,Nepal,72,65+,Female,1,sanjay.gupta5464@gmail.com,9166253067
5465,Pallavi Kulkarni,Leisure,USA,67,65+,Male,0,pallavi.kulkarni5465@gmail.com,9179785360
5466,Kritika Bose,Leisure,India,24,18-25,Male,0,kritika.bose5466@gmail.com,9862105137
5467,Divya Singh,Couple,India,71,65+,Female,0,divya.singh5467@gmail.com,9862928509
5468,Vishal Malhotra,Family,India,21,18-25,Male,1,vishal.malhotra5468@gmail.com,9966330393
5469,Rohit Nair,Couple,India,42,36-50,Female,0,rohit.nair5469@gmail.com,9127617326
5470,Shreyash Das,Leisure,India,27,26-35,Female,0,shreyash.das5470@gmail.com,9302457073
5471,Tanya Pillai,Couple,India,29,26-35,Male,0,tanya.pillai5471@gmail.com,9892235363
5472,Vishal Kulkarni,Leisure,India,18,18-25,Male,0,vishal.kulkarni5472@gmail.com,9929899047
5473,Shruti Mehta,Business,India,59,51-65,Male,0,shruti.mehta5473@gmail.com,9196909691
5474,Divya Trivedi,Couple,Canada,23,18-25,Male,0,divya.trivedi5474@gmail.com,9991692221
5475,Suresh Chopra,Business,India,54,51-65,Female,0,suresh.chopra5475@gmail.com,9165638496
5476,Priya Khanna,Leisure,India,56,51-65,Female,1,priya.khanna5476@gmail.com,9959505897
5477,Kavya Kulkarni,Leisure,India,38,36-50,Female,0,kavya.kulkarni5477@gmail.com,9192711040
5478,Ananya Kulkarni,Couple,India,23,18-25,Male,1,ananya.kulkarni5478@gmail.com,9424919187
5479,Aditya Verma,Couple,India,63,51-65,Female,0,aditya.verma5479@gmail.com,9317033944
5480,Meera Agarwal,Leisure,UAE,57,51-65,Female,0,meera.agarwal5480@gmail.com,9595725891
5481,Shruti Mishra,Couple,India,23,18-25,Male,0,shruti.mishra5481@gmail.com,9411765372
5482,Rohit Kumar,Leisure,India,27,26-35,Male,0,rohit.kumar5482@gmail.com,9764910138
5483,Pooja Kulkarni,Leisure,Australia,63,51-65,Male,0,pooja.kulkarni5483@gmail.com,9340290885
5484,Amit Singh,Couple,India,55,51-65,Female,0,amit.singh5484@gmail.com,9274763458
5485,Muskan Reddy,Couple,India,21,18-25,Male,0,muskan.reddy5485@gmail.com,9827381798
5486,Nikhil Khanna,Family,India,28,26-35,Male,1,nikhil.khanna5486@gmail.com,9714480042
5487,Arjun Pillai,Business,India,55,51-65,Male,0,arjun.pillai5487@gmail.com,9175273206
5488,Meera Shah,Couple,India,43,36-50,Male,1,meera.shah5488@gmail.com,9262784058
5489,Aditya Mukherjee,Couple,India,58,51-65,Female,0,aditya.mukherjee5489@gmail.com,9422544326
5490,Vikram Dixit,Family,India,23,18-25,Male,0,vikram.dixit5490@gmail.com,9333705327
5491,Ananya Kulkarni,Business,India,23,18-25,Male,0,ananya.kulkarni5491@gmail.com,9951674289
5492,Riya Khanna,Couple,India,38,36-50,Male,1,riya.khanna5492@gmail.com,9875431611
5493,Meera Trivedi,Leisure,India,19,18-25,Male,1,meera.trivedi5493@gmail.com,9957933675
5494,Deepak Saxena,Leisure,India,45,36-50,Male,0,deepak.saxena5494@gmail.com,9182262764
5495,Deepak Kulkarni,Leisure,India,48,36-50,Female,0,deepak.kulkarni5495@gmail.com,9987314839
5496,Harsh Iyer,Leisure,India,66,65+,Male,0,harsh.iyer5496@gmail.com,9801173589
5497,Pallavi Gupta,Leisure,India,22,18-25,Female,0,pallavi.gupta5497@gmail.com,9324377221
5498,Neha Kapoor,Family,India,71,65+,Male,0,neha.kapoor5498@gmail.com,9789868119
5499,Shreyash Das,Leisure,India,23,18-25,Male,0,shreyash.das5499@gmail.com,9840910379
5500,Akash Desai,Couple,India,30,26-35,Female,0,akash.desai5500@gmail.com,9320948439
5501,Sneha Rao,Leisure,India,47,36-50,Male,1,sneha.rao5501@gmail.com,9737596457
5502,Ayush Verma,Business,India,56,51-65,Female,0,ayush.verma5502@gmail.com,9749180071
5503,Kavya Desai,Business,Canada,26,26-35,Male,1,kavya.desai5503@gmail.com,9595223176
5504,Sneha Sharma,Leisure,India,24,18-25,Female,0,sneha.sharma5504@gmail.com,9109559010
5505,Priya Saxena,Leisure,India,22,18-25,Female,0,priya.saxena5505@gmail.com,9700686670
5506,Nikhil Shah,Business,India,29,26-35,Male,0,nikhil.shah5506@gmail.com,9132878838
5507,Kritika Malhotra,Leisure,India,67,65+,Female,0,kritika.malhotra5507@gmail.com,9847157584
5508,Tanvi Banerjee,Leisure,India,53,51-65,Male,0,tanvi.banerjee5508@gmail.com,9799103233
5509,Suresh Mehta,Leisure,India,39,36-50,Male,0,suresh.mehta5509@gmail.com,9629233933
5510,Divya Gupta,Leisure,India,72,65+,Female,0,divya.gupta5510@gmail.com,9843515022
5511,Anjali Pillai,Business,India,53,51-65,Female,0,anjali.pillai5511@gmail.com,9482328031
5512,Sanjay Desai,Family,India,31,26-35,Male,0,sanjay.desai5512@gmail.com,9551863363
5513,Priya Shah,Family,India,51,51-65,Male,0,priya.shah5513@gmail.com,9352552416
5514,Shruti Nair,Couple,India,53,51-65,Male,0,shruti.nair5514@gmail.com,9625101700
5515,Karan Kapoor,Business,India,71,65+,Male,1,karan.kapoor5515@gmail.com,9358257050
5516,Tanvi Sharma,Couple,India,34,26-35,Male,0,tanvi.sharma5516@gmail.com,9571346598
5517,Tanya Reddy,Couple,India,44,36-50,Female,0,tanya.reddy5517@gmail.com,9393636202
5518,Ishaan Rao,Couple,Nepal,48,36-50,Female,1,ishaan.rao5518@gmail.com,9347914405
5519,Harsh Mukherjee,Business,India,26,26-35,Male,0,harsh.mukherjee5519@gmail.com,9213439922
5520,Pallavi Malhotra,Couple,India,28,26-35,Female,0,pallavi.malhotra5520@gmail.com,9140068174
5521,Neha Verma,Couple,India,50,36-50,Female,1,neha.verma5521@gmail.com,9211066366
5522,Neha Das,Leisure,India,34,26-35,Male,0,neha.das5522@gmail.com,9291408020
5523,Tanvi Kumar,Couple,Germany,37,36-50,Male,0,tanvi.kumar5523@gmail.com,9173488996
5524,Vikram Rao,Leisure,India,42,36-50,Male,1,vikram.rao5524@gmail.com,9515227197
5525,Priya Desai,Leisure,India,42,36-50,Male,1,priya.desai5525@gmail.com,9752375264
5526,Suresh Kapoor,Business,India,68,65+,Female,0,suresh.kapoor5526@gmail.com,9861580663
5527,Ritu Kapoor,Couple,India,34,26-35,Male,0,ritu.kapoor5527@gmail.com,9637704376
5528,Kavya Kapoor,Business,India,66,65+,Female,0,kavya.kapoor5528@gmail.com,9936281472
5529,Aditya Nair,Leisure,India,23,18-25,Female,0,aditya.nair5529@gmail.com,9313035313
5530,Vishal Kulkarni,Leisure,UK,35,26-35,Female,0,vishal.kulkarni5530@gmail.com,9462884487
5531,Rohan Chopra,Leisure,UK,44,36-50,Female,1,rohan.chopra5531@gmail.com,9347891943
5532,Rahul Desai,Business,India,23,18-25,Female,0,rahul.desai5532@gmail.com,9247818619
5533,Anjali Nair,Couple,India,32,26-35,Female,0,anjali.nair5533@gmail.com,9606351519
5534,Ritu Pillai,Couple,India,62,51-65,Male,0,ritu.pillai5534@gmail.com,9880372366
5535,Akash Das,Business,India,42,36-50,Male,0,akash.das5535@gmail.com,9806651177
5536,Sneha Saxena,Business,India,71,65+,Female,1,sneha.saxena5536@gmail.com,9948249011
5537,Simran Shah,Business,India,19,18-25,Male,0,simran.shah5537@gmail.com,9487310853
5538,Amit Mishra,Family,India,22,18-25,Male,0,amit.mishra5538@gmail.com,9844289270
5539,Deepak Desai,Leisure,India,33,26-35,Female,0,deepak.desai5539@gmail.com,9774701415
5540,Deepak Mishra,Leisure,India,30,26-35,Female,0,deepak.mishra5540@gmail.com,9136427927
5541,Rahul Banerjee,Business,India,29,26-35,Female,0,rahul.banerjee5541@gmail.com,9455107440
5542,Rohan Malhotra,Couple,Germany,25,18-25,Female,0,rohan.malhotra5542@gmail.com,9737714362
5543,Manish Verma,Family,India,57,51-65,Female,0,manish.verma5543@gmail.com,9453586496
5544,Vishal Gupta,Couple,India,65,51-65,Female,0,vishal.gupta5544@gmail.com,9849647650
5545,Manish Desai,Couple,India,26,26-35,Female,0,manish.desai5545@gmail.com,9637396778
5546,Rahul Sharma,Business,India,44,36-50,Male,0,rahul.sharma5546@gmail.com,9579779041
5547,Meera Verma,Business,India,47,36-50,Female,0,meera.verma5547@gmail.com,9442442288
5548,Simran Joshi,Business,India,38,36-50,Male,0,simran.joshi5548@gmail.com,9864073397
5549,Meera Mishra,Leisure,India,70,65+,Male,0,meera.mishra5549@gmail.com,9886282787
5550,Shreyash Agarwal,Business,India,63,51-65,Male,0,shreyash.agarwal5550@gmail.com,9833919725
5551,Amit Patel,Leisure,India,46,36-50,Male,0,amit.patel5551@gmail.com,9211067682
5552,Rohit Pillai,Leisure,Canada,57,51-65,Female,0,rohit.pillai5552@gmail.com,9462753893
5553,Akash Kapoor,Family,India,65,51-65,Male,1,akash.kapoor5553@gmail.com,9390537402
5554,Rohan Khanna,Couple,India,36,36-50,Male,0,rohan.khanna5554@gmail.com,9409688251
5555,Divya Bose,Couple,Germany,58,51-65,Male,0,divya.bose5555@gmail.com,9476458822
5556,Anjali Trivedi,Couple,India,30,26-35,Male,0,anjali.trivedi5556@gmail.com,9824242014
5557,Tanvi Trivedi,Business,India,63,51-65,Female,0,tanvi.trivedi5557@gmail.com,9806989127
5558,Harsh Saxena,Couple,India,25,18-25,Male,1,harsh.saxena5558@gmail.com,9248735905
5559,Nikhil Kulkarni,Leisure,India,42,36-50,Female,0,nikhil.kulkarni5559@gmail.com,9863403941
5560,Riya Kumar,Couple,India,39,36-50,Male,0,riya.kumar5560@gmail.com,9882702218
5561,Vikram Pandey,Leisure,India,47,36-50,Male,0,vikram.pandey5561@gmail.com,9660214685
5562,Ayush Verma,Family,India,64,51-65,Male,0,ayush.verma5562@gmail.com,9719396280
5563,Neha Kumar,Leisure,India,25,18-25,Male,0,neha.kumar5563@gmail.com,9530923467
5564,Deepak Verma,Leisure,India,63,51-65,Male,0,deepak.verma5564@gmail.com,9725479928
5565,Shreyash Mehta,Family,India,66,65+,Female,0,shreyash.mehta5565@gmail.com,9425806763
5566,Divya Das,Business,India,49,36-50,Male,0,divya.das5566@gmail.com,9973309743
5567,Ishaan Dixit,Couple,India,72,65+,Female,0,ishaan.dixit5567@gmail.com,9298346602
5568,Kavya Nair,Couple,France,60,51-65,Female,0,kavya.nair5568@gmail.com,9700831409
5569,Harsh Iyer,Couple,India,21,18-25,Female,0,harsh.iyer5569@gmail.com,9229922375
5570,Anjali Malhotra,Family,India,29,26-35,Female,0,anjali.malhotra5570@gmail.com,9268388626
5571,Pooja Mukherjee,Family,India,64,51-65,Male,0,pooja.mukherjee5571@gmail.com,9275475732
5572,Suresh Kapoor,Business,India,54,51-65,Male,0,suresh.kapoor5572@gmail.com,9814944787
5573,Kritika Rao,Couple,Malaysia,19,18-25,Male,0,kritika.rao5573@gmail.com,9487176025
5574,Meera Mishra,Couple,India,71,65+,Female,0,meera.mishra5574@gmail.com,9540091547
5575,Nisha Kapoor,Couple,USA,51,51-65,Male,0,nisha.kapoor5575@gmail.com,9925209202
5576,Rahul Pandey,Business,India,30,26-35,Female,1,rahul.pandey5576@gmail.com,9912836364
5577,Simran Pandey,Couple,India,46,36-50,Male,0,simran.pandey5577@gmail.com,9623361256
5578,Ishaan Mukherjee,Family,India,51,51-65,Female,0,ishaan.mukherjee5578@gmail.com,9857040315
5579,Shruti Mukherjee,Family,India,32,26-35,Male,1,shruti.mukherjee5579@gmail.com,9959582354
5580,Amit Saxena,Leisure,India,33,26-35,Female,0,amit.saxena5580@gmail.com,9737660725
5581,Anjali Pillai,Business,Singapore,62,51-65,Female,0,anjali.pillai5581@gmail.com,9426920491
5582,Tanvi Iyer,Leisure,India,61,51-65,Male,0,tanvi.iyer5582@gmail.com,9473246805
5583,Sneha Desai,Couple,India,69,65+,Female,0,sneha.desai5583@gmail.com,9388859576
5584,Swati Kapoor,Couple,India,46,36-50,Male,0,swati.kapoor5584@gmail.com,9524307581
5585,Tanya Pillai,Leisure,India,23,18-25,Male,0,tanya.pillai5585@gmail.com,9579692622
5586,Simran Verma,Business,India,48,36-50,Female,1,simran.verma5586@gmail.com,9965935538
5587,Amit Shah,Leisure,India,39,36-50,Male,0,amit.shah5587@gmail.com,9165509125
5588,Divya Rao,Leisure,India,43,36-50,Male,1,divya.rao5588@gmail.com,9234225604
5589,Gaurav Pillai,Family,India,40,36-50,Male,0,gaurav.pillai5589@gmail.com,9498591223
5590,Akash Mehta,Couple,India,18,18-25,Male,0,akash.mehta5590@gmail.com,9595474385
5591,Deepak Mukherjee,Leisure,India,64,51-65,Female,1,deepak.mukherjee5591@gmail.com,9192923088
5592,Shruti Reddy,Leisure,India,27,26-35,Male,1,shruti.reddy5592@gmail.com,9529187564
5593,Riya Chopra,Business,India,26,26-35,Female,0,riya.chopra5593@gmail.com,9314861826
5594,Riya Mukherjee,Family,India,54,51-65,Male,1,riya.mukherjee5594@gmail.com,9957440249
5595,Manish Pandey,Leisure,India,43,36-50,Female,0,manish.pandey5595@gmail.com,9324268185
5596,Karan Gupta,Leisure,India,45,36-50,Male,1,karan.gupta5596@gmail.com,9376887926
5597,Rohit Gupta,Leisure,India,40,36-50,Female,1,rohit.gupta5597@gmail.com,9927616708
5598,Ishaan Mehta,Couple,India,26,26-35,Male,0,ishaan.mehta5598@gmail.com,9289745082
5599,Divya Malhotra,Couple,India,31,26-35,Male,1,divya.malhotra5599@gmail.com,9969637561
5600,Aditya Banerjee,Couple,India,70,65+,Male,1,aditya.banerjee5600@gmail.com,9844024005
5601,Simran Khanna,Leisure,India,59,51-65,Male,1,simran.khanna5601@gmail.com,9136538728
5602,Meera Das,Leisure,India,18,18-25,Female,1,meera.das5602@gmail.com,9350419748
5603,Karan Pillai,Business,India,58,51-65,Male,0,karan.pillai5603@gmail.com,9494207503
5604,Kritika Bose,Couple,India,26,26-35,Female,0,kritika.bose5604@gmail.com,9687793318
5605,Rahul Verma,Business,India,32,26-35,Female,1,rahul.verma5605@gmail.com,9662388160
5606,Tanya Mukherjee,Leisure,UAE,61,51-65,Male,0,tanya.mukherjee5606@gmail.com,9552009325
5607,Rohan Pillai,Family,India,52,51-65,Male,0,rohan.pillai5607@gmail.com,9800668247
5608,Gaurav Khanna,Family,India,72,65+,Female,0,gaurav.khanna5608@gmail.com,9881583563
5609,Anjali Kumar,Leisure,India,49,36-50,Male,0,anjali.kumar5609@gmail.com,9818029650
5610,Suresh Rao,Leisure,India,19,18-25,Female,1,suresh.rao5610@gmail.com,9256196790
5611,Akash Shah,Business,India,56,51-65,Female,0,akash.shah5611@gmail.com,9489402718
5612,Muskan Shah,Couple,India,64,51-65,Male,0,muskan.shah5612@gmail.com,9697099965
5613,Meera Bose,Couple,India,20,18-25,Male,0,meera.bose5613@gmail.com,9758857798
5614,Ayush Iyer,Business,UK,61,51-65,Male,0,ayush.iyer5614@gmail.com,9186224320
5615,Tanya Sharma,Leisure,India,28,26-35,Male,0,tanya.sharma5615@gmail.com,9501720022
5616,Simran Pandey,Couple,UK,44,36-50,Female,0,simran.pandey5616@gmail.com,9936850122
5617,Pooja Pillai,Family,UAE,64,51-65,Male,1,pooja.pillai5617@gmail.com,9112544885
5618,Kritika Rao,Business,India,65,51-65,Female,0,kritika.rao5618@gmail.com,9924003591
5619,Amit Kapoor,Leisure,India,47,36-50,Male,0,amit.kapoor5619@gmail.com,9630656408
5620,Nikhil Nair,Business,India,37,36-50,Female,1,nikhil.nair5620@gmail.com,9700773464
5621,Simran Chopra,Business,France,57,51-65,Male,0,simran.chopra5621@gmail.com,9101041182
5622,Aditya Reddy,Family,India,29,26-35,Female,1,aditya.reddy5622@gmail.com,9604339497
5623,Gaurav Joshi,Couple,India,24,18-25,Female,0,gaurav.joshi5623@gmail.com,9915369999
5624,Kritika Mehta,Couple,UK,46,36-50,Female,1,kritika.mehta5624@gmail.com,9826562836
5625,Nikhil Mehta,Business,India,56,51-65,Female,0,nikhil.mehta5625@gmail.com,9740459562
5626,Vishal Sharma,Couple,India,53,51-65,Female,0,vishal.sharma5626@gmail.com,9898970116
5627,Vishal Rao,Leisure,India,45,36-50,Female,1,vishal.rao5627@gmail.com,9604583657
5628,Sneha Reddy,Leisure,India,31,26-35,Male,1,sneha.reddy5628@gmail.com,9892776694
5629,Pooja Sharma,Leisure,India,27,26-35,Female,0,pooja.sharma5629@gmail.com,9508203800
5630,Gaurav Mehta,Business,UAE,65,51-65,Male,0,gaurav.mehta5630@gmail.com,9519319325
5631,Pallavi Shah,Couple,France,63,51-65,Male,1,pallavi.shah5631@gmail.com,9883524281
5632,Meera Khanna,Leisure,India,46,36-50,Female,0,meera.khanna5632@gmail.com,9742515850
5633,Vikram Rao,Business,USA,43,36-50,Male,0,vikram.rao5633@gmail.com,9723049761
5634,Neha Patel,Business,India,18,18-25,Female,0,neha.patel5634@gmail.com,9562558731
5635,Kritika Das,Business,Malaysia,19,18-25,Female,1,kritika.das5635@gmail.com,9900887616
5636,Anjali Rao,Business,India,37,36-50,Female,0,anjali.rao5636@gmail.com,9698740436
5637,Rohan Bose,Leisure,Singapore,30,26-35,Female,0,rohan.bose5637@gmail.com,9759317972
5638,Tanya Bose,Couple,India,23,18-25,Female,0,tanya.bose5638@gmail.com,9953581180
5639,Sneha Trivedi,Business,India,60,51-65,Male,0,sneha.trivedi5639@gmail.com,9632198890
5640,Arjun Dixit,Business,India,36,36-50,Female,0,arjun.dixit5640@gmail.com,9700465575
5641,Arjun Sharma,Leisure,India,40,36-50,Female,0,arjun.sharma5641@gmail.com,9868554797
5642,Ritu Rao,Couple,India,54,51-65,Female,1,ritu.rao5642@gmail.com,9630168143
5643,Meera Banerjee,Leisure,India,52,51-65,Female,0,meera.banerjee5643@gmail.com,9161159674
5644,Sanjay Gupta,Leisure,India,54,51-65,Male,0,sanjay.gupta5644@gmail.com,9517675987
5645,Shruti Chopra,Leisure,India,53,51-65,Male,0,shruti.chopra5645@gmail.com,9957756079
5646,Nisha Das,Leisure,India,46,36-50,Male,0,nisha.das5646@gmail.com,9909227228
5647,Tanvi Reddy,Business,India,46,36-50,Female,1,tanvi.reddy5647@gmail.com,9383492515
5648,Manish Patel,Couple,India,70,65+,Female,0,manish.patel5648@gmail.com,9764613594
5649,Meera Reddy,Couple,India,43,36-50,Male,0,meera.reddy5649@gmail.com,9162017009
5650,Anjali Mehta,Leisure,India,50,36-50,Female,0,anjali.mehta5650@gmail.com,9961371887
5651,Ayush Bose,Couple,India,34,26-35,Male,0,ayush.bose5651@gmail.com,9349316808
5652,Manish Verma,Couple,India,43,36-50,Female,1,manish.verma5652@gmail.com,9220364288
5653,Divya Pandey,Business,India,61,51-65,Female,0,divya.pandey5653@gmail.com,9983200484
5654,Kavya Reddy,Leisure,India,22,18-25,Male,0,kavya.reddy5654@gmail.com,9148325759
5655,Meera Malhotra,Business,India,44,36-50,Female,0,meera.malhotra5655@gmail.com,9100742783
5656,Nisha Saxena,Business,India,31,26-35,Female,0,nisha.saxena5656@gmail.com,9573838084
5657,Ritu Iyer,Couple,India,65,51-65,Male,0,ritu.iyer5657@gmail.com,9187959400
5658,Shruti Singh,Family,India,29,26-35,Male,0,shruti.singh5658@gmail.com,9147544994
5659,Kavya Das,Family,India,70,65+,Female,0,kavya.das5659@gmail.com,9477042116
5660,Ananya Trivedi,Couple,India,63,51-65,Male,0,ananya.trivedi5660@gmail.com,9785939036
5661,Amit Patel,Business,India,25,18-25,Female,0,amit.patel5661@gmail.com,9337952893
5662,Meera Shah,Business,India,26,26-35,Female,0,meera.shah5662@gmail.com,9810288441
5663,Kritika Sharma,Couple,India,70,65+,Male,0,kritika.sharma5663@gmail.com,9438930285
5664,Rahul Mukherjee,Leisure,India,28,26-35,Female,0,rahul.mukherjee5664@gmail.com,9617458020
5665,Karan Trivedi,Couple,India,18,18-25,Male,0,karan.trivedi5665@gmail.com,9133464894
5666,Vikram Joshi,Couple,India,69,65+,Female,0,vikram.joshi5666@gmail.com,9201658540
5667,Tanvi Singh,Couple,India,53,51-65,Male,0,tanvi.singh5667@gmail.com,9802308332
5668,Pooja Agarwal,Couple,India,56,51-65,Male,1,pooja.agarwal5668@gmail.com,9530755030
5669,Tanya Patel,Business,India,39,36-50,Male,0,tanya.patel5669@gmail.com,9821385879
5670,Simran Mehta,Couple,India,44,36-50,Female,1,simran.mehta5670@gmail.com,9565037034
5671,Harsh Singh,Family,India,18,18-25,Male,0,harsh.singh5671@gmail.com,9755325784
5672,Anjali Agarwal,Leisure,India,63,51-65,Male,0,anjali.agarwal5672@gmail.com,9699684411
5673,Tanya Sharma,Couple,India,62,51-65,Male,0,tanya.sharma5673@gmail.com,9189903713
5674,Anjali Saxena,Leisure,India,31,26-35,Male,1,anjali.saxena5674@gmail.com,9309071783
5675,Ritu Saxena,Family,India,28,26-35,Male,1,ritu.saxena5675@gmail.com,9928573268
5676,Deepak Patel,Business,USA,21,18-25,Male,0,deepak.patel5676@gmail.com,9826088358
5677,Vikram Dixit,Leisure,India,49,36-50,Female,0,vikram.dixit5677@gmail.com,9474474509
5678,Gaurav Gupta,Business,Canada,46,36-50,Female,0,gaurav.gupta5678@gmail.com,9517320341
5679,Kritika Kumar,Couple,India,62,51-65,Male,0,kritika.kumar5679@gmail.com,9947175016
5680,Rohit Das,Business,India,59,51-65,Male,0,rohit.das5680@gmail.com,9516965836
5681,Simran Pandey,Business,India,22,18-25,Female,0,simran.pandey5681@gmail.com,9823459569
5682,Pooja Joshi,Leisure,India,25,18-25,Female,1,pooja.joshi5682@gmail.com,9790652358
5683,Vikram Mishra,Family,India,25,18-25,Male,0,vikram.mishra5683@gmail.com,9862845891
5684,Aditya Desai,Business,UK,57,51-65,Male,1,aditya.desai5684@gmail.com,9295538742
5685,Sanjay Chopra,Business,India,65,51-65,Female,0,sanjay.chopra5685@gmail.com,9245661713
5686,Sneha Rao,Couple,India,32,26-35,Male,0,sneha.rao5686@gmail.com,9976167010
5687,Swati Agarwal,Leisure,India,53,51-65,Male,0,swati.agarwal5687@gmail.com,9725644031
5688,Gaurav Bose,Family,India,54,51-65,Female,0,gaurav.bose5688@gmail.com,9151971549
5689,Vishal Chopra,Business,India,40,36-50,Male,1,vishal.chopra5689@gmail.com,9251378010
5690,Sneha Pandey,Couple,India,68,65+,Female,1,sneha.pandey5690@gmail.com,9231478769
5691,Kritika Trivedi,Business,India,67,65+,Male,0,kritika.trivedi5691@gmail.com,9697856723
5692,Rahul Verma,Business,India,65,51-65,Female,0,rahul.verma5692@gmail.com,9681018176
5693,Vikram Banerjee,Couple,India,49,36-50,Male,1,vikram.banerjee5693@gmail.com,9963763388
5694,Ananya Pandey,Leisure,India,35,26-35,Female,0,ananya.pandey5694@gmail.com,9383051320
5695,Ritu Saxena,Couple,India,19,18-25,Female,1,ritu.saxena5695@gmail.com,9830256660
5696,Swati Pandey,Leisure,India,20,18-25,Female,0,swati.pandey5696@gmail.com,9843363083
5697,Pallavi Verma,Leisure,India,43,36-50,Female,0,pallavi.verma5697@gmail.com,9336694122
5698,Muskan Bose,Leisure,India,71,65+,Female,0,muskan.bose5698@gmail.com,9143617098
5699,Harsh Verma,Family,India,56,51-65,Female,1,harsh.verma5699@gmail.com,9253625798
5700,Muskan Pillai,Leisure,India,36,36-50,Female,0,muskan.pillai5700@gmail.com,9798514635
5701,Akash Dixit,Leisure,India,29,26-35,Female,0,akash.dixit5701@gmail.com,9824220527
5702,Tanvi Khanna,Leisure,India,43,36-50,Female,0,tanvi.khanna5702@gmail.com,9744857360
5703,Manish Shah,Leisure,India,24,18-25,Female,0,manish.shah5703@gmail.com,9406758462
5704,Harsh Gupta,Leisure,India,58,51-65,Female,1,harsh.gupta5704@gmail.com,9415135833
5705,Gaurav Kulkarni,Family,India,38,36-50,Male,1,gaurav.kulkarni5705@gmail.com,9940007514
5706,Gaurav Gupta,Leisure,India,69,65+,Female,0,gaurav.gupta5706@gmail.com,9191055832
5707,Neha Mukherjee,Family,India,42,36-50,Male,0,neha.mukherjee5707@gmail.com,9679974432
5708,Kritika Rao,Business,India,67,65+,Male,0,kritika.rao5708@gmail.com,9660593509
5709,Rohit Verma,Couple,India,53,51-65,Female,0,rohit.verma5709@gmail.com,9149362922
5710,Neha Kapoor,Family,India,42,36-50,Male,0,neha.kapoor5710@gmail.com,9901023771
5711,Harsh Pandey,Business,UAE,36,36-50,Male,1,harsh.pandey5711@gmail.com,9490759257
5712,Harsh Gupta,Family,India,23,18-25,Male,0,harsh.gupta5712@gmail.com,9393686012
5713,Divya Shah,Leisure,India,27,26-35,Female,0,divya.shah5713@gmail.com,9519058159
5714,Amit Sharma,Family,India,38,36-50,Female,0,amit.sharma5714@gmail.com,9167129105
5715,Akash Joshi,Couple,India,41,36-50,Male,0,akash.joshi5715@gmail.com,9261274696
5716,Rahul Bose,Leisure,India,64,51-65,Male,0,rahul.bose5716@gmail.com,9924142012
5717,Pooja Shah,Business,France,25,18-25,Female,0,pooja.shah5717@gmail.com,9544216553
5718,Priya Malhotra,Leisure,India,71,65+,Male,0,priya.malhotra5718@gmail.com,9260431688
5719,Kavya Gupta,Business,India,64,51-65,Male,1,kavya.gupta5719@gmail.com,9191480006
5720,Anjali Dixit,Business,India,35,26-35,Female,0,anjali.dixit5720@gmail.com,9342902722
5721,Arjun Trivedi,Business,India,62,51-65,Male,0,arjun.trivedi5721@gmail.com,9133252558
5722,Tanvi Dixit,Leisure,India,50,36-50,Male,1,tanvi.dixit5722@gmail.com,9959378614
5723,Karan Pillai,Couple,India,47,36-50,Female,0,karan.pillai5723@gmail.com,9684106449
5724,Anjali Banerjee,Business,India,20,18-25,Male,1,anjali.banerjee5724@gmail.com,9223219662
5725,Shruti Dixit,Business,India,27,26-35,Male,1,shruti.dixit5725@gmail.com,9628373548
5726,Muskan Saxena,Couple,UAE,65,51-65,Male,0,muskan.saxena5726@gmail.com,9801307593
5727,Rahul Patel,Business,UAE,54,51-65,Female,1,rahul.patel5727@gmail.com,9433646237
5728,Suresh Rao,Business,India,47,36-50,Female,0,suresh.rao5728@gmail.com,9829374234
5729,Swati Chopra,Business,India,48,36-50,Female,0,swati.chopra5729@gmail.com,9933547800
5730,Manish Desai,Family,India,44,36-50,Male,0,manish.desai5730@gmail.com,9422667659
5731,Shreyash Reddy,Couple,India,27,26-35,Male,0,shreyash.reddy5731@gmail.com,9630418157
5732,Anjali Malhotra,Leisure,India,36,36-50,Male,1,anjali.malhotra5732@gmail.com,9445669456
5733,Karan Malhotra,Couple,India,22,18-25,Female,0,karan.malhotra5733@gmail.com,9829675572
5734,Ananya Mukherjee,Leisure,India,53,51-65,Male,0,ananya.mukherjee5734@gmail.com,9367928645
5735,Deepak Malhotra,Couple,India,32,26-35,Male,0,deepak.malhotra5735@gmail.com,9606513088
5736,Suresh Sharma,Couple,India,46,36-50,Female,0,suresh.sharma5736@gmail.com,9507690001
5737,Gaurav Banerjee,Couple,India,52,51-65,Male,0,gaurav.banerjee5737@gmail.com,9631656723
5738,Nisha Malhotra,Leisure,Germany,62,51-65,Female,1,nisha.malhotra5738@gmail.com,9814174122
5739,Rohit Patel,Business,India,48,36-50,Female,1,rohit.patel5739@gmail.com,9834454829
5740,Meera Banerjee,Leisure,India,53,51-65,Female,0,meera.banerjee5740@gmail.com,9210297928
5741,Tanya Mukherjee,Family,Germany,26,26-35,Female,1,tanya.mukherjee5741@gmail.com,9805090819
5742,Amit Nair,Leisure,India,63,51-65,Male,1,amit.nair5742@gmail.com,9382746354
5743,Aditya Sharma,Couple,India,70,65+,Male,1,aditya.sharma5743@gmail.com,9516278665
5744,Pooja Verma,Family,India,40,36-50,Male,0,pooja.verma5744@gmail.com,9741563270
5745,Gaurav Dixit,Business,India,40,36-50,Female,0,gaurav.dixit5745@gmail.com,9319839714
5746,Meera Singh,Couple,India,68,65+,Female,1,meera.singh5746@gmail.com,9231513918
5747,Tanya Mehta,Couple,India,70,65+,Male,0,tanya.mehta5747@gmail.com,9943414540
5748,Simran Dixit,Family,India,28,26-35,Female,0,simran.dixit5748@gmail.com,9601870342
5749,Priya Singh,Family,India,66,65+,Male,0,priya.singh5749@gmail.com,9950213945
5750,Nisha Mehta,Couple,India,37,36-50,Female,0,nisha.mehta5750@gmail.com,9863902162
5751,Tanvi Banerjee,Business,India,70,65+,Female,0,tanvi.banerjee5751@gmail.com,9887763282
5752,Ishaan Reddy,Couple,India,23,18-25,Female,0,ishaan.reddy5752@gmail.com,9157646346
5753,Rohit Kumar,Business,India,54,51-65,Male,0,rohit.kumar5753@gmail.com,9373940504
5754,Meera Iyer,Couple,India,32,26-35,Male,0,meera.iyer5754@gmail.com,9409738040
5755,Simran Desai,Family,India,31,26-35,Male,1,simran.desai5755@gmail.com,9279721969
5756,Divya Mehta,Leisure,India,38,36-50,Female,0,divya.mehta5756@gmail.com,9571342498
5757,Rahul Khanna,Couple,India,31,26-35,Male,0,rahul.khanna5757@gmail.com,9885802741
5758,Ishaan Shah,Leisure,India,53,51-65,Female,0,ishaan.shah5758@gmail.com,9606375188
5759,Harsh Verma,Leisure,India,47,36-50,Male,1,harsh.verma5759@gmail.com,9513386234
5760,Nikhil Desai,Leisure,India,43,36-50,Male,1,nikhil.desai5760@gmail.com,9582411558
5761,Gaurav Banerjee,Couple,India,28,26-35,Male,1,gaurav.banerjee5761@gmail.com,9294331587
5762,Tanvi Gupta,Family,India,55,51-65,Male,0,tanvi.gupta5762@gmail.com,9640570280
5763,Nikhil Desai,Family,India,28,26-35,Female,0,nikhil.desai5763@gmail.com,9380879187
5764,Akash Gupta,Business,India,34,26-35,Male,0,akash.gupta5764@gmail.com,9312129897
5765,Rahul Dixit,Family,India,64,51-65,Female,0,rahul.dixit5765@gmail.com,9562663187
5766,Rohan Joshi,Couple,India,66,65+,Male,0,rohan.joshi5766@gmail.com,9530448795
5767,Kritika Patel,Leisure,India,52,51-65,Female,0,kritika.patel5767@gmail.com,9201469389
5768,Divya Shah,Business,India,59,51-65,Female,1,divya.shah5768@gmail.com,9465127753
5769,Ishaan Trivedi,Leisure,Malaysia,35,26-35,Male,1,ishaan.trivedi5769@gmail.com,9659263525
5770,Nisha Desai,Family,India,40,36-50,Male,1,nisha.desai5770@gmail.com,9380663530
5771,Divya Kumar,Couple,India,42,36-50,Male,0,divya.kumar5771@gmail.com,9832516703
5772,Pooja Nair,Couple,Germany,19,18-25,Female,0,pooja.nair5772@gmail.com,9879362507
5773,Aditya Trivedi,Leisure,India,34,26-35,Male,1,aditya.trivedi5773@gmail.com,9541060622
5774,Swati Saxena,Couple,India,41,36-50,Female,0,swati.saxena5774@gmail.com,9377035030
5775,Suresh Singh,Business,India,33,26-35,Female,0,suresh.singh5775@gmail.com,9311885296
5776,Arjun Shah,Leisure,India,30,26-35,Female,0,arjun.shah5776@gmail.com,9633160850
5777,Divya Nair,Couple,India,47,36-50,Female,0,divya.nair5777@gmail.com,9611359818
5778,Harsh Chopra,Business,India,31,26-35,Female,0,harsh.chopra5778@gmail.com,9556496324
5779,Vikram Shah,Couple,India,23,18-25,Female,1,vikram.shah5779@gmail.com,9739537062
5780,Vikram Saxena,Business,India,32,26-35,Male,0,vikram.saxena5780@gmail.com,9800463241
5781,Tanvi Trivedi,Couple,India,29,26-35,Female,0,tanvi.trivedi5781@gmail.com,9239884188
5782,Karan Shah,Leisure,India,56,51-65,Male,0,karan.shah5782@gmail.com,9626142629
5783,Kritika Kumar,Leisure,India,19,18-25,Male,1,kritika.kumar5783@gmail.com,9188044197
5784,Aditya Agarwal,Business,India,39,36-50,Female,0,aditya.agarwal5784@gmail.com,9100239019
5785,Nisha Khanna,Business,India,65,51-65,Male,0,nisha.khanna5785@gmail.com,9369631872
5786,Harsh Agarwal,Family,India,66,65+,Male,1,harsh.agarwal5786@gmail.com,9728166974
5787,Ayush Sharma,Leisure,India,18,18-25,Female,1,ayush.sharma5787@gmail.com,9512825183
5788,Deepak Pandey,Couple,India,63,51-65,Male,0,deepak.pandey5788@gmail.com,9775212408
5789,Ayush Saxena,Family,India,39,36-50,Female,1,ayush.saxena5789@gmail.com,9810259333
5790,Priya Kapoor,Business,India,57,51-65,Female,0,priya.kapoor5790@gmail.com,9348213073
5791,Gaurav Iyer,Leisure,India,20,18-25,Female,1,gaurav.iyer5791@gmail.com,9960028003
5792,Divya Mukherjee,Couple,India,47,36-50,Male,0,divya.mukherjee5792@gmail.com,9340218578
5793,Divya Patel,Family,India,50,36-50,Female,0,divya.patel5793@gmail.com,9571191956
5794,Suresh Kulkarni,Family,India,41,36-50,Female,1,suresh.kulkarni5794@gmail.com,9908443280
5795,Tanya Chopra,Leisure,UAE,46,36-50,Male,1,tanya.chopra5795@gmail.com,9624944510
5796,Pallavi Sharma,Couple,India,25,18-25,Female,0,pallavi.sharma5796@gmail.com,9764191446
5797,Arjun Pandey,Business,India,61,51-65,Female,1,arjun.pandey5797@gmail.com,9967985480
5798,Divya Das,Family,India,18,18-25,Female,0,divya.das5798@gmail.com,9536262277
5799,Shreyash Mishra,Family,Singapore,52,51-65,Female,0,shreyash.mishra5799@gmail.com,9137509445
5800,Ishaan Malhotra,Business,UK,56,51-65,Female,1,ishaan.malhotra5800@gmail.com,9472340272
5801,Shreyash Kapoor,Leisure,India,71,65+,Female,0,shreyash.kapoor5801@gmail.com,9848248891
5802,Karan Desai,Business,India,35,26-35,Female,0,karan.desai5802@gmail.com,9154825634
5803,Suresh Kapoor,Leisure,India,27,26-35,Female,0,suresh.kapoor5803@gmail.com,9629134219
5804,Shruti Kulkarni,Couple,India,56,51-65,Female,0,shruti.kulkarni5804@gmail.com,9957378743
5805,Deepak Das,Leisure,India,51,51-65,Female,0,deepak.das5805@gmail.com,9515802220
5806,Gaurav Agarwal,Business,India,70,65+,Female,0,gaurav.agarwal5806@gmail.com,9899488361
5807,Pooja Chopra,Leisure,India,71,65+,Male,1,pooja.chopra5807@gmail.com,9576046044
5808,Deepak Desai,Family,India,59,51-65,Male,0,deepak.desai5808@gmail.com,9239273378
5809,Deepak Sharma,Couple,India,33,26-35,Female,0,deepak.sharma5809@gmail.com,9744798912
5810,Rahul Mishra,Leisure,France,35,26-35,Female,0,rahul.mishra5810@gmail.com,9343729373
5811,Muskan Verma,Business,India,19,18-25,Male,0,muskan.verma5811@gmail.com,9974822125
5812,Manish Verma,Family,India,20,18-25,Female,0,manish.verma5812@gmail.com,9502221001
5813,Aditya Mishra,Couple,India,30,26-35,Female,0,aditya.mishra5813@gmail.com,9723141657
5814,Karan Joshi,Leisure,France,56,51-65,Male,1,karan.joshi5814@gmail.com,9745142332
5815,Gaurav Khanna,Business,Nepal,51,51-65,Male,0,gaurav.khanna5815@gmail.com,9397100352
5816,Priya Nair,Business,India,47,36-50,Male,1,priya.nair5816@gmail.com,9962140850
5817,Ritu Singh,Business,India,18,18-25,Female,1,ritu.singh5817@gmail.com,9970587580
5818,Deepak Pandey,Leisure,India,38,36-50,Male,1,deepak.pandey5818@gmail.com,9892522970
5819,Anjali Rao,Family,India,51,51-65,Male,0,anjali.rao5819@gmail.com,9585283667
5820,Simran Rao,Leisure,India,30,26-35,Female,0,simran.rao5820@gmail.com,9601737118
5821,Ritu Bose,Couple,India,35,26-35,Female,0,ritu.bose5821@gmail.com,9900546456
5822,Amit Mehta,Leisure,India,72,65+,Male,0,amit.mehta5822@gmail.com,9311061149
5823,Rohan Agarwal,Couple,India,34,26-35,Male,0,rohan.agarwal5823@gmail.com,9257449852
5824,Sneha Banerjee,Couple,India,36,36-50,Male,1,sneha.banerjee5824@gmail.com,9195335320
5825,Priya Joshi,Business,India,49,36-50,Female,1,priya.joshi5825@gmail.com,9963496757
5826,Tanvi Kumar,Leisure,UAE,56,51-65,Female,1,tanvi.kumar5826@gmail.com,9421080691
5827,Ishaan Verma,Couple,India,47,36-50,Female,0,ishaan.verma5827@gmail.com,9603942109
5828,Karan Reddy,Business,India,33,26-35,Male,0,karan.reddy5828@gmail.com,9383023047
5829,Deepak Shah,Leisure,India,46,36-50,Female,1,deepak.shah5829@gmail.com,9607942616
5830,Ishaan Saxena,Leisure,India,72,65+,Female,1,ishaan.saxena5830@gmail.com,9968186767
5831,Manish Pillai,Family,India,61,51-65,Male,0,manish.pillai5831@gmail.com,9299425517
5832,Pallavi Sharma,Leisure,France,43,36-50,Female,0,pallavi.sharma5832@gmail.com,9911982153
5833,Riya Patel,Couple,India,23,18-25,Male,0,riya.patel5833@gmail.com,9743938244
5834,Divya Mehta,Leisure,France,43,36-50,Male,0,divya.mehta5834@gmail.com,9712017106
5835,Neha Gupta,Couple,India,49,36-50,Female,1,neha.gupta5835@gmail.com,9742335621
5836,Simran Reddy,Leisure,India,61,51-65,Male,0,simran.reddy5836@gmail.com,9322373442
5837,Kavya Nair,Family,India,50,36-50,Female,1,kavya.nair5837@gmail.com,9844557901
5838,Shreyash Mukherjee,Leisure,India,49,36-50,Male,0,shreyash.mukherjee5838@gmail.com,9774276044
5839,Kritika Desai,Couple,India,41,36-50,Male,0,kritika.desai5839@gmail.com,9979040076
5840,Shruti Verma,Couple,India,49,36-50,Male,0,shruti.verma5840@gmail.com,9666624616
5841,Meera Mukherjee,Leisure,India,61,51-65,Female,0,meera.mukherjee5841@gmail.com,9884637994
5842,Ritu Reddy,Business,India,69,65+,Male,1,ritu.reddy5842@gmail.com,9655709301
5843,Manish Iyer,Business,India,45,36-50,Female,0,manish.iyer5843@gmail.com,9840989144
5844,Rahul Desai,Business,India,34,26-35,Male,0,rahul.desai5844@gmail.com,9651981407
5845,Sneha Agarwal,Family,India,30,26-35,Male,0,sneha.agarwal5845@gmail.com,9694939969
5846,Shreyash Mehta,Business,India,68,65+,Female,0,shreyash.mehta5846@gmail.com,9375230991
5847,Kavya Das,Business,India,45,36-50,Female,0,kavya.das5847@gmail.com,9449633985
5848,Muskan Reddy,Couple,India,34,26-35,Female,0,muskan.reddy5848@gmail.com,9691444797
5849,Ananya Pillai,Leisure,India,38,36-50,Male,1,ananya.pillai5849@gmail.com,9299920368
5850,Amit Iyer,Leisure,India,41,36-50,Female,1,amit.iyer5850@gmail.com,9865841995
5851,Swati Gupta,Business,India,57,51-65,Male,1,swati.gupta5851@gmail.com,9488268310
5852,Suresh Shah,Family,India,20,18-25,Male,0,suresh.shah5852@gmail.com,9742222826
5853,Muskan Kapoor,Family,India,30,26-35,Male,1,muskan.kapoor5853@gmail.com,9744671587
5854,Suresh Dixit,Family,India,40,36-50,Female,0,suresh.dixit5854@gmail.com,9103454272
5855,Kavya Sharma,Leisure,India,56,51-65,Male,0,kavya.sharma5855@gmail.com,9395470670
5856,Sneha Trivedi,Couple,India,61,51-65,Female,1,sneha.trivedi5856@gmail.com,9275398305
5857,Priya Kumar,Business,India,58,51-65,Female,1,priya.kumar5857@gmail.com,9699605554
5858,Sanjay Sharma,Business,India,36,36-50,Male,1,sanjay.sharma5858@gmail.com,9813288029
5859,Tanvi Gupta,Business,Australia,20,18-25,Female,0,tanvi.gupta5859@gmail.com,9235629885
5860,Sneha Khanna,Leisure,India,25,18-25,Male,0,sneha.khanna5860@gmail.com,9160039064
5861,Manish Khanna,Leisure,India,36,36-50,Female,1,manish.khanna5861@gmail.com,9654271220
5862,Manish Iyer,Leisure,India,56,51-65,Female,0,manish.iyer5862@gmail.com,9730192805
5863,Ishaan Das,Business,India,35,26-35,Female,0,ishaan.das5863@gmail.com,9451561699
5864,Kavya Reddy,Leisure,India,41,36-50,Male,0,kavya.reddy5864@gmail.com,9621859484
5865,Anjali Desai,Couple,UK,30,26-35,Male,0,anjali.desai5865@gmail.com,9394729041
5866,Rohit Saxena,Leisure,India,24,18-25,Female,1,rohit.saxena5866@gmail.com,9489055850
5867,Tanya Bose,Couple,India,61,51-65,Female,0,tanya.bose5867@gmail.com,9941214959
5868,Ishaan Pillai,Business,France,23,18-25,Female,0,ishaan.pillai5868@gmail.com,9735385258
5869,Amit Mehta,Couple,India,50,36-50,Male,0,amit.mehta5869@gmail.com,9881609770
5870,Muskan Malhotra,Leisure,India,34,26-35,Female,0,muskan.malhotra5870@gmail.com,9824998130
5871,Swati Sharma,Business,Germany,66,65+,Female,0,swati.sharma5871@gmail.com,9402499831
5872,Simran Das,Business,India,63,51-65,Female,0,simran.das5872@gmail.com,9648060393
5873,Rohan Gupta,Couple,India,34,26-35,Female,0,rohan.gupta5873@gmail.com,9411901409
5874,Amit Mehta,Couple,India,19,18-25,Female,0,amit.mehta5874@gmail.com,9543426711
5875,Ayush Dixit,Leisure,India,40,36-50,Female,0,ayush.dixit5875@gmail.com,9958911153
5876,Meera Chopra,Leisure,India,50,36-50,Male,0,meera.chopra5876@gmail.com,9645234938
5877,Rohit Pillai,Family,India,46,36-50,Female,0,rohit.pillai5877@gmail.com,9422149477
5878,Akash Mukherjee,Couple,India,58,51-65,Female,0,akash.mukherjee5878@gmail.com,9391530995
5879,Tanya Saxena,Leisure,India,41,36-50,Female,0,tanya.saxena5879@gmail.com,9226134563
5880,Rohit Shah,Leisure,India,46,36-50,Male,0,rohit.shah5880@gmail.com,9890983504
5881,Simran Trivedi,Business,India,48,36-50,Female,0,simran.trivedi5881@gmail.com,9118282463
5882,Harsh Patel,Couple,Germany,36,36-50,Female,0,harsh.patel5882@gmail.com,9744079110
5883,Vishal Mishra,Leisure,India,54,51-65,Female,0,vishal.mishra5883@gmail.com,9384704380
5884,Arjun Rao,Family,India,26,26-35,Male,0,arjun.rao5884@gmail.com,9466059135
5885,Nikhil Pillai,Leisure,India,25,18-25,Male,0,nikhil.pillai5885@gmail.com,9729345173
5886,Aditya Malhotra,Leisure,India,28,26-35,Female,0,aditya.malhotra5886@gmail.com,9382938907
5887,Muskan Das,Leisure,India,42,36-50,Female,1,muskan.das5887@gmail.com,9266284636
5888,Anjali Nair,Family,India,61,51-65,Female,0,anjali.nair5888@gmail.com,9311896936
5889,Vikram Khanna,Couple,India,25,18-25,Male,1,vikram.khanna5889@gmail.com,9633044518
5890,Sneha Patel,Leisure,India,36,36-50,Female,0,sneha.patel5890@gmail.com,9358406313
5891,Vishal Chopra,Couple,India,57,51-65,Female,0,vishal.chopra5891@gmail.com,9490337931
5892,Shruti Trivedi,Leisure,India,25,18-25,Female,0,shruti.trivedi5892@gmail.com,9812494165
5893,Meera Shah,Leisure,India,68,65+,Female,0,meera.shah5893@gmail.com,9920649969
5894,Nikhil Rao,Business,India,21,18-25,Female,0,nikhil.rao5894@gmail.com,9423757004
5895,Simran Singh,Leisure,India,50,36-50,Female,0,simran.singh5895@gmail.com,9154562310
5896,Vishal Shah,Business,India,48,36-50,Male,0,vishal.shah5896@gmail.com,9453936413
5897,Riya Mishra,Family,India,67,65+,Male,1,riya.mishra5897@gmail.com,9871158463
5898,Simran Iyer,Leisure,India,32,26-35,Male,0,simran.iyer5898@gmail.com,9512011420
5899,Amit Mukherjee,Family,India,61,51-65,Male,0,amit.mukherjee5899@gmail.com,9817506128
5900,Nikhil Patel,Leisure,India,54,51-65,Female,0,nikhil.patel5900@gmail.com,9126246318
5901,Pooja Patel,Couple,India,41,36-50,Male,0,pooja.patel5901@gmail.com,9199680428
5902,Arjun Chopra,Leisure,India,29,26-35,Male,1,arjun.chopra5902@gmail.com,9406054504
5903,Sneha Patel,Business,India,63,51-65,Male,0,sneha.patel5903@gmail.com,9887662344
5904,Kavya Banerjee,Leisure,India,54,51-65,Female,1,kavya.banerjee5904@gmail.com,9730754081
5905,Amit Joshi,Business,India,60,51-65,Male,0,amit.joshi5905@gmail.com,9783202070
5906,Akash Reddy,Couple,India,59,51-65,Male,0,akash.reddy5906@gmail.com,9760284926
5907,Meera Reddy,Leisure,India,36,36-50,Female,0,meera.reddy5907@gmail.com,9908195329
5908,Nikhil Mukherjee,Couple,India,45,36-50,Female,1,nikhil.mukherjee5908@gmail.com,9393098360
5909,Rohit Das,Business,India,52,51-65,Male,0,rohit.das5909@gmail.com,9850931541
5910,Pooja Joshi,Business,India,29,26-35,Female,0,pooja.joshi5910@gmail.com,9616184902
5911,Ritu Gupta,Leisure,Malaysia,70,65+,Female,0,ritu.gupta5911@gmail.com,9132197304
5912,Deepak Iyer,Family,India,53,51-65,Male,0,deepak.iyer5912@gmail.com,9921395107
5913,Suresh Mukherjee,Couple,India,56,51-65,Female,0,suresh.mukherjee5913@gmail.com,9574962498
5914,Ayush Trivedi,Leisure,India,38,36-50,Male,0,ayush.trivedi5914@gmail.com,9690199514
5915,Riya Iyer,Leisure,India,35,26-35,Male,0,riya.iyer5915@gmail.com,9665297712
5916,Akash Pillai,Business,India,37,36-50,Female,0,akash.pillai5916@gmail.com,9754832124
5917,Meera Trivedi,Family,India,57,51-65,Female,1,meera.trivedi5917@gmail.com,9970132086
5918,Sanjay Malhotra,Couple,India,43,36-50,Female,0,sanjay.malhotra5918@gmail.com,9310436437
5919,Muskan Verma,Leisure,India,27,26-35,Female,0,muskan.verma5919@gmail.com,9726352257
5920,Rahul Desai,Leisure,India,54,51-65,Female,1,rahul.desai5920@gmail.com,9732594903
5921,Gaurav Kapoor,Business,India,60,51-65,Male,0,gaurav.kapoor5921@gmail.com,9230712174
5922,Tanvi Joshi,Family,India,54,51-65,Male,1,tanvi.joshi5922@gmail.com,9929047835
5923,Rohit Verma,Business,India,53,51-65,Female,1,rohit.verma5923@gmail.com,9156320466
5924,Aditya Iyer,Couple,India,32,26-35,Female,0,aditya.iyer5924@gmail.com,9930580016
5925,Ritu Patel,Business,India,61,51-65,Male,1,ritu.patel5925@gmail.com,9544178785
5926,Harsh Dixit,Couple,India,63,51-65,Female,0,harsh.dixit5926@gmail.com,9362645347
5927,Sneha Dixit,Couple,India,68,65+,Female,0,sneha.dixit5927@gmail.com,9513435872
5928,Sanjay Pillai,Couple,India,60,51-65,Female,0,sanjay.pillai5928@gmail.com,9815202893
5929,Tanya Pandey,Couple,India,50,36-50,Female,0,tanya.pandey5929@gmail.com,9102285964
5930,Sneha Kulkarni,Family,India,39,36-50,Male,0,sneha.kulkarni5930@gmail.com,9241481254
5931,Kritika Bose,Business,India,59,51-65,Female,1,kritika.bose5931@gmail.com,9374285474
5932,Ayush Verma,Leisure,India,44,36-50,Male,1,ayush.verma5932@gmail.com,9139106714
5933,Tanya Rao,Business,India,34,26-35,Female,0,tanya.rao5933@gmail.com,9369842479
5934,Deepak Joshi,Family,India,21,18-25,Female,1,deepak.joshi5934@gmail.com,9835510545
5935,Shreyash Rao,Leisure,India,34,26-35,Female,0,shreyash.rao5935@gmail.com,9495844223
5936,Rohit Patel,Couple,India,38,36-50,Male,0,rohit.patel5936@gmail.com,9199523272
5937,Rohan Reddy,Couple,India,60,51-65,Male,0,rohan.reddy5937@gmail.com,9538997106
5938,Tanya Bose,Business,India,33,26-35,Male,0,tanya.bose5938@gmail.com,9687691267
5939,Sanjay Patel,Business,India,23,18-25,Female,0,sanjay.patel5939@gmail.com,9299318337
5940,Divya Banerjee,Leisure,India,50,36-50,Female,0,divya.banerjee5940@gmail.com,9541046538
5941,Meera Joshi,Leisure,India,60,51-65,Male,0,meera.joshi5941@gmail.com,9238358840
5942,Meera Shah,Business,India,24,18-25,Male,0,meera.shah5942@gmail.com,9898847672
5943,Shreyash Agarwal,Business,India,65,51-65,Female,1,shreyash.agarwal5943@gmail.com,9490445159
5944,Anjali Gupta,Family,India,23,18-25,Female,0,anjali.gupta5944@gmail.com,9802564151
5945,Vishal Saxena,Family,India,41,36-50,Male,0,vishal.saxena5945@gmail.com,9242491462
5946,Riya Sharma,Leisure,Germany,29,26-35,Female,0,riya.sharma5946@gmail.com,9560865548
5947,Arjun Kumar,Leisure,India,31,26-35,Female,0,arjun.kumar5947@gmail.com,9640951336
5948,Karan Patel,Business,India,18,18-25,Female,0,karan.patel5948@gmail.com,9896729389
5949,Tanya Kumar,Couple,India,20,18-25,Female,1,tanya.kumar5949@gmail.com,9739239872
5950,Anjali Kulkarni,Couple,India,24,18-25,Female,0,anjali.kulkarni5950@gmail.com,9589384018
5951,Vishal Malhotra,Business,India,70,65+,Female,1,vishal.malhotra5951@gmail.com,9579974763
5952,Kavya Pandey,Business,India,20,18-25,Female,1,kavya.pandey5952@gmail.com,9754541339
5953,Rohit Iyer,Couple,India,33,26-35,Male,1,rohit.iyer5953@gmail.com,9556324251
5954,Nikhil Chopra,Couple,India,72,65+,Male,1,nikhil.chopra5954@gmail.com,9316086587
5955,Kritika Singh,Business,India,40,36-50,Female,0,kritika.singh5955@gmail.com,9549382367
5956,Anjali Verma,Couple,India,38,36-50,Female,0,anjali.verma5956@gmail.com,9552030699
5957,Pallavi Gupta,Leisure,India,61,51-65,Male,0,pallavi.gupta5957@gmail.com,9607954321
5958,Sneha Gupta,Leisure,India,64,51-65,Female,1,sneha.gupta5958@gmail.com,9108271710
5959,Manish Kulkarni,Couple,UAE,45,36-50,Female,1,manish.kulkarni5959@gmail.com,9721747308
5960,Rahul Malhotra,Couple,India,22,18-25,Male,0,rahul.malhotra5960@gmail.com,9189366559
5961,Ishaan Singh,Leisure,India,47,36-50,Male,0,ishaan.singh5961@gmail.com,9358694431
5962,Tanya Trivedi,Family,India,54,51-65,Male,0,tanya.trivedi5962@gmail.com,9348406355
5963,Priya Bose,Leisure,India,35,26-35,Female,0,priya.bose5963@gmail.com,9852545807
5964,Sanjay Singh,Couple,India,39,36-50,Female,0,sanjay.singh5964@gmail.com,9574981617
5965,Simran Khanna,Leisure,India,27,26-35,Male,0,simran.khanna5965@gmail.com,9343956433
5966,Amit Gupta,Family,India,29,26-35,Female,0,amit.gupta5966@gmail.com,9542666009
5967,Ishaan Trivedi,Family,India,58,51-65,Female,0,ishaan.trivedi5967@gmail.com,9715830727
5968,Priya Gupta,Business,France,20,18-25,Female,1,priya.gupta5968@gmail.com,9931951286
5969,Vikram Malhotra,Family,Germany,37,36-50,Male,0,vikram.malhotra5969@gmail.com,9205791765
5970,Sneha Agarwal,Couple,India,30,26-35,Female,0,sneha.agarwal5970@gmail.com,9491942313
5971,Kavya Mehta,Couple,India,30,26-35,Male,1,kavya.mehta5971@gmail.com,9617537043
5972,Tanya Banerjee,Business,India,30,26-35,Female,0,tanya.banerjee5972@gmail.com,9156838737
5973,Rahul Saxena,Couple,India,36,36-50,Male,0,rahul.saxena5973@gmail.com,9382981372
5974,Aditya Iyer,Family,India,20,18-25,Male,1,aditya.iyer5974@gmail.com,9596521952
5975,Rahul Pandey,Leisure,India,46,36-50,Male,1,rahul.pandey5975@gmail.com,9297499952
5976,Swati Banerjee,Family,Australia,57,51-65,Male,0,swati.banerjee5976@gmail.com,9830103097
5977,Aditya Desai,Business,India,58,51-65,Female,1,aditya.desai5977@gmail.com,9789281905
5978,Tanvi Chopra,Business,India,51,51-65,Male,0,tanvi.chopra5978@gmail.com,9749753522
5979,Akash Chopra,Leisure,India,40,36-50,Male,0,akash.chopra5979@gmail.com,9894028551
5980,Kavya Banerjee,Leisure,India,33,26-35,Male,0,kavya.banerjee5980@gmail.com,9174291528
5981,Sneha Pillai,Couple,India,64,51-65,Female,0,sneha.pillai5981@gmail.com,9733144678
5982,Pooja Mukherjee,Business,India,56,51-65,Male,1,pooja.mukherjee5982@gmail.com,9798426146
5983,Vikram Nair,Family,India,31,26-35,Female,0,vikram.nair5983@gmail.com,9636406683
5984,Priya Reddy,Business,India,63,51-65,Female,0,priya.reddy5984@gmail.com,9146343096
5985,Gaurav Chopra,Business,Germany,63,51-65,Female,0,gaurav.chopra5985@gmail.com,9481117417
5986,Anjali Das,Business,India,54,51-65,Male,0,anjali.das5986@gmail.com,9495790176
5987,Pallavi Sharma,Leisure,India,49,36-50,Female,0,pallavi.sharma5987@gmail.com,9107201027
5988,Rohan Verma,Family,India,29,26-35,Male,0,rohan.verma5988@gmail.com,9795819603
5989,Sanjay Rao,Couple,India,59,51-65,Male,0,sanjay.rao5989@gmail.com,9723808252
5990,Suresh Rao,Couple,India,66,65+,Male,0,suresh.rao5990@gmail.com,9991414827
5991,Gaurav Trivedi,Business,Nepal,70,65+,Male,1,gaurav.trivedi5991@gmail.com,9568269550
5992,Shreyash Desai,Leisure,India,65,51-65,Male,1,shreyash.desai5992@gmail.com,9751078311
5993,Aditya Rao,Leisure,India,55,51-65,Male,0,aditya.rao5993@gmail.com,9713934809
5994,Rahul Pandey,Leisure,India,22,18-25,Female,1,rahul.pandey5994@gmail.com,9310780549
5995,Rohit Nair,Business,Singapore,43,36-50,Male,0,rohit.nair5995@gmail.com,9470146469
5996,Ishaan Iyer,Couple,India,70,65+,Female,0,ishaan.iyer5996@gmail.com,9942774345
5997,Sneha Singh,Leisure,India,60,51-65,Female,1,sneha.singh5997@gmail.com,9514139186
5998,Shreyash Gupta,Couple,India,24,18-25,Female,0,shreyash.gupta5998@gmail.com,9804415366
5999,Ayush Dixit,Leisure,India,37,36-50,Female,1,ayush.dixit5999@gmail.com,9627053793
6000,Akash Shah,Business,India,38,36-50,Female,0,akash.shah6000@gmail.com,9957014445
6001,Rohan Pillai,Couple,India,55,51-65,Male,1,rohan.pillai6001@gmail.com,9480213230
6002,Neha Shah,Business,India,43,36-50,Male,0,neha.shah6002@gmail.com,9883115248
6003,Rohan Dixit,Family,Nepal,60,51-65,Female,0,rohan.dixit6003@gmail.com,9884483293
6004,Ishaan Trivedi,Couple,USA,57,51-65,Male,0,ishaan.trivedi6004@gmail.com,9152299703
6005,Harsh Chopra,Business,India,45,36-50,Female,0,harsh.chopra6005@gmail.com,9970239388
6006,Ishaan Rao,Family,India,48,36-50,Male,0,ishaan.rao6006@gmail.com,9229544442
6007,Ananya Gupta,Leisure,Malaysia,25,18-25,Female,0,ananya.gupta6007@gmail.com,9381470951
6008,Shreyash Iyer,Business,India,49,36-50,Female,0,shreyash.iyer6008@gmail.com,9501381769
6009,Muskan Dixit,Couple,India,60,51-65,Female,0,muskan.dixit6009@gmail.com,9429525932
6010,Meera Mishra,Leisure,India,41,36-50,Female,0,meera.mishra6010@gmail.com,9733781126
6011,Riya Mukherjee,Couple,India,29,26-35,Female,1,riya.mukherjee6011@gmail.com,9138758348
6012,Pooja Agarwal,Couple,India,21,18-25,Female,0,pooja.agarwal6012@gmail.com,9557183973
6013,Rohan Kumar,Family,India,42,36-50,Female,1,rohan.kumar6013@gmail.com,9195613170
6014,Rohan Rao,Leisure,India,54,51-65,Male,1,rohan.rao6014@gmail.com,9356597980
6015,Amit Shah,Leisure,India,22,18-25,Male,0,amit.shah6015@gmail.com,9613667541
6016,Ananya Shah,Couple,India,38,36-50,Female,0,ananya.shah6016@gmail.com,9653620841
6017,Riya Chopra,Business,India,33,26-35,Female,0,riya.chopra6017@gmail.com,9291057344
6018,Shruti Banerjee,Leisure,India,21,18-25,Male,0,shruti.banerjee6018@gmail.com,9397175015
6019,Ananya Nair,Leisure,India,48,36-50,Male,1,ananya.nair6019@gmail.com,9699717590
6020,Suresh Kapoor,Business,India,72,65+,Male,0,suresh.kapoor6020@gmail.com,9495555571
6021,Neha Iyer,Leisure,India,54,51-65,Male,0,neha.iyer6021@gmail.com,9247580331
6022,Simran Mehta,Family,India,46,36-50,Female,0,simran.mehta6022@gmail.com,9460398329
6023,Rahul Trivedi,Family,India,54,51-65,Female,0,rahul.trivedi6023@gmail.com,9970929323
6024,Akash Chopra,Business,India,59,51-65,Male,0,akash.chopra6024@gmail.com,9617925298
6025,Harsh Das,Business,India,67,65+,Male,0,harsh.das6025@gmail.com,9318871538
6026,Vikram Dixit,Leisure,India,60,51-65,Female,1,vikram.dixit6026@gmail.com,9787988311
6027,Sanjay Shah,Family,India,33,26-35,Male,1,sanjay.shah6027@gmail.com,9454791630
6028,Harsh Chopra,Business,India,72,65+,Male,0,harsh.chopra6028@gmail.com,9593306264
6029,Suresh Patel,Couple,India,35,26-35,Male,0,suresh.patel6029@gmail.com,9301965655
6030,Gaurav Saxena,Business,Australia,72,65+,Female,0,gaurav.saxena6030@gmail.com,9478320719
6031,Nikhil Joshi,Couple,India,34,26-35,Male,1,nikhil.joshi6031@gmail.com,9207825116
6032,Nikhil Mishra,Leisure,India,70,65+,Female,0,nikhil.mishra6032@gmail.com,9966065767
6033,Ishaan Mishra,Couple,India,38,36-50,Male,0,ishaan.mishra6033@gmail.com,9914988338
6034,Ritu Mehta,Business,India,59,51-65,Female,1,ritu.mehta6034@gmail.com,9213983200
6035,Sneha Trivedi,Couple,Canada,22,18-25,Male,0,sneha.trivedi6035@gmail.com,9622680967
6036,Simran Nair,Business,India,57,51-65,Male,0,simran.nair6036@gmail.com,9727641077
6037,Anjali Kumar,Couple,India,24,18-25,Male,0,anjali.kumar6037@gmail.com,9787597007
6038,Muskan Rao,Family,India,57,51-65,Male,1,muskan.rao6038@gmail.com,9267099517
6039,Simran Mehta,Business,India,46,36-50,Female,1,simran.mehta6039@gmail.com,9429301847
6040,Shreyash Kulkarni,Family,India,22,18-25,Male,1,shreyash.kulkarni6040@gmail.com,9869485878
6041,Harsh Patel,Leisure,India,37,36-50,Female,0,harsh.patel6041@gmail.com,9157134478
6042,Pooja Desai,Business,India,36,36-50,Male,0,pooja.desai6042@gmail.com,9424149699
6043,Swati Dixit,Leisure,India,36,36-50,Female,0,swati.dixit6043@gmail.com,9103485892
6044,Divya Kumar,Business,India,39,36-50,Female,0,divya.kumar6044@gmail.com,9768923460
6045,Suresh Gupta,Couple,India,33,26-35,Female,1,suresh.gupta6045@gmail.com,9998221019
6046,Pooja Mukherjee,Couple,India,33,26-35,Female,1,pooja.mukherjee6046@gmail.com,9513305935
6047,Gaurav Dixit,Business,India,69,65+,Female,0,gaurav.dixit6047@gmail.com,9378301046
6048,Riya Pillai,Leisure,India,64,51-65,Male,0,riya.pillai6048@gmail.com,9954812603
6049,Kavya Dixit,Couple,India,51,51-65,Male,1,kavya.dixit6049@gmail.com,9720719241
6050,Manish Kumar,Family,India,30,26-35,Female,1,manish.kumar6050@gmail.com,9378913646
6051,Pooja Das,Leisure,India,18,18-25,Male,1,pooja.das6051@gmail.com,9779794531
6052,Arjun Nair,Family,India,43,36-50,Male,0,arjun.nair6052@gmail.com,9144673190
6053,Ayush Malhotra,Leisure,India,34,26-35,Male,0,ayush.malhotra6053@gmail.com,9460536808
6054,Ritu Kumar,Leisure,India,31,26-35,Male,0,ritu.kumar6054@gmail.com,9486178180
6055,Rahul Gupta,Couple,India,39,36-50,Male,0,rahul.gupta6055@gmail.com,9562884162
6056,Sanjay Mishra,Leisure,India,46,36-50,Male,0,sanjay.mishra6056@gmail.com,9880639452
6057,Riya Mishra,Leisure,India,54,51-65,Male,0,riya.mishra6057@gmail.com,9290781488
6058,Nisha Saxena,Leisure,India,28,26-35,Male,0,nisha.saxena6058@gmail.com,9224707833
6059,Arjun Bose,Couple,India,28,26-35,Female,0,arjun.bose6059@gmail.com,9411592551
6060,Neha Khanna,Couple,India,66,65+,Male,1,neha.khanna6060@gmail.com,9651075873
6061,Tanya Banerjee,Leisure,Germany,43,36-50,Male,0,tanya.banerjee6061@gmail.com,9405490033
6062,Suresh Rao,Leisure,India,27,26-35,Male,0,suresh.rao6062@gmail.com,9989969393
6063,Suresh Pandey,Leisure,Germany,19,18-25,Male,0,suresh.pandey6063@gmail.com,9146126313
6064,Anjali Patel,Leisure,India,50,36-50,Female,0,anjali.patel6064@gmail.com,9567979423
6065,Muskan Reddy,Business,India,51,51-65,Female,0,muskan.reddy6065@gmail.com,9770274012
6066,Nisha Mishra,Couple,India,62,51-65,Male,0,nisha.mishra6066@gmail.com,9958231009
6067,Ayush Kumar,Leisure,India,60,51-65,Female,0,ayush.kumar6067@gmail.com,9817286128
6068,Sanjay Agarwal,Leisure,India,44,36-50,Female,0,sanjay.agarwal6068@gmail.com,9845014360
6069,Rohan Kumar,Business,India,30,26-35,Male,0,rohan.kumar6069@gmail.com,9701023171
6070,Priya Kulkarni,Business,India,24,18-25,Male,1,priya.kulkarni6070@gmail.com,9437847928
6071,Rohit Shah,Family,India,40,36-50,Female,0,rohit.shah6071@gmail.com,9672970374
6072,Suresh Kulkarni,Leisure,India,36,36-50,Male,0,suresh.kulkarni6072@gmail.com,9868010430
6073,Rahul Das,Business,India,27,26-35,Female,0,rahul.das6073@gmail.com,9522051047
6074,Riya Pandey,Leisure,India,58,51-65,Male,0,riya.pandey6074@gmail.com,9269756860
6075,Rahul Gupta,Leisure,India,33,26-35,Female,1,rahul.gupta6075@gmail.com,9676488056
6076,Shruti Iyer,Business,India,70,65+,Female,0,shruti.iyer6076@gmail.com,9131823374
6077,Nisha Mukherjee,Leisure,India,57,51-65,Male,0,nisha.mukherjee6077@gmail.com,9781268277
6078,Simran Mukherjee,Leisure,India,49,36-50,Female,0,simran.mukherjee6078@gmail.com,9604407261
6079,Nisha Patel,Leisure,India,62,51-65,Female,0,nisha.patel6079@gmail.com,9243981838
6080,Vikram Patel,Leisure,India,59,51-65,Female,1,vikram.patel6080@gmail.com,9413653417
6081,Sneha Sharma,Leisure,India,71,65+,Male,0,sneha.sharma6081@gmail.com,9949735270
6082,Tanya Desai,Family,India,19,18-25,Female,0,tanya.desai6082@gmail.com,9255306960
6083,Vishal Trivedi,Leisure,India,69,65+,Male,0,vishal.trivedi6083@gmail.com,9296330333
6084,Shruti Chopra,Leisure,India,22,18-25,Female,0,shruti.chopra6084@gmail.com,9815569962
6085,Tanvi Saxena,Business,USA,31,26-35,Male,0,tanvi.saxena6085@gmail.com,9566435538
6086,Aditya Saxena,Leisure,India,38,36-50,Male,1,aditya.saxena6086@gmail.com,9806054302
6087,Arjun Trivedi,Couple,India,28,26-35,Male,0,arjun.trivedi6087@gmail.com,9795896584
6088,Karan Pillai,Business,India,28,26-35,Female,0,karan.pillai6088@gmail.com,9557928695
6089,Ishaan Sharma,Couple,India,65,51-65,Male,1,ishaan.sharma6089@gmail.com,9798698298
6090,Aditya Chopra,Business,India,67,65+,Male,1,aditya.chopra6090@gmail.com,9759487961
6091,Ayush Chopra,Leisure,India,33,26-35,Male,0,ayush.chopra6091@gmail.com,9878964778
6092,Shruti Pillai,Couple,India,55,51-65,Male,0,shruti.pillai6092@gmail.com,9798791901
6093,Karan Malhotra,Leisure,India,37,36-50,Female,0,karan.malhotra6093@gmail.com,9471708956
6094,Rahul Pandey,Leisure,India,72,65+,Male,0,rahul.pandey6094@gmail.com,9502606213
6095,Rahul Das,Business,India,53,51-65,Female,0,rahul.das6095@gmail.com,9807190562
6096,Rohan Agarwal,Couple,India,68,65+,Female,1,rohan.agarwal6096@gmail.com,9472054879
6097,Pallavi Kapoor,Business,India,44,36-50,Female,1,pallavi.kapoor6097@gmail.com,9175905730
6098,Kavya Mishra,Family,India,69,65+,Female,0,kavya.mishra6098@gmail.com,9484832266
6099,Vikram Agarwal,Business,India,53,51-65,Female,0,vikram.agarwal6099@gmail.com,9398397126
6100,Suresh Joshi,Family,India,55,51-65,Female,0,suresh.joshi6100@gmail.com,9310608533
6101,Karan Banerjee,Leisure,India,65,51-65,Female,0,karan.banerjee6101@gmail.com,9476903525
6102,Vishal Kumar,Couple,India,44,36-50,Male,0,vishal.kumar6102@gmail.com,9480520431
6103,Neha Dixit,Leisure,Germany,24,18-25,Male,0,neha.dixit6103@gmail.com,9634599102
6104,Nisha Malhotra,Family,India,61,51-65,Male,0,nisha.malhotra6104@gmail.com,9966173516
6105,Shruti Mehta,Business,India,66,65+,Female,0,shruti.mehta6105@gmail.com,9110540297
6106,Swati Das,Business,India,34,26-35,Male,0,swati.das6106@gmail.com,9633249769
6107,Anjali Gupta,Leisure,India,34,26-35,Male,0,anjali.gupta6107@gmail.com,9853833853
6108,Harsh Pandey,Business,India,68,65+,Female,0,harsh.pandey6108@gmail.com,9142454002
6109,Karan Kulkarni,Business,UK,29,26-35,Male,0,karan.kulkarni6109@gmail.com,9685181274
6110,Neha Gupta,Family,India,23,18-25,Female,1,neha.gupta6110@gmail.com,9950888736
6111,Ishaan Pandey,Family,India,59,51-65,Male,0,ishaan.pandey6111@gmail.com,9429861475
6112,Akash Das,Leisure,UAE,72,65+,Female,0,akash.das6112@gmail.com,9981652746
6113,Neha Singh,Family,India,46,36-50,Female,0,neha.singh6113@gmail.com,9554312613
6114,Kavya Mukherjee,Leisure,India,70,65+,Male,1,kavya.mukherjee6114@gmail.com,9428364437
6115,Ayush Pandey,Leisure,India,33,26-35,Male,0,ayush.pandey6115@gmail.com,9674493787
6116,Shreyash Kapoor,Couple,India,33,26-35,Male,0,shreyash.kapoor6116@gmail.com,9885982551
6117,Swati Trivedi,Couple,India,34,26-35,Male,1,swati.trivedi6117@gmail.com,9974067726
6118,Tanvi Kumar,Family,India,69,65+,Male,1,tanvi.kumar6118@gmail.com,9548267591
6119,Nisha Mishra,Leisure,India,63,51-65,Male,0,nisha.mishra6119@gmail.com,9147816294
6120,Rohit Singh,Couple,India,27,26-35,Female,1,rohit.singh6120@gmail.com,9371471026
6121,Priya Mishra,Business,India,46,36-50,Male,1,priya.mishra6121@gmail.com,9381095566
6122,Shruti Singh,Business,India,58,51-65,Female,0,shruti.singh6122@gmail.com,9788837037
6123,Karan Joshi,Business,India,36,36-50,Female,0,karan.joshi6123@gmail.com,9111537391
6124,Meera Pillai,Family,India,19,18-25,Female,1,meera.pillai6124@gmail.com,9434350121
6125,Harsh Verma,Couple,India,64,51-65,Male,0,harsh.verma6125@gmail.com,9239274301
6126,Arjun Patel,Couple,India,41,36-50,Male,0,arjun.patel6126@gmail.com,9964136241
6127,Priya Khanna,Leisure,India,18,18-25,Male,1,priya.khanna6127@gmail.com,9413850386
6128,Neha Shah,Leisure,India,33,26-35,Female,0,neha.shah6128@gmail.com,9900151004
6129,Pallavi Saxena,Business,India,26,26-35,Male,0,pallavi.saxena6129@gmail.com,9915871165
6130,Anjali Pillai,Leisure,UAE,26,26-35,Male,0,anjali.pillai6130@gmail.com,9483691666
6131,Shruti Mukherjee,Leisure,Singapore,47,36-50,Male,0,shruti.mukherjee6131@gmail.com,9625190026
6132,Gaurav Trivedi,Couple,India,63,51-65,Female,0,gaurav.trivedi6132@gmail.com,9983873553
6133,Pallavi Nair,Leisure,India,48,36-50,Female,0,pallavi.nair6133@gmail.com,9168255263
6134,Meera Reddy,Business,India,47,36-50,Male,1,meera.reddy6134@gmail.com,9328796282
6135,Ayush Mishra,Business,India,52,51-65,Male,0,ayush.mishra6135@gmail.com,9790655491
6136,Suresh Patel,Business,India,50,36-50,Female,1,suresh.patel6136@gmail.com,9395183165
6137,Tanya Kumar,Leisure,India,34,26-35,Female,0,tanya.kumar6137@gmail.com,9638257527
6138,Nikhil Dixit,Family,India,69,65+,Male,0,nikhil.dixit6138@gmail.com,9948648776
6139,Pallavi Pandey,Couple,France,32,26-35,Female,1,pallavi.pandey6139@gmail.com,9696485690
6140,Priya Nair,Couple,India,60,51-65,Female,0,priya.nair6140@gmail.com,9881592059
6141,Amit Mehta,Leisure,India,58,51-65,Male,0,amit.mehta6141@gmail.com,9620184956
6142,Sanjay Reddy,Leisure,India,57,51-65,Male,0,sanjay.reddy6142@gmail.com,9213862879
6143,Tanvi Bose,Business,India,33,26-35,Female,0,tanvi.bose6143@gmail.com,9135399324
6144,Tanya Kulkarni,Family,India,70,65+,Female,0,tanya.kulkarni6144@gmail.com,9923782647
6145,Kavya Saxena,Couple,India,46,36-50,Male,0,kavya.saxena6145@gmail.com,9439517299
6146,Deepak Sharma,Business,India,32,26-35,Female,0,deepak.sharma6146@gmail.com,9589719277
6147,Rahul Gupta,Leisure,India,65,51-65,Female,0,rahul.gupta6147@gmail.com,9180212194
6148,Manish Shah,Leisure,India,53,51-65,Female,1,manish.shah6148@gmail.com,9837427664
6149,Manish Chopra,Couple,UAE,59,51-65,Female,0,manish.chopra6149@gmail.com,9911492871
6150,Aditya Pillai,Family,India,35,26-35,Female,0,aditya.pillai6150@gmail.com,9138666722
6151,Akash Mukherjee,Leisure,India,63,51-65,Female,0,akash.mukherjee6151@gmail.com,9850055508
6152,Shreyash Desai,Leisure,India,52,51-65,Male,0,shreyash.desai6152@gmail.com,9883743629
6153,Rohit Trivedi,Business,India,66,65+,Male,0,rohit.trivedi6153@gmail.com,9589123637
6154,Rohit Pillai,Business,USA,18,18-25,Female,1,rohit.pillai6154@gmail.com,9911852625
6155,Muskan Khanna,Business,India,66,65+,Male,0,muskan.khanna6155@gmail.com,9939978716
6156,Divya Khanna,Business,India,24,18-25,Female,0,divya.khanna6156@gmail.com,9628046136
6157,Tanvi Banerjee,Couple,India,35,26-35,Male,0,tanvi.banerjee6157@gmail.com,9124680689
6158,Nisha Mishra,Couple,India,44,36-50,Female,1,nisha.mishra6158@gmail.com,9549294939
6159,Deepak Verma,Business,India,45,36-50,Male,0,deepak.verma6159@gmail.com,9422787203
6160,Harsh Patel,Couple,Australia,34,26-35,Female,0,harsh.patel6160@gmail.com,9223459232
6161,Priya Kumar,Business,India,47,36-50,Female,0,priya.kumar6161@gmail.com,9347959716
6162,Kavya Joshi,Leisure,India,47,36-50,Male,0,kavya.joshi6162@gmail.com,9808254572
6163,Vishal Mehta,Business,India,47,36-50,Male,1,vishal.mehta6163@gmail.com,9503950192
6164,Shruti Mukherjee,Leisure,India,54,51-65,Female,0,shruti.mukherjee6164@gmail.com,9375272009
6165,Ayush Trivedi,Leisure,UK,21,18-25,Male,0,ayush.trivedi6165@gmail.com,9161253790
6166,Deepak Trivedi,Leisure,India,50,36-50,Male,0,deepak.trivedi6166@gmail.com,9574927264
6167,Muskan Agarwal,Leisure,Nepal,50,36-50,Male,1,muskan.agarwal6167@gmail.com,9715909450
6168,Suresh Khanna,Family,India,19,18-25,Female,0,suresh.khanna6168@gmail.com,9230150374
6169,Arjun Dixit,Business,UAE,30,26-35,Male,1,arjun.dixit6169@gmail.com,9557419403
6170,Vishal Mehta,Business,India,33,26-35,Male,0,vishal.mehta6170@gmail.com,9483619073
6171,Gaurav Pandey,Business,India,24,18-25,Male,1,gaurav.pandey6171@gmail.com,9494282015
6172,Ayush Singh,Couple,India,21,18-25,Male,1,ayush.singh6172@gmail.com,9359880895
6173,Pallavi Verma,Business,India,64,51-65,Male,0,pallavi.verma6173@gmail.com,9509453193
6174,Riya Khanna,Couple,India,70,65+,Female,1,riya.khanna6174@gmail.com,9248254059
6175,Sanjay Singh,Leisure,India,60,51-65,Male,1,sanjay.singh6175@gmail.com,9178425557
6176,Swati Verma,Leisure,India,58,51-65,Male,1,swati.verma6176@gmail.com,9997613018
6177,Priya Bose,Leisure,India,19,18-25,Female,1,priya.bose6177@gmail.com,9210016393
6178,Kavya Das,Business,India,59,51-65,Male,1,kavya.das6178@gmail.com,9135485644
6179,Tanya Desai,Business,India,29,26-35,Male,0,tanya.desai6179@gmail.com,9432099732
6180,Deepak Joshi,Leisure,India,45,36-50,Female,0,deepak.joshi6180@gmail.com,9362362386
6181,Tanya Pandey,Leisure,India,53,51-65,Female,0,tanya.pandey6181@gmail.com,9439262602
6182,Shruti Kumar,Business,India,71,65+,Female,1,shruti.kumar6182@gmail.com,9835963489
6183,Sanjay Pillai,Business,India,54,51-65,Female,1,sanjay.pillai6183@gmail.com,9252116003
6184,Nikhil Trivedi,Family,Australia,23,18-25,Female,0,nikhil.trivedi6184@gmail.com,9453744688
6185,Sanjay Shah,Business,India,66,65+,Female,0,sanjay.shah6185@gmail.com,9265596522
6186,Kritika Reddy,Couple,India,64,51-65,Female,1,kritika.reddy6186@gmail.com,9214317409
6187,Ritu Desai,Couple,India,55,51-65,Female,0,ritu.desai6187@gmail.com,9296465140
6188,Karan Gupta,Leisure,India,40,36-50,Female,0,karan.gupta6188@gmail.com,9986349312
6189,Manish Reddy,Business,India,62,51-65,Male,0,manish.reddy6189@gmail.com,9891143332
6190,Swati Kulkarni,Business,India,28,26-35,Male,0,swati.kulkarni6190@gmail.com,9965290981
6191,Harsh Malhotra,Couple,India,49,36-50,Male,0,harsh.malhotra6191@gmail.com,9776942804
6192,Akash Trivedi,Couple,India,41,36-50,Female,0,akash.trivedi6192@gmail.com,9983092669
6193,Vishal Dixit,Couple,India,40,36-50,Male,0,vishal.dixit6193@gmail.com,9852942008
6194,Riya Nair,Family,India,48,36-50,Female,0,riya.nair6194@gmail.com,9393639099
6195,Rohan Kapoor,Couple,India,68,65+,Male,1,rohan.kapoor6195@gmail.com,9558635938
6196,Vishal Trivedi,Business,India,21,18-25,Female,1,vishal.trivedi6196@gmail.com,9710207521
6197,Tanvi Desai,Business,India,26,26-35,Female,0,tanvi.desai6197@gmail.com,9566422980
6198,Rohit Das,Couple,USA,47,36-50,Female,0,rohit.das6198@gmail.com,9961491873
6199,Meera Nair,Business,India,55,51-65,Male,0,meera.nair6199@gmail.com,9975716657
6200,Ananya Chopra,Business,India,36,36-50,Female,1,ananya.chopra6200@gmail.com,9208099870
6201,Rohit Kumar,Couple,India,72,65+,Female,1,rohit.kumar6201@gmail.com,9268749269
6202,Tanya Verma,Leisure,India,64,51-65,Male,0,tanya.verma6202@gmail.com,9146732921
6203,Pooja Mukherjee,Family,India,21,18-25,Male,1,pooja.mukherjee6203@gmail.com,9778855209
6204,Deepak Iyer,Couple,India,46,36-50,Male,0,deepak.iyer6204@gmail.com,9246110415
6205,Tanya Pillai,Business,India,63,51-65,Female,0,tanya.pillai6205@gmail.com,9233546843
6206,Kritika Mukherjee,Family,India,31,26-35,Male,0,kritika.mukherjee6206@gmail.com,9796949508
6207,Aditya Das,Leisure,UAE,62,51-65,Female,1,aditya.das6207@gmail.com,9781419557
6208,Ayush Reddy,Leisure,India,34,26-35,Female,0,ayush.reddy6208@gmail.com,9593845193
6209,Ananya Saxena,Leisure,India,27,26-35,Male,0,ananya.saxena6209@gmail.com,9944345657
6210,Harsh Saxena,Business,India,54,51-65,Female,0,harsh.saxena6210@gmail.com,9460909624
6211,Nisha Agarwal,Leisure,Australia,65,51-65,Female,0,nisha.agarwal6211@gmail.com,9480146630
6212,Pallavi Das,Business,India,25,18-25,Male,0,pallavi.das6212@gmail.com,9307281206
6213,Arjun Nair,Leisure,Germany,36,36-50,Male,0,arjun.nair6213@gmail.com,9214321712
6214,Ishaan Mehta,Leisure,India,72,65+,Male,0,ishaan.mehta6214@gmail.com,9400496965
6215,Priya Joshi,Couple,India,56,51-65,Male,0,priya.joshi6215@gmail.com,9814747520
6216,Rohit Nair,Couple,India,24,18-25,Female,0,rohit.nair6216@gmail.com,9975852578
6217,Ritu Banerjee,Business,India,67,65+,Female,0,ritu.banerjee6217@gmail.com,9398677334
6218,Gaurav Malhotra,Leisure,India,41,36-50,Male,1,gaurav.malhotra6218@gmail.com,9693168745
6219,Gaurav Mehta,Leisure,India,23,18-25,Male,0,gaurav.mehta6219@gmail.com,9476040516
6220,Rahul Gupta,Business,Germany,69,65+,Male,0,rahul.gupta6220@gmail.com,9747574804
6221,Suresh Patel,Couple,India,67,65+,Female,0,suresh.patel6221@gmail.com,9463472321
6222,Simran Chopra,Couple,India,68,65+,Male,0,simran.chopra6222@gmail.com,9550970468
6223,Harsh Nair,Business,India,29,26-35,Male,0,harsh.nair6223@gmail.com,9441820953
6224,Deepak Shah,Leisure,India,70,65+,Female,1,deepak.shah6224@gmail.com,9945611324
6225,Rohit Banerjee,Business,India,51,51-65,Male,0,rohit.banerjee6225@gmail.com,9926498375
6226,Simran Joshi,Couple,India,70,65+,Female,1,simran.joshi6226@gmail.com,9112798472
6227,Rohit Kapoor,Business,India,49,36-50,Female,0,rohit.kapoor6227@gmail.com,9172705460
6228,Deepak Shah,Family,India,58,51-65,Female,0,deepak.shah6228@gmail.com,9848299458
6229,Ishaan Kapoor,Couple,India,60,51-65,Female,0,ishaan.kapoor6229@gmail.com,9992618517
6230,Swati Shah,Leisure,India,22,18-25,Female,0,swati.shah6230@gmail.com,9611533465
6231,Kavya Kumar,Leisure,India,40,36-50,Male,1,kavya.kumar6231@gmail.com,9709664993
6232,Ananya Shah,Family,India,53,51-65,Female,1,ananya.shah6232@gmail.com,9814323571
6233,Rohan Chopra,Leisure,India,48,36-50,Male,0,rohan.chopra6233@gmail.com,9601515451
6234,Akash Desai,Business,India,24,18-25,Male,0,akash.desai6234@gmail.com,9306985266
6235,Ritu Singh,Leisure,Nepal,37,36-50,Female,1,ritu.singh6235@gmail.com,9923767351
6236,Suresh Pillai,Couple,Singapore,47,36-50,Female,0,suresh.pillai6236@gmail.com,9990622081
6237,Priya Reddy,Couple,India,44,36-50,Male,1,priya.reddy6237@gmail.com,9163127598
6238,Riya Gupta,Couple,India,19,18-25,Female,1,riya.gupta6238@gmail.com,9268171692
6239,Neha Reddy,Family,India,72,65+,Female,0,neha.reddy6239@gmail.com,9363400477
6240,Ayush Bose,Family,Australia,38,36-50,Female,0,ayush.bose6240@gmail.com,9241094925
6241,Kavya Shah,Family,India,70,65+,Female,0,kavya.shah6241@gmail.com,9937266444
6242,Muskan Reddy,Business,France,47,36-50,Female,1,muskan.reddy6242@gmail.com,9487382895
6243,Akash Trivedi,Leisure,India,19,18-25,Male,1,akash.trivedi6243@gmail.com,9114775334
6244,Ananya Reddy,Couple,India,21,18-25,Female,0,ananya.reddy6244@gmail.com,9749623171
6245,Vishal Singh,Couple,India,39,36-50,Male,1,vishal.singh6245@gmail.com,9953941730
6246,Ritu Kumar,Couple,India,19,18-25,Male,0,ritu.kumar6246@gmail.com,9771382249
6247,Tanvi Rao,Business,India,59,51-65,Female,0,tanvi.rao6247@gmail.com,9938989704
6248,Harsh Malhotra,Couple,India,61,51-65,Female,0,harsh.malhotra6248@gmail.com,9105246305
6249,Simran Malhotra,Couple,India,66,65+,Male,0,simran.malhotra6249@gmail.com,9146271969
6250,Vishal Agarwal,Business,India,29,26-35,Male,0,vishal.agarwal6250@gmail.com,9767893791
6251,Vishal Pillai,Leisure,India,26,26-35,Female,1,vishal.pillai6251@gmail.com,9560902119
6252,Swati Kumar,Business,India,25,18-25,Female,0,swati.kumar6252@gmail.com,9244239448
6253,Amit Khanna,Leisure,India,59,51-65,Female,0,amit.khanna6253@gmail.com,9447841565
6254,Amit Pillai,Business,Singapore,34,26-35,Female,1,amit.pillai6254@gmail.com,9622905752
6255,Gaurav Verma,Leisure,India,30,26-35,Female,0,gaurav.verma6255@gmail.com,9316026183
6256,Rohan Kulkarni,Leisure,India,24,18-25,Female,0,rohan.kulkarni6256@gmail.com,9867577158
6257,Gaurav Iyer,Couple,India,20,18-25,Female,0,gaurav.iyer6257@gmail.com,9828839201
6258,Ananya Pillai,Couple,Singapore,44,36-50,Female,0,ananya.pillai6258@gmail.com,9579445739
6259,Ritu Agarwal,Couple,India,66,65+,Male,1,ritu.agarwal6259@gmail.com,9793239302
6260,Shruti Iyer,Business,India,27,26-35,Female,0,shruti.iyer6260@gmail.com,9198406343
6261,Shreyash Iyer,Business,India,33,26-35,Female,0,shreyash.iyer6261@gmail.com,9440409548
6262,Meera Iyer,Family,India,21,18-25,Male,0,meera.iyer6262@gmail.com,9399294417
6263,Rohan Shah,Business,India,45,36-50,Female,0,rohan.shah6263@gmail.com,9819401362
6264,Ayush Reddy,Family,India,34,26-35,Male,0,ayush.reddy6264@gmail.com,9570878505
6265,Tanvi Sharma,Couple,India,46,36-50,Male,0,tanvi.sharma6265@gmail.com,9618051282
6266,Simran Shah,Leisure,India,40,36-50,Male,0,simran.shah6266@gmail.com,9999798660
6267,Akash Chopra,Family,India,68,65+,Male,0,akash.chopra6267@gmail.com,9848658069
6268,Simran Gupta,Business,India,71,65+,Male,0,simran.gupta6268@gmail.com,9878746677
6269,Suresh Nair,Leisure,India,39,36-50,Female,1,suresh.nair6269@gmail.com,9491063078
6270,Gaurav Kulkarni,Couple,India,29,26-35,Male,1,gaurav.kulkarni6270@gmail.com,9367542202
6271,Rahul Sharma,Leisure,India,67,65+,Female,0,rahul.sharma6271@gmail.com,9643256926
6272,Rohan Chopra,Family,India,25,18-25,Female,1,rohan.chopra6272@gmail.com,9857674461
6273,Nisha Joshi,Business,India,67,65+,Female,0,nisha.joshi6273@gmail.com,9107416561
6274,Simran Mishra,Leisure,France,72,65+,Male,0,simran.mishra6274@gmail.com,9458247947
6275,Harsh Trivedi,Leisure,India,31,26-35,Female,0,harsh.trivedi6275@gmail.com,9149582966
6276,Meera Sharma,Couple,India,35,26-35,Male,0,meera.sharma6276@gmail.com,9364022169
6277,Kritika Malhotra,Leisure,India,30,26-35,Male,0,kritika.malhotra6277@gmail.com,9447008978
6278,Shruti Das,Leisure,India,35,26-35,Female,0,shruti.das6278@gmail.com,9961893772
6279,Akash Pandey,Couple,India,65,51-65,Female,0,akash.pandey6279@gmail.com,9557618251
6280,Amit Sharma,Business,India,35,26-35,Female,1,amit.sharma6280@gmail.com,9398496432
6281,Kavya Mehta,Couple,India,20,18-25,Male,0,kavya.mehta6281@gmail.com,9887327252
6282,Simran Singh,Leisure,Malaysia,60,51-65,Female,0,simran.singh6282@gmail.com,9404633158
6283,Karan Kapoor,Couple,India,46,36-50,Male,0,karan.kapoor6283@gmail.com,9783898073
6284,Gaurav Mehta,Couple,India,62,51-65,Female,0,gaurav.mehta6284@gmail.com,9185186133
6285,Manish Kulkarni,Business,India,63,51-65,Female,0,manish.kulkarni6285@gmail.com,9993835436
6286,Rahul Das,Leisure,India,34,26-35,Female,0,rahul.das6286@gmail.com,9569361254
6287,Shruti Kumar,Family,India,27,26-35,Female,0,shruti.kumar6287@gmail.com,9877854168
6288,Harsh Khanna,Leisure,India,35,26-35,Male,0,harsh.khanna6288@gmail.com,9488208854
6289,Aditya Bose,Family,India,34,26-35,Male,0,aditya.bose6289@gmail.com,9748928801
6290,Shreyash Reddy,Leisure,India,29,26-35,Female,1,shreyash.reddy6290@gmail.com,9377281959
6291,Rohan Joshi,Business,India,58,51-65,Male,1,rohan.joshi6291@gmail.com,9866390862
6292,Aditya Saxena,Leisure,India,71,65+,Male,1,aditya.saxena6292@gmail.com,9704717348
6293,Priya Sharma,Family,India,62,51-65,Male,1,priya.sharma6293@gmail.com,9248833719
6294,Rahul Khanna,Leisure,Canada,35,26-35,Female,0,rahul.khanna6294@gmail.com,9476997655
6295,Nikhil Iyer,Family,India,22,18-25,Female,0,nikhil.iyer6295@gmail.com,9815921448
6296,Ritu Kumar,Family,Malaysia,47,36-50,Female,0,ritu.kumar6296@gmail.com,9418580153
6297,Sanjay Rao,Leisure,India,55,51-65,Male,0,sanjay.rao6297@gmail.com,9206011137
6298,Kritika Pillai,Business,Nepal,37,36-50,Female,0,kritika.pillai6298@gmail.com,9530217874
6299,Harsh Dixit,Couple,USA,46,36-50,Female,0,harsh.dixit6299@gmail.com,9976625997
6300,Riya Das,Leisure,India,42,36-50,Female,0,riya.das6300@gmail.com,9616102523
6301,Kritika Patel,Couple,India,40,36-50,Male,1,kritika.patel6301@gmail.com,9820710834
6302,Swati Desai,Leisure,India,26,26-35,Female,0,swati.desai6302@gmail.com,9444300978
6303,Divya Singh,Leisure,India,41,36-50,Male,0,divya.singh6303@gmail.com,9769161348
6304,Tanvi Reddy,Couple,India,51,51-65,Male,0,tanvi.reddy6304@gmail.com,9638244493
6305,Harsh Gupta,Leisure,India,41,36-50,Female,0,harsh.gupta6305@gmail.com,9252195596
6306,Suresh Sharma,Leisure,India,22,18-25,Female,0,suresh.sharma6306@gmail.com,9544694559
6307,Ayush Joshi,Leisure,India,70,65+,Female,0,ayush.joshi6307@gmail.com,9349279403
6308,Ishaan Rao,Leisure,UAE,35,26-35,Male,1,ishaan.rao6308@gmail.com,9959429776
6309,Riya Gupta,Leisure,India,44,36-50,Female,1,riya.gupta6309@gmail.com,9140182652
6310,Kavya Joshi,Couple,India,34,26-35,Male,1,kavya.joshi6310@gmail.com,9195522244
6311,Tanvi Banerjee,Leisure,India,54,51-65,Male,1,tanvi.banerjee6311@gmail.com,9121279630
6312,Pooja Kumar,Leisure,India,69,65+,Female,0,pooja.kumar6312@gmail.com,9530016072
6313,Manish Verma,Couple,India,52,51-65,Female,0,manish.verma6313@gmail.com,9634887354
6314,Sanjay Chopra,Leisure,India,62,51-65,Female,0,sanjay.chopra6314@gmail.com,9711510123
6315,Kritika Kumar,Leisure,India,22,18-25,Female,1,kritika.kumar6315@gmail.com,9753493004
6316,Pallavi Dixit,Family,India,40,36-50,Female,0,pallavi.dixit6316@gmail.com,9661870252
6317,Meera Malhotra,Couple,India,46,36-50,Male,0,meera.malhotra6317@gmail.com,9589923248
6318,Pooja Pillai,Leisure,India,39,36-50,Female,0,pooja.pillai6318@gmail.com,9555496265
6319,Muskan Rao,Couple,India,60,51-65,Male,0,muskan.rao6319@gmail.com,9682622114
6320,Rohan Chopra,Business,Germany,65,51-65,Female,0,rohan.chopra6320@gmail.com,9173327710
6321,Pallavi Bose,Couple,India,27,26-35,Female,0,pallavi.bose6321@gmail.com,9515618095
6322,Amit Banerjee,Leisure,India,56,51-65,Male,0,amit.banerjee6322@gmail.com,9889166147
6323,Shruti Gupta,Leisure,India,45,36-50,Female,0,shruti.gupta6323@gmail.com,9551943433
6324,Suresh Saxena,Leisure,India,43,36-50,Female,1,suresh.saxena6324@gmail.com,9663940688
6325,Tanya Pandey,Business,India,49,36-50,Female,1,tanya.pandey6325@gmail.com,9616884793
6326,Rohan Das,Business,India,21,18-25,Male,0,rohan.das6326@gmail.com,9104214011
6327,Rohit Bose,Family,India,70,65+,Male,0,rohit.bose6327@gmail.com,9162414710
6328,Muskan Malhotra,Leisure,France,65,51-65,Male,0,muskan.malhotra6328@gmail.com,9301726789
6329,Tanvi Pillai,Leisure,India,28,26-35,Male,0,tanvi.pillai6329@gmail.com,9233358764
6330,Tanya Bose,Business,India,54,51-65,Male,0,tanya.bose6330@gmail.com,9477788429
6331,Gaurav Joshi,Business,India,70,65+,Female,0,gaurav.joshi6331@gmail.com,9296357543
6332,Anjali Patel,Couple,India,43,36-50,Female,0,anjali.patel6332@gmail.com,9333073109
6333,Kavya Agarwal,Leisure,India,61,51-65,Female,1,kavya.agarwal6333@gmail.com,9267137446
6334,Vishal Shah,Leisure,Malaysia,26,26-35,Female,1,vishal.shah6334@gmail.com,9358323334
6335,Tanvi Singh,Business,India,18,18-25,Male,1,tanvi.singh6335@gmail.com,9630982509
6336,Sanjay Malhotra,Couple,India,66,65+,Female,1,sanjay.malhotra6336@gmail.com,9393834186
6337,Suresh Patel,Business,India,36,36-50,Female,1,suresh.patel6337@gmail.com,9472078587
6338,Sneha Nair,Business,India,41,36-50,Male,0,sneha.nair6338@gmail.com,9900613900
6339,Ayush Shah,Leisure,Nepal,33,26-35,Male,0,ayush.shah6339@gmail.com,9727341623
6340,Rohan Agarwal,Leisure,India,19,18-25,Male,1,rohan.agarwal6340@gmail.com,9104197778
6341,Nisha Dixit,Business,India,23,18-25,Male,0,nisha.dixit6341@gmail.com,9112911352
6342,Pallavi Nair,Couple,India,60,51-65,Male,1,pallavi.nair6342@gmail.com,9452772947
6343,Kavya Dixit,Couple,India,66,65+,Female,0,kavya.dixit6343@gmail.com,9790490461
6344,Aditya Nair,Couple,India,40,36-50,Female,1,aditya.nair6344@gmail.com,9527174159
6345,Vikram Iyer,Leisure,India,46,36-50,Female,0,vikram.iyer6345@gmail.com,9341851653
6346,Swati Malhotra,Business,India,53,51-65,Male,0,swati.malhotra6346@gmail.com,9204500979
6347,Divya Dixit,Leisure,India,44,36-50,Female,1,divya.dixit6347@gmail.com,9833732135
6348,Kavya Saxena,Family,India,69,65+,Male,0,kavya.saxena6348@gmail.com,9292448999
6349,Pallavi Banerjee,Leisure,India,71,65+,Male,0,pallavi.banerjee6349@gmail.com,9471241687
6350,Sneha Dixit,Couple,India,24,18-25,Male,0,sneha.dixit6350@gmail.com,9991749575
6351,Aditya Bose,Business,India,54,51-65,Male,0,aditya.bose6351@gmail.com,9607396431
6352,Muskan Desai,Leisure,Nepal,52,51-65,Female,0,muskan.desai6352@gmail.com,9409260718
6353,Akash Nair,Business,India,31,26-35,Male,0,akash.nair6353@gmail.com,9747489037
6354,Ayush Desai,Leisure,India,32,26-35,Female,0,ayush.desai6354@gmail.com,9839438643
6355,Ayush Kumar,Family,India,46,36-50,Female,0,ayush.kumar6355@gmail.com,9709197383
6356,Tanya Malhotra,Family,India,60,51-65,Male,0,tanya.malhotra6356@gmail.com,9961185173
6357,Divya Singh,Leisure,Nepal,23,18-25,Female,0,divya.singh6357@gmail.com,9300760819
6358,Divya Patel,Leisure,Germany,43,36-50,Female,0,divya.patel6358@gmail.com,9149239820
6359,Rahul Banerjee,Family,India,71,65+,Female,1,rahul.banerjee6359@gmail.com,9369708459
6360,Meera Kapoor,Couple,India,36,36-50,Female,1,meera.kapoor6360@gmail.com,9272193919
6361,Rohan Trivedi,Business,India,55,51-65,Male,1,rohan.trivedi6361@gmail.com,9267836718
6362,Rahul Bose,Leisure,India,47,36-50,Male,1,rahul.bose6362@gmail.com,9573989048
6363,Kritika Banerjee,Business,India,33,26-35,Female,1,kritika.banerjee6363@gmail.com,9646118353
6364,Sneha Desai,Leisure,India,50,36-50,Female,0,sneha.desai6364@gmail.com,9443176109
6365,Riya Kumar,Leisure,India,56,51-65,Male,1,riya.kumar6365@gmail.com,9905961190
6366,Tanya Shah,Leisure,India,18,18-25,Male,0,tanya.shah6366@gmail.com,9164421372
6367,Shruti Shah,Leisure,India,26,26-35,Female,0,shruti.shah6367@gmail.com,9555404591
6368,Riya Dixit,Business,India,39,36-50,Female,0,riya.dixit6368@gmail.com,9692199586
6369,Nikhil Kumar,Leisure,India,28,26-35,Female,0,nikhil.kumar6369@gmail.com,9802466082
6370,Priya Mehta,Couple,India,35,26-35,Female,0,priya.mehta6370@gmail.com,9336458702
6371,Divya Banerjee,Couple,India,70,65+,Female,0,divya.banerjee6371@gmail.com,9947131286
6372,Nikhil Desai,Leisure,India,36,36-50,Male,0,nikhil.desai6372@gmail.com,9903764993
6373,Nikhil Das,Family,India,39,36-50,Male,0,nikhil.das6373@gmail.com,9631588474
6374,Meera Malhotra,Family,India,70,65+,Female,1,meera.malhotra6374@gmail.com,9882852912
6375,Harsh Kapoor,Business,India,61,51-65,Female,0,harsh.kapoor6375@gmail.com,9977260812
6376,Rohan Chopra,Business,India,44,36-50,Female,0,rohan.chopra6376@gmail.com,9113536720
6377,Amit Trivedi,Couple,India,67,65+,Male,0,amit.trivedi6377@gmail.com,9580717768
6378,Sanjay Gupta,Couple,India,54,51-65,Female,0,sanjay.gupta6378@gmail.com,9653875855
6379,Deepak Bose,Family,India,23,18-25,Male,0,deepak.bose6379@gmail.com,9297580935
6380,Rohit Malhotra,Family,India,64,51-65,Female,0,rohit.malhotra6380@gmail.com,9615350064
6381,Simran Bose,Couple,India,71,65+,Male,0,simran.bose6381@gmail.com,9240082242
6382,Aditya Nair,Leisure,India,44,36-50,Male,1,aditya.nair6382@gmail.com,9405737448
6383,Anjali Dixit,Business,India,37,36-50,Male,1,anjali.dixit6383@gmail.com,9764461063
6384,Riya Patel,Business,India,22,18-25,Male,0,riya.patel6384@gmail.com,9266704389
6385,Divya Saxena,Leisure,India,27,26-35,Male,1,divya.saxena6385@gmail.com,9936620139
6386,Karan Chopra,Couple,India,66,65+,Male,0,karan.chopra6386@gmail.com,9820666790
6387,Karan Agarwal,Leisure,India,28,26-35,Female,1,karan.agarwal6387@gmail.com,9869120358
6388,Nisha Saxena,Couple,India,26,26-35,Female,1,nisha.saxena6388@gmail.com,9964642248
6389,Shruti Pillai,Leisure,India,60,51-65,Female,1,shruti.pillai6389@gmail.com,9158449366
6390,Tanvi Iyer,Leisure,India,31,26-35,Female,0,tanvi.iyer6390@gmail.com,9532583129
6391,Pallavi Pillai,Business,India,19,18-25,Male,0,pallavi.pillai6391@gmail.com,9570622857
6392,Shreyash Gupta,Leisure,India,37,36-50,Female,0,shreyash.gupta6392@gmail.com,9521048482
6393,Gaurav Agarwal,Couple,India,62,51-65,Male,0,gaurav.agarwal6393@gmail.com,9834744201
6394,Rahul Pillai,Couple,India,58,51-65,Female,1,rahul.pillai6394@gmail.com,9538596358
6395,Shreyash Joshi,Family,UAE,65,51-65,Female,0,shreyash.joshi6395@gmail.com,9117609329
6396,Ishaan Malhotra,Leisure,India,55,51-65,Male,0,ishaan.malhotra6396@gmail.com,9779905838
6397,Shruti Joshi,Leisure,India,48,36-50,Male,0,shruti.joshi6397@gmail.com,9707271260
6398,Anjali Shah,Leisure,India,38,36-50,Female,0,anjali.shah6398@gmail.com,9270552732
6399,Harsh Mehta,Leisure,India,37,36-50,Female,0,harsh.mehta6399@gmail.com,9980508714
6400,Ayush Banerjee,Family,India,48,36-50,Male,0,ayush.banerjee6400@gmail.com,9390427752
6401,Pallavi Joshi,Couple,India,67,65+,Male,1,pallavi.joshi6401@gmail.com,9369944660
6402,Shruti Rao,Family,India,24,18-25,Male,0,shruti.rao6402@gmail.com,9420256572
6403,Ayush Das,Business,India,23,18-25,Male,0,ayush.das6403@gmail.com,9651046375
6404,Kritika Joshi,Family,India,70,65+,Female,0,kritika.joshi6404@gmail.com,9901236670
6405,Ishaan Banerjee,Business,India,48,36-50,Male,1,ishaan.banerjee6405@gmail.com,9369058392
6406,Ayush Kulkarni,Family,India,19,18-25,Male,0,ayush.kulkarni6406@gmail.com,9955035724
6407,Muskan Chopra,Leisure,India,51,51-65,Female,0,muskan.chopra6407@gmail.com,9447902434
6408,Nikhil Trivedi,Leisure,India,32,26-35,Female,1,nikhil.trivedi6408@gmail.com,9702848291
6409,Tanvi Mehta,Leisure,Australia,59,51-65,Male,0,tanvi.mehta6409@gmail.com,9684613049
6410,Kavya Mishra,Family,India,25,18-25,Female,0,kavya.mishra6410@gmail.com,9304670213
6411,Ritu Nair,Business,India,55,51-65,Male,0,ritu.nair6411@gmail.com,9792994451
6412,Meera Nair,Leisure,India,56,51-65,Male,0,meera.nair6412@gmail.com,9754898032
6413,Ananya Trivedi,Family,India,23,18-25,Male,1,ananya.trivedi6413@gmail.com,9958777150
6414,Priya Singh,Leisure,India,31,26-35,Male,0,priya.singh6414@gmail.com,9494131495
6415,Divya Sharma,Business,India,58,51-65,Male,1,divya.sharma6415@gmail.com,9206736562
6416,Tanya Gupta,Leisure,India,22,18-25,Male,1,tanya.gupta6416@gmail.com,9986878677
6417,Kritika Bose,Leisure,UAE,31,26-35,Male,0,kritika.bose6417@gmail.com,9105229865
6418,Simran Mishra,Family,India,23,18-25,Male,0,simran.mishra6418@gmail.com,9297129318
6419,Kavya Kumar,Couple,India,56,51-65,Female,0,kavya.kumar6419@gmail.com,9137542648
6420,Neha Joshi,Leisure,India,40,36-50,Male,0,neha.joshi6420@gmail.com,9362943147
6421,Arjun Pillai,Family,India,49,36-50,Female,0,arjun.pillai6421@gmail.com,9717718417
6422,Rahul Sharma,Leisure,Australia,18,18-25,Male,0,rahul.sharma6422@gmail.com,9785964526
6423,Pooja Iyer,Business,India,39,36-50,Male,0,pooja.iyer6423@gmail.com,9287007024
6424,Vishal Desai,Leisure,India,51,51-65,Male,1,vishal.desai6424@gmail.com,9334847209
6425,Shreyash Dixit,Leisure,India,25,18-25,Female,0,shreyash.dixit6425@gmail.com,9435669043
6426,Vishal Das,Business,India,37,36-50,Female,0,vishal.das6426@gmail.com,9221941177
6427,Pallavi Bose,Family,India,63,51-65,Female,1,pallavi.bose6427@gmail.com,9618222915
6428,Anjali Mishra,Couple,India,20,18-25,Female,1,anjali.mishra6428@gmail.com,9769203764
6429,Kavya Pillai,Leisure,Malaysia,64,51-65,Male,0,kavya.pillai6429@gmail.com,9685528587
6430,Karan Khanna,Leisure,India,63,51-65,Male,1,karan.khanna6430@gmail.com,9320004561
6431,Suresh Kumar,Couple,India,60,51-65,Male,1,suresh.kumar6431@gmail.com,9744570919
6432,Meera Joshi,Family,India,62,51-65,Male,0,meera.joshi6432@gmail.com,9249070105
6433,Manish Joshi,Family,Canada,46,36-50,Female,1,manish.joshi6433@gmail.com,9258436443
6434,Amit Kulkarni,Leisure,India,23,18-25,Male,1,amit.kulkarni6434@gmail.com,9568852544
6435,Pallavi Saxena,Couple,India,64,51-65,Female,1,pallavi.saxena6435@gmail.com,9900058673
6436,Meera Joshi,Leisure,India,49,36-50,Male,1,meera.joshi6436@gmail.com,9913314111
6437,Pooja Kapoor,Leisure,India,50,36-50,Male,1,pooja.kapoor6437@gmail.com,9564937069
6438,Pallavi Trivedi,Business,Nepal,52,51-65,Female,0,pallavi.trivedi6438@gmail.com,9741885822
6439,Rahul Joshi,Business,India,24,18-25,Female,1,rahul.joshi6439@gmail.com,9526250752
6440,Deepak Mukherjee,Leisure,India,45,36-50,Female,1,deepak.mukherjee6440@gmail.com,9116901189
6441,Suresh Joshi,Leisure,India,57,51-65,Female,1,suresh.joshi6441@gmail.com,9836339355
6442,Swati Shah,Business,India,72,65+,Male,0,swati.shah6442@gmail.com,9823389572
6443,Rahul Chopra,Couple,India,22,18-25,Female,0,rahul.chopra6443@gmail.com,9165120960
6444,Swati Sharma,Business,India,38,36-50,Female,1,swati.sharma6444@gmail.com,9378590698
6445,Shreyash Malhotra,Leisure,India,53,51-65,Female,0,shreyash.malhotra6445@gmail.com,9625476680
6446,Akash Patel,Leisure,India,68,65+,Female,0,akash.patel6446@gmail.com,9568327454
6447,Akash Agarwal,Family,India,21,18-25,Male,0,akash.agarwal6447@gmail.com,9879619309
6448,Aditya Sharma,Leisure,India,46,36-50,Female,1,aditya.sharma6448@gmail.com,9415803987
6449,Amit Malhotra,Business,India,32,26-35,Female,0,amit.malhotra6449@gmail.com,9108352107
6450,Pooja Nair,Leisure,India,46,36-50,Male,0,pooja.nair6450@gmail.com,9738815160
6451,Akash Mehta,Couple,France,26,26-35,Male,0,akash.mehta6451@gmail.com,9226491985
6452,Ananya Dixit,Family,India,26,26-35,Male,0,ananya.dixit6452@gmail.com,9196626995
6453,Suresh Singh,Leisure,India,34,26-35,Male,0,suresh.singh6453@gmail.com,9309859529
6454,Gaurav Mishra,Leisure,India,22,18-25,Male,0,gaurav.mishra6454@gmail.com,9291952988
6455,Nisha Patel,Family,India,38,36-50,Male,1,nisha.patel6455@gmail.com,9603653345
6456,Ritu Desai,Business,India,69,65+,Male,0,ritu.desai6456@gmail.com,9594875030
6457,Sneha Pillai,Couple,India,35,26-35,Female,0,sneha.pillai6457@gmail.com,9572374723
6458,Rohan Rao,Leisure,India,53,51-65,Female,0,rohan.rao6458@gmail.com,9777268327
6459,Pooja Joshi,Business,India,71,65+,Male,0,pooja.joshi6459@gmail.com,9808931944
6460,Ayush Sharma,Leisure,India,58,51-65,Female,0,ayush.sharma6460@gmail.com,9186167742
6461,Kavya Mishra,Leisure,India,51,51-65,Male,0,kavya.mishra6461@gmail.com,9233462931
6462,Arjun Mukherjee,Couple,India,70,65+,Female,0,arjun.mukherjee6462@gmail.com,9636707230
6463,Kritika Iyer,Family,India,44,36-50,Male,0,kritika.iyer6463@gmail.com,9463276923
6464,Rohit Verma,Leisure,India,43,36-50,Male,1,rohit.verma6464@gmail.com,9141887242
6465,Rohan Gupta,Couple,India,46,36-50,Female,0,rohan.gupta6465@gmail.com,9180639531
6466,Riya Desai,Business,India,66,65+,Male,1,riya.desai6466@gmail.com,9263821226
6467,Meera Mishra,Leisure,India,34,26-35,Female,0,meera.mishra6467@gmail.com,9427849546
6468,Akash Reddy,Business,India,46,36-50,Female,0,akash.reddy6468@gmail.com,9446384079
6469,Karan Das,Family,India,21,18-25,Female,0,karan.das6469@gmail.com,9791847128
6470,Divya Mishra,Couple,India,51,51-65,Female,0,divya.mishra6470@gmail.com,9487364073
6471,Shreyash Nair,Couple,India,47,36-50,Male,0,shreyash.nair6471@gmail.com,9304198196
6472,Meera Bose,Couple,France,39,36-50,Female,0,meera.bose6472@gmail.com,9773253189
6473,Priya Joshi,Couple,Australia,34,26-35,Male,0,priya.joshi6473@gmail.com,9757566903
6474,Kavya Saxena,Family,India,43,36-50,Female,1,kavya.saxena6474@gmail.com,9751145707
6475,Ishaan Khanna,Couple,India,36,36-50,Female,1,ishaan.khanna6475@gmail.com,9827276599
6476,Pallavi Mehta,Family,India,53,51-65,Male,0,pallavi.mehta6476@gmail.com,9914750731
6477,Kritika Trivedi,Leisure,UK,40,36-50,Male,0,kritika.trivedi6477@gmail.com,9747262863
6478,Vikram Mishra,Business,Malaysia,53,51-65,Female,0,vikram.mishra6478@gmail.com,9535145874
6479,Suresh Trivedi,Leisure,India,48,36-50,Male,0,suresh.trivedi6479@gmail.com,9342394731
6480,Kavya Desai,Business,India,18,18-25,Female,0,kavya.desai6480@gmail.com,9160688859
6481,Arjun Rao,Leisure,India,30,26-35,Male,1,arjun.rao6481@gmail.com,9163458839
6482,Neha Verma,Leisure,Singapore,26,26-35,Male,0,neha.verma6482@gmail.com,9840574164
6483,Karan Verma,Couple,Singapore,39,36-50,Male,0,karan.verma6483@gmail.com,9546249621
6484,Meera Kapoor,Business,India,69,65+,Female,1,meera.kapoor6484@gmail.com,9333162276
6485,Karan Chopra,Business,India,20,18-25,Female,1,karan.chopra6485@gmail.com,9490634025
6486,Tanya Trivedi,Leisure,Canada,25,18-25,Female,1,tanya.trivedi6486@gmail.com,9411911785
6487,Anjali Singh,Family,India,24,18-25,Female,0,anjali.singh6487@gmail.com,9718328829
6488,Deepak Khanna,Leisure,India,39,36-50,Female,0,deepak.khanna6488@gmail.com,9278993372
6489,Pooja Bose,Leisure,India,52,51-65,Female,1,pooja.bose6489@gmail.com,9771582499
6490,Nisha Kapoor,Couple,India,50,36-50,Male,0,nisha.kapoor6490@gmail.com,9180095075
6491,Suresh Agarwal,Couple,India,25,18-25,Female,1,suresh.agarwal6491@gmail.com,9627335231
6492,Muskan Joshi,Leisure,India,60,51-65,Female,0,muskan.joshi6492@gmail.com,9729895442
6493,Ayush Kulkarni,Leisure,India,46,36-50,Male,1,ayush.kulkarni6493@gmail.com,9882156447
6494,Meera Malhotra,Business,India,59,51-65,Female,0,meera.malhotra6494@gmail.com,9792721605
6495,Rohan Trivedi,Family,India,41,36-50,Male,0,rohan.trivedi6495@gmail.com,9165664998
6496,Pallavi Malhotra,Business,India,34,26-35,Female,0,pallavi.malhotra6496@gmail.com,9798913879
6497,Vikram Trivedi,Leisure,India,32,26-35,Female,0,vikram.trivedi6497@gmail.com,9710783004
6498,Divya Dixit,Business,UAE,33,26-35,Male,0,divya.dixit6498@gmail.com,9599867161
6499,Ananya Joshi,Business,India,38,36-50,Male,0,ananya.joshi6499@gmail.com,9127607052
6500,Shreyash Singh,Couple,India,34,26-35,Female,0,shreyash.singh6500@gmail.com,9356207634
6501,Riya Mishra,Business,India,61,51-65,Female,0,riya.mishra6501@gmail.com,9431290710
6502,Meera Das,Business,India,70,65+,Male,0,meera.das6502@gmail.com,9778502132
6503,Nikhil Sharma,Leisure,India,44,36-50,Female,1,nikhil.sharma6503@gmail.com,9128438003
6504,Gaurav Trivedi,Business,India,58,51-65,Female,1,gaurav.trivedi6504@gmail.com,9578753463
6505,Nisha Agarwal,Business,India,69,65+,Male,0,nisha.agarwal6505@gmail.com,9954485140
6506,Vikram Reddy,Couple,India,56,51-65,Male,0,vikram.reddy6506@gmail.com,9109614516
6507,Shruti Singh,Couple,India,46,36-50,Male,0,shruti.singh6507@gmail.com,9109651563
6508,Arjun Kumar,Family,India,38,36-50,Male,1,arjun.kumar6508@gmail.com,9305096311
6509,Pooja Rao,Family,India,18,18-25,Female,0,pooja.rao6509@gmail.com,9301054303
6510,Riya Joshi,Couple,India,69,65+,Female,0,riya.joshi6510@gmail.com,9649151769
6511,Aditya Bose,Business,India,25,18-25,Male,1,aditya.bose6511@gmail.com,9519951913
6512,Pooja Verma,Couple,Australia,57,51-65,Female,1,pooja.verma6512@gmail.com,9139391612
6513,Pallavi Agarwal,Couple,India,66,65+,Female,0,pallavi.agarwal6513@gmail.com,9974470345
6514,Akash Reddy,Couple,India,28,26-35,Male,0,akash.reddy6514@gmail.com,9795066701
6515,Vikram Khanna,Leisure,India,35,26-35,Female,1,vikram.khanna6515@gmail.com,9521182311
6516,Rahul Bose,Business,India,32,26-35,Female,1,rahul.bose6516@gmail.com,9857585605
6517,Tanvi Dixit,Couple,India,22,18-25,Female,0,tanvi.dixit6517@gmail.com,9282168031
6518,Ishaan Banerjee,Couple,India,65,51-65,Female,0,ishaan.banerjee6518@gmail.com,9447536448
6519,Riya Banerjee,Family,India,31,26-35,Female,0,riya.banerjee6519@gmail.com,9753698659
6520,Shreyash Joshi,Business,India,32,26-35,Male,0,shreyash.joshi6520@gmail.com,9635703214
6521,Riya Saxena,Business,India,60,51-65,Male,0,riya.saxena6521@gmail.com,9566592882
6522,Priya Nair,Business,India,64,51-65,Male,1,priya.nair6522@gmail.com,9729889255
6523,Meera Agarwal,Couple,India,64,51-65,Male,0,meera.agarwal6523@gmail.com,9928800646
6524,Ritu Pandey,Business,India,54,51-65,Male,0,ritu.pandey6524@gmail.com,9466146104
6525,Shruti Das,Business,India,26,26-35,Female,0,shruti.das6525@gmail.com,9779327870
6526,Nikhil Agarwal,Family,India,42,36-50,Female,0,nikhil.agarwal6526@gmail.com,9762929934
6527,Nikhil Shah,Business,India,37,36-50,Female,0,nikhil.shah6527@gmail.com,9521761287
6528,Priya Dixit,Couple,India,38,36-50,Male,0,priya.dixit6528@gmail.com,9193493459
6529,Sneha Singh,Leisure,India,36,36-50,Male,0,sneha.singh6529@gmail.com,9812197523
6530,Rohit Kapoor,Couple,India,71,65+,Female,0,rohit.kapoor6530@gmail.com,9665214441
6531,Priya Kulkarni,Leisure,India,72,65+,Female,0,priya.kulkarni6531@gmail.com,9415029981
6532,Sneha Reddy,Family,India,68,65+,Male,0,sneha.reddy6532@gmail.com,9501043674
6533,Kavya Malhotra,Family,India,69,65+,Female,0,kavya.malhotra6533@gmail.com,9605334571
6534,Pallavi Mukherjee,Business,Malaysia,55,51-65,Female,1,pallavi.mukherjee6534@gmail.com,9580244170
6535,Nikhil Dixit,Business,UAE,41,36-50,Female,0,nikhil.dixit6535@gmail.com,9339990980
6536,Harsh Kulkarni,Leisure,India,53,51-65,Female,0,harsh.kulkarni6536@gmail.com,9905211907
6537,Anjali Malhotra,Couple,India,28,26-35,Male,0,anjali.malhotra6537@gmail.com,9978072429
6538,Ananya Pandey,Family,India,44,36-50,Female,0,ananya.pandey6538@gmail.com,9787433751
6539,Sneha Singh,Leisure,India,49,36-50,Female,0,sneha.singh6539@gmail.com,9269434799
6540,Riya Saxena,Couple,India,29,26-35,Female,0,riya.saxena6540@gmail.com,9916887023
6541,Shruti Malhotra,Business,India,31,26-35,Female,0,shruti.malhotra6541@gmail.com,9828687999
6542,Simran Dixit,Couple,India,57,51-65,Male,1,simran.dixit6542@gmail.com,9980395988
6543,Aditya Pillai,Family,India,39,36-50,Female,1,aditya.pillai6543@gmail.com,9100989389
6544,Sneha Mishra,Leisure,India,66,65+,Male,0,sneha.mishra6544@gmail.com,9867187116
6545,Pooja Gupta,Leisure,India,27,26-35,Female,0,pooja.gupta6545@gmail.com,9443467275
6546,Riya Kulkarni,Business,India,32,26-35,Female,1,riya.kulkarni6546@gmail.com,9316591265
6547,Ayush Desai,Leisure,India,42,36-50,Male,0,ayush.desai6547@gmail.com,9760380228
6548,Vishal Rao,Leisure,India,37,36-50,Male,0,vishal.rao6548@gmail.com,9902983967
6549,Suresh Sharma,Business,India,21,18-25,Female,1,suresh.sharma6549@gmail.com,9527212239
6550,Kavya Shah,Leisure,India,44,36-50,Male,1,kavya.shah6550@gmail.com,9742976274
6551,Harsh Reddy,Leisure,India,30,26-35,Female,1,harsh.reddy6551@gmail.com,9292799061
6552,Gaurav Kulkarni,Leisure,India,56,51-65,Male,0,gaurav.kulkarni6552@gmail.com,9842539262
6553,Shreyash Patel,Leisure,India,24,18-25,Male,0,shreyash.patel6553@gmail.com,9963769807
6554,Gaurav Patel,Business,India,30,26-35,Male,1,gaurav.patel6554@gmail.com,9975316385
6555,Tanya Khanna,Couple,India,23,18-25,Female,1,tanya.khanna6555@gmail.com,9800822184
6556,Shruti Patel,Couple,USA,29,26-35,Male,0,shruti.patel6556@gmail.com,9313907122
6557,Pooja Mehta,Leisure,India,53,51-65,Male,0,pooja.mehta6557@gmail.com,9834604200
6558,Vikram Patel,Business,India,33,26-35,Female,0,vikram.patel6558@gmail.com,9876532580
6559,Nikhil Nair,Couple,India,68,65+,Female,0,nikhil.nair6559@gmail.com,9546717183
6560,Swati Mukherjee,Family,India,42,36-50,Female,0,swati.mukherjee6560@gmail.com,9420828896
6561,Swati Agarwal,Business,India,31,26-35,Female,0,swati.agarwal6561@gmail.com,9641449627
6562,Neha Agarwal,Leisure,India,69,65+,Female,1,neha.agarwal6562@gmail.com,9928411075
6563,Neha Kumar,Business,India,26,26-35,Female,0,neha.kumar6563@gmail.com,9716540738
6564,Sanjay Chopra,Leisure,India,33,26-35,Male,0,sanjay.chopra6564@gmail.com,9885531796
6565,Rohit Shah,Business,Singapore,33,26-35,Male,0,rohit.shah6565@gmail.com,9188309888
6566,Meera Chopra,Leisure,UK,65,51-65,Male,0,meera.chopra6566@gmail.com,9803113223
6567,Ishaan Malhotra,Couple,India,65,51-65,Male,0,ishaan.malhotra6567@gmail.com,9253820143
6568,Gaurav Verma,Leisure,India,45,36-50,Male,0,gaurav.verma6568@gmail.com,9553748478
6569,Rahul Kapoor,Leisure,India,36,36-50,Male,0,rahul.kapoor6569@gmail.com,9232388142
6570,Nisha Khanna,Leisure,India,48,36-50,Female,1,nisha.khanna6570@gmail.com,9551041930
6571,Vishal Mishra,Leisure,India,65,51-65,Female,0,vishal.mishra6571@gmail.com,9586583194
6572,Simran Iyer,Business,India,21,18-25,Male,0,simran.iyer6572@gmail.com,9157638567
6573,Shruti Saxena,Business,India,70,65+,Female,0,shruti.saxena6573@gmail.com,9470308441
6574,Suresh Pillai,Family,India,28,26-35,Male,0,suresh.pillai6574@gmail.com,9932131954
6575,Tanya Reddy,Business,India,31,26-35,Female,0,tanya.reddy6575@gmail.com,9219890370
6576,Suresh Chopra,Couple,India,29,26-35,Female,0,suresh.chopra6576@gmail.com,9923034405
6577,Ananya Agarwal,Family,India,55,51-65,Female,0,ananya.agarwal6577@gmail.com,9484653505
6578,Pooja Kapoor,Leisure,UK,64,51-65,Female,0,pooja.kapoor6578@gmail.com,9172176546
6579,Simran Verma,Leisure,India,71,65+,Female,0,simran.verma6579@gmail.com,9414827413
6580,Nisha Rao,Leisure,India,67,65+,Female,1,nisha.rao6580@gmail.com,9985478816
6581,Simran Sharma,Family,India,34,26-35,Male,0,simran.sharma6581@gmail.com,9282401913
6582,Nisha Desai,Family,India,72,65+,Female,0,nisha.desai6582@gmail.com,9492429255
6583,Swati Verma,Couple,India,18,18-25,Male,0,swati.verma6583@gmail.com,9604579265
6584,Harsh Agarwal,Business,UAE,40,36-50,Male,1,harsh.agarwal6584@gmail.com,9835358176
6585,Nisha Kapoor,Couple,India,20,18-25,Male,0,nisha.kapoor6585@gmail.com,9253816495
6586,Swati Kulkarni,Leisure,India,65,51-65,Male,0,swati.kulkarni6586@gmail.com,9849126901
6587,Priya Patel,Leisure,Singapore,37,36-50,Male,0,priya.patel6587@gmail.com,9863522129
6588,Amit Pandey,Business,India,49,36-50,Male,1,amit.pandey6588@gmail.com,9554576836
6589,Amit Pillai,Business,India,24,18-25,Female,1,amit.pillai6589@gmail.com,9812559365
6590,Nisha Sharma,Couple,India,55,51-65,Male,0,nisha.sharma6590@gmail.com,9900749320
6591,Pooja Kapoor,Leisure,India,40,36-50,Female,0,pooja.kapoor6591@gmail.com,9290575149
6592,Harsh Chopra,Leisure,India,59,51-65,Male,0,harsh.chopra6592@gmail.com,9864107482
6593,Karan Desai,Leisure,India,66,65+,Female,0,karan.desai6593@gmail.com,9639150724
6594,Swati Dixit,Family,India,40,36-50,Male,0,swati.dixit6594@gmail.com,9520113858
6595,Ishaan Dixit,Couple,India,22,18-25,Female,0,ishaan.dixit6595@gmail.com,9602614283
6596,Neha Banerjee,Leisure,India,41,36-50,Female,0,neha.banerjee6596@gmail.com,9186920316
6597,Nikhil Rao,Business,India,55,51-65,Female,0,nikhil.rao6597@gmail.com,9707386932
6598,Kavya Rao,Leisure,India,42,36-50,Female,0,kavya.rao6598@gmail.com,9115194519
6599,Swati Saxena,Family,India,38,36-50,Male,0,swati.saxena6599@gmail.com,9225162968
6600,Vikram Mehta,Leisure,India,55,51-65,Female,0,vikram.mehta6600@gmail.com,9301734277
6601,Divya Gupta,Leisure,India,41,36-50,Male,0,divya.gupta6601@gmail.com,9500712702
6602,Kritika Agarwal,Leisure,India,22,18-25,Male,1,kritika.agarwal6602@gmail.com,9256040822
6603,Shruti Kulkarni,Leisure,India,46,36-50,Female,0,shruti.kulkarni6603@gmail.com,9915841089
6604,Gaurav Saxena,Couple,India,53,51-65,Female,0,gaurav.saxena6604@gmail.com,9713180024
6605,Shreyash Bose,Leisure,India,44,36-50,Male,1,shreyash.bose6605@gmail.com,9556187205
6606,Aditya Patel,Business,India,28,26-35,Female,0,aditya.patel6606@gmail.com,9379034112
6607,Meera Kapoor,Business,India,71,65+,Male,1,meera.kapoor6607@gmail.com,9473173203
6608,Rohan Das,Leisure,India,45,36-50,Female,1,rohan.das6608@gmail.com,9104643279
6609,Neha Gupta,Family,India,36,36-50,Female,0,neha.gupta6609@gmail.com,9871472708
6610,Rahul Kumar,Leisure,India,42,36-50,Male,0,rahul.kumar6610@gmail.com,9908684142
6611,Ayush Singh,Family,India,70,65+,Female,1,ayush.singh6611@gmail.com,9832479392
6612,Priya Pandey,Couple,India,41,36-50,Female,1,priya.pandey6612@gmail.com,9516940987
6613,Rahul Rao,Business,India,29,26-35,Male,1,rahul.rao6613@gmail.com,9302468113
6614,Manish Rao,Business,India,31,26-35,Female,0,manish.rao6614@gmail.com,9501271767
6615,Kritika Agarwal,Business,Malaysia,36,36-50,Male,0,kritika.agarwal6615@gmail.com,9659244783
6616,Nisha Trivedi,Couple,India,18,18-25,Female,0,nisha.trivedi6616@gmail.com,9999898650
6617,Amit Shah,Business,India,48,36-50,Male,1,amit.shah6617@gmail.com,9907880343
6618,Rohit Khanna,Leisure,India,29,26-35,Female,0,rohit.khanna6618@gmail.com,9845997304
6619,Gaurav Shah,Leisure,India,26,26-35,Male,0,gaurav.shah6619@gmail.com,9543624839
6620,Pooja Kumar,Couple,India,50,36-50,Male,1,pooja.kumar6620@gmail.com,9360741890
6621,Tanvi Sharma,Business,UAE,71,65+,Female,0,tanvi.sharma6621@gmail.com,9822197786
6622,Simran Malhotra,Leisure,India,60,51-65,Female,0,simran.malhotra6622@gmail.com,9810083020
6623,Vikram Mishra,Leisure,India,30,26-35,Male,0,vikram.mishra6623@gmail.com,9200810687
6624,Suresh Reddy,Leisure,India,47,36-50,Female,0,suresh.reddy6624@gmail.com,9132233746
6625,Meera Bose,Couple,India,45,36-50,Female,0,meera.bose6625@gmail.com,9521210556
6626,Muskan Khanna,Business,India,29,26-35,Male,0,muskan.khanna6626@gmail.com,9270043555
6627,Nikhil Desai,Couple,India,55,51-65,Female,0,nikhil.desai6627@gmail.com,9306689584
6628,Karan Pillai,Couple,India,57,51-65,Male,0,karan.pillai6628@gmail.com,9817090992
6629,Ayush Verma,Leisure,India,71,65+,Male,0,ayush.verma6629@gmail.com,9334835549
6630,Manish Bose,Couple,Singapore,30,26-35,Male,0,manish.bose6630@gmail.com,9266752541
6631,Deepak Das,Leisure,India,26,26-35,Female,0,deepak.das6631@gmail.com,9454358799
6632,Nikhil Iyer,Business,India,55,51-65,Female,1,nikhil.iyer6632@gmail.com,9965691616
6633,Kavya Patel,Couple,India,43,36-50,Female,0,kavya.patel6633@gmail.com,9589713565
6634,Vikram Gupta,Leisure,Australia,72,65+,Female,0,vikram.gupta6634@gmail.com,9404984283
6635,Muskan Khanna,Couple,India,56,51-65,Male,0,muskan.khanna6635@gmail.com,9271770317
6636,Ayush Reddy,Leisure,India,50,36-50,Male,0,ayush.reddy6636@gmail.com,9865623046
6637,Vikram Malhotra,Family,India,35,26-35,Female,0,vikram.malhotra6637@gmail.com,9544159661
6638,Ritu Saxena,Leisure,India,33,26-35,Female,0,ritu.saxena6638@gmail.com,9538311729
6639,Manish Iyer,Business,India,71,65+,Female,1,manish.iyer6639@gmail.com,9278803220
6640,Rohit Banerjee,Leisure,India,24,18-25,Female,0,rohit.banerjee6640@gmail.com,9860675831
6641,Rohan Pillai,Couple,India,72,65+,Male,0,rohan.pillai6641@gmail.com,9703334390
6642,Deepak Saxena,Couple,India,30,26-35,Female,0,deepak.saxena6642@gmail.com,9443425425
6643,Pallavi Nair,Leisure,India,43,36-50,Male,0,pallavi.nair6643@gmail.com,9355242574
6644,Tanvi Mishra,Family,India,39,36-50,Female,1,tanvi.mishra6644@gmail.com,9891134001
6645,Amit Banerjee,Leisure,India,72,65+,Male,0,amit.banerjee6645@gmail.com,9738165468
6646,Manish Das,Leisure,India,65,51-65,Female,0,manish.das6646@gmail.com,9252092377
6647,Meera Saxena,Family,Australia,59,51-65,Female,0,meera.saxena6647@gmail.com,9912599998
6648,Simran Mukherjee,Family,India,42,36-50,Male,0,simran.mukherjee6648@gmail.com,9721882750
6649,Vishal Singh,Couple,India,58,51-65,Female,1,vishal.singh6649@gmail.com,9511094514
6650,Arjun Mishra,Family,India,60,51-65,Male,0,arjun.mishra6650@gmail.com,9857496122
6651,Ishaan Nair,Business,India,20,18-25,Female,1,ishaan.nair6651@gmail.com,9818270231
6652,Rohit Sharma,Family,India,58,51-65,Male,0,rohit.sharma6652@gmail.com,9689626621
6653,Arjun Singh,Leisure,India,18,18-25,Female,0,arjun.singh6653@gmail.com,9611891134
6654,Shruti Mehta,Business,India,28,26-35,Male,1,shruti.mehta6654@gmail.com,9576524765
6655,Aditya Khanna,Business,India,50,36-50,Male,0,aditya.khanna6655@gmail.com,9503013177
6656,Tanya Rao,Leisure,India,18,18-25,Female,0,tanya.rao6656@gmail.com,9722024236
6657,Rahul Chopra,Leisure,India,60,51-65,Female,0,rahul.chopra6657@gmail.com,9408166453
6658,Karan Saxena,Leisure,India,49,36-50,Female,1,karan.saxena6658@gmail.com,9379859884
6659,Kritika Pandey,Business,India,30,26-35,Male,1,kritika.pandey6659@gmail.com,9369785771
6660,Ayush Sharma,Leisure,India,65,51-65,Female,1,ayush.sharma6660@gmail.com,9557099491
6661,Ananya Bose,Leisure,India,49,36-50,Male,0,ananya.bose6661@gmail.com,9153771109
6662,Manish Reddy,Leisure,India,45,36-50,Male,1,manish.reddy6662@gmail.com,9272687740
6663,Swati Shah,Leisure,India,26,26-35,Male,0,swati.shah6663@gmail.com,9550513233
6664,Rohit Malhotra,Couple,India,49,36-50,Male,0,rohit.malhotra6664@gmail.com,9705107878
6665,Sanjay Reddy,Family,India,37,36-50,Male,0,sanjay.reddy6665@gmail.com,9937068198
6666,Vishal Kapoor,Couple,India,71,65+,Female,0,vishal.kapoor6666@gmail.com,9601271813
6667,Rahul Patel,Leisure,India,22,18-25,Male,0,rahul.patel6667@gmail.com,9137497374
6668,Akash Shah,Couple,India,50,36-50,Female,1,akash.shah6668@gmail.com,9573550131
6669,Aditya Bose,Business,India,64,51-65,Female,0,aditya.bose6669@gmail.com,9531520593
6670,Rohan Mehta,Business,India,58,51-65,Male,0,rohan.mehta6670@gmail.com,9396668861
6671,Arjun Shah,Leisure,India,54,51-65,Female,0,arjun.shah6671@gmail.com,9505834764
6672,Harsh Singh,Couple,India,32,26-35,Male,1,harsh.singh6672@gmail.com,9114251059
6673,Manish Khanna,Business,India,60,51-65,Female,0,manish.khanna6673@gmail.com,9862063320
6674,Divya Chopra,Business,India,22,18-25,Male,1,divya.chopra6674@gmail.com,9725910526
6675,Amit Shah,Business,India,56,51-65,Female,0,amit.shah6675@gmail.com,9115462409
6676,Rohan Khanna,Family,India,60,51-65,Female,1,rohan.khanna6676@gmail.com,9294821109
6677,Sanjay Saxena,Couple,India,57,51-65,Male,0,sanjay.saxena6677@gmail.com,9345102280
6678,Rohit Mehta,Leisure,India,52,51-65,Female,0,rohit.mehta6678@gmail.com,9602790542
6679,Gaurav Desai,Leisure,India,20,18-25,Female,0,gaurav.desai6679@gmail.com,9881590468
6680,Ishaan Saxena,Leisure,India,71,65+,Male,0,ishaan.saxena6680@gmail.com,9938699360
6681,Nisha Sharma,Couple,India,31,26-35,Female,0,nisha.sharma6681@gmail.com,9673113027
6682,Pallavi Khanna,Business,India,60,51-65,Male,1,pallavi.khanna6682@gmail.com,9207288058
6683,Shreyash Shah,Family,India,33,26-35,Male,0,shreyash.shah6683@gmail.com,9710394704
6684,Meera Bose,Leisure,India,61,51-65,Female,0,meera.bose6684@gmail.com,9293660640
6685,Gaurav Mukherjee,Couple,India,33,26-35,Male,0,gaurav.mukherjee6685@gmail.com,9606724265
6686,Neha Chopra,Business,India,53,51-65,Male,0,neha.chopra6686@gmail.com,9225863746
6687,Aditya Mehta,Leisure,India,22,18-25,Female,0,aditya.mehta6687@gmail.com,9160645359
6688,Swati Iyer,Leisure,India,43,36-50,Female,0,swati.iyer6688@gmail.com,9736638346
6689,Rohit Banerjee,Leisure,USA,53,51-65,Male,0,rohit.banerjee6689@gmail.com,9344457558
6690,Sneha Dixit,Business,India,51,51-65,Female,0,sneha.dixit6690@gmail.com,9570141456
6691,Ritu Patel,Couple,India,50,36-50,Male,1,ritu.patel6691@gmail.com,9997605872
6692,Rahul Shah,Business,India,18,18-25,Female,0,rahul.shah6692@gmail.com,9668937601
6693,Riya Kumar,Couple,India,59,51-65,Male,1,riya.kumar6693@gmail.com,9741129987
6694,Riya Pillai,Couple,India,42,36-50,Female,0,riya.pillai6694@gmail.com,9599649398
6695,Vikram Shah,Leisure,India,36,36-50,Female,0,vikram.shah6695@gmail.com,9377845333
6696,Tanya Kumar,Couple,Singapore,65,51-65,Female,0,tanya.kumar6696@gmail.com,9585983649
6697,Manish Mukherjee,Couple,India,40,36-50,Female,0,manish.mukherjee6697@gmail.com,9966254141
6698,Nisha Pillai,Leisure,India,52,51-65,Male,0,nisha.pillai6698@gmail.com,9446967762
6699,Rohit Das,Couple,India,59,51-65,Male,0,rohit.das6699@gmail.com,9976572739
6700,Ishaan Chopra,Leisure,India,66,65+,Male,0,ishaan.chopra6700@gmail.com,9437878980
6701,Shruti Nair,Leisure,India,68,65+,Male,0,shruti.nair6701@gmail.com,9469709578
6702,Vikram Malhotra,Couple,India,45,36-50,Female,0,vikram.malhotra6702@gmail.com,9630906743
6703,Amit Bose,Leisure,India,21,18-25,Female,0,amit.bose6703@gmail.com,9671292499
6704,Rahul Agarwal,Leisure,India,30,26-35,Male,0,rahul.agarwal6704@gmail.com,9725876210
6705,Aditya Verma,Leisure,India,38,36-50,Male,1,aditya.verma6705@gmail.com,9620622916
6706,Sanjay Reddy,Couple,India,21,18-25,Male,0,sanjay.reddy6706@gmail.com,9421258427
6707,Manish Kapoor,Family,India,62,51-65,Male,0,manish.kapoor6707@gmail.com,9934754467
6708,Tanvi Saxena,Leisure,India,33,26-35,Female,0,tanvi.saxena6708@gmail.com,9486080542
6709,Rohit Verma,Couple,India,46,36-50,Male,0,rohit.verma6709@gmail.com,9440153230
6710,Swati Das,Family,India,72,65+,Male,0,swati.das6710@gmail.com,9674896919
6711,Tanvi Sharma,Business,India,30,26-35,Male,0,tanvi.sharma6711@gmail.com,9827173517
6712,Anjali Iyer,Business,India,42,36-50,Male,0,anjali.iyer6712@gmail.com,9902558734
6713,Gaurav Mukherjee,Couple,India,63,51-65,Female,0,gaurav.mukherjee6713@gmail.com,9596812868
6714,Deepak Nair,Couple,India,64,51-65,Male,0,deepak.nair6714@gmail.com,9331498678
6715,Riya Sharma,Family,India,61,51-65,Female,0,riya.sharma6715@gmail.com,9399691231
6716,Riya Mishra,Leisure,India,66,65+,Male,0,riya.mishra6716@gmail.com,9203060687
6717,Rohan Desai,Business,India,25,18-25,Male,1,rohan.desai6717@gmail.com,9714085071
6718,Ritu Singh,Leisure,Canada,29,26-35,Male,1,ritu.singh6718@gmail.com,9909244694
6719,Rahul Desai,Business,India,29,26-35,Female,1,rahul.desai6719@gmail.com,9722518487
6720,Deepak Desai,Leisure,Malaysia,24,18-25,Female,1,deepak.desai6720@gmail.com,9495198183
6721,Ritu Singh,Couple,India,57,51-65,Male,0,ritu.singh6721@gmail.com,9668908259
6722,Kavya Singh,Business,India,67,65+,Male,1,kavya.singh6722@gmail.com,9349368385
6723,Manish Kapoor,Couple,India,19,18-25,Male,0,manish.kapoor6723@gmail.com,9270202435
6724,Shreyash Gupta,Leisure,India,48,36-50,Male,0,shreyash.gupta6724@gmail.com,9425091003
6725,Muskan Sharma,Leisure,India,46,36-50,Female,0,muskan.sharma6725@gmail.com,9207655209
6726,Shruti Pandey,Business,India,55,51-65,Female,0,shruti.pandey6726@gmail.com,9199190676
6727,Karan Gupta,Leisure,Nepal,68,65+,Female,1,karan.gupta6727@gmail.com,9548637545
6728,Divya Desai,Business,India,44,36-50,Female,0,divya.desai6728@gmail.com,9771203352
6729,Meera Khanna,Family,India,42,36-50,Male,0,meera.khanna6729@gmail.com,9662481308
6730,Tanvi Joshi,Couple,India,19,18-25,Male,0,tanvi.joshi6730@gmail.com,9684518140
6731,Akash Joshi,Leisure,India,56,51-65,Female,0,akash.joshi6731@gmail.com,9813372238
6732,Meera Kapoor,Business,India,22,18-25,Female,1,meera.kapoor6732@gmail.com,9117659031
6733,Ananya Khanna,Family,India,20,18-25,Male,0,ananya.khanna6733@gmail.com,9899099907
6734,Kritika Kulkarni,Leisure,India,50,36-50,Male,1,kritika.kulkarni6734@gmail.com,9322785029
6735,Kritika Khanna,Business,India,21,18-25,Female,0,kritika.khanna6735@gmail.com,9816712260
6736,Harsh Khanna,Leisure,India,23,18-25,Male,0,harsh.khanna6736@gmail.com,9357206566
6737,Deepak Desai,Family,India,63,51-65,Male,0,deepak.desai6737@gmail.com,9829942741
6738,Amit Mehta,Business,India,21,18-25,Male,0,amit.mehta6738@gmail.com,9352188119
6739,Gaurav Rao,Business,India,66,65+,Male,0,gaurav.rao6739@gmail.com,9489589107
6740,Sanjay Khanna,Family,India,36,36-50,Male,0,sanjay.khanna6740@gmail.com,9455720660
6741,Pallavi Agarwal,Business,India,27,26-35,Male,0,pallavi.agarwal6741@gmail.com,9477952105
6742,Vikram Mukherjee,Business,India,58,51-65,Male,0,vikram.mukherjee6742@gmail.com,9665914235
6743,Shruti Singh,Leisure,India,42,36-50,Female,0,shruti.singh6743@gmail.com,9894325273
6744,Sneha Joshi,Family,India,18,18-25,Female,0,sneha.joshi6744@gmail.com,9118884415
6745,Arjun Iyer,Leisure,India,57,51-65,Female,1,arjun.iyer6745@gmail.com,9990466226
6746,Muskan Kumar,Family,France,42,36-50,Male,0,muskan.kumar6746@gmail.com,9397916412
6747,Vikram Sharma,Couple,India,42,36-50,Female,0,vikram.sharma6747@gmail.com,9409119801
6748,Sanjay Nair,Business,India,72,65+,Male,0,sanjay.nair6748@gmail.com,9562324748
6749,Manish Patel,Family,India,61,51-65,Female,1,manish.patel6749@gmail.com,9327052751
6750,Ishaan Saxena,Leisure,India,40,36-50,Female,0,ishaan.saxena6750@gmail.com,9997066806
6751,Rahul Iyer,Leisure,India,69,65+,Male,0,rahul.iyer6751@gmail.com,9116440784
6752,Pallavi Mukherjee,Leisure,India,57,51-65,Female,1,pallavi.mukherjee6752@gmail.com,9361867255
6753,Priya Chopra,Leisure,India,65,51-65,Male,0,priya.chopra6753@gmail.com,9565704491
6754,Akash Kumar,Business,India,52,51-65,Female,1,akash.kumar6754@gmail.com,9338773681
6755,Karan Mukherjee,Business,India,49,36-50,Male,1,karan.mukherjee6755@gmail.com,9717305991
6756,Sanjay Chopra,Leisure,India,65,51-65,Male,1,sanjay.chopra6756@gmail.com,9958607658
6757,Ananya Banerjee,Couple,India,36,36-50,Male,1,ananya.banerjee6757@gmail.com,9981208861
6758,Divya Reddy,Leisure,USA,53,51-65,Male,0,divya.reddy6758@gmail.com,9801771310
6759,Divya Patel,Family,India,55,51-65,Female,1,divya.patel6759@gmail.com,9572969759
6760,Kritika Mishra,Leisure,India,25,18-25,Male,0,kritika.mishra6760@gmail.com,9561828424
6761,Suresh Malhotra,Leisure,India,72,65+,Female,0,suresh.malhotra6761@gmail.com,9612418026
6762,Aditya Banerjee,Business,India,35,26-35,Male,1,aditya.banerjee6762@gmail.com,9745087513
6763,Vishal Mehta,Business,India,33,26-35,Male,0,vishal.mehta6763@gmail.com,9896575875
6764,Suresh Nair,Leisure,India,56,51-65,Female,0,suresh.nair6764@gmail.com,9946459838
6765,Kavya Mishra,Couple,India,50,36-50,Female,0,kavya.mishra6765@gmail.com,9914629266
6766,Aditya Nair,Family,India,43,36-50,Female,1,aditya.nair6766@gmail.com,9740083464
6767,Simran Saxena,Family,India,27,26-35,Female,0,simran.saxena6767@gmail.com,9120570426
6768,Karan Mehta,Business,India,51,51-65,Female,0,karan.mehta6768@gmail.com,9981682744
6769,Arjun Khanna,Family,India,44,36-50,Male,0,arjun.khanna6769@gmail.com,9734348517
6770,Amit Reddy,Leisure,India,69,65+,Male,0,amit.reddy6770@gmail.com,9161446086
6771,Ritu Dixit,Business,USA,50,36-50,Female,0,ritu.dixit6771@gmail.com,9459252442
6772,Simran Sharma,Family,India,25,18-25,Male,0,simran.sharma6772@gmail.com,9601034188
6773,Harsh Joshi,Couple,India,21,18-25,Male,0,harsh.joshi6773@gmail.com,9410247281
6774,Deepak Nair,Business,India,62,51-65,Male,0,deepak.nair6774@gmail.com,9842830716
6775,Vikram Nair,Leisure,India,49,36-50,Female,0,vikram.nair6775@gmail.com,9110614754
6776,Priya Shah,Leisure,Germany,34,26-35,Female,0,priya.shah6776@gmail.com,9829716193
6777,Shreyash Banerjee,Couple,India,51,51-65,Female,0,shreyash.banerjee6777@gmail.com,9622658170
6778,Meera Nair,Leisure,India,67,65+,Female,0,meera.nair6778@gmail.com,9534716525
6779,Gaurav Sharma,Family,India,26,26-35,Male,0,gaurav.sharma6779@gmail.com,9883414081
6780,Sneha Mukherjee,Business,India,72,65+,Female,1,sneha.mukherjee6780@gmail.com,9258892069
6781,Rahul Mishra,Leisure,India,52,51-65,Male,1,rahul.mishra6781@gmail.com,9654864686
6782,Ayush Shah,Leisure,India,58,51-65,Male,0,ayush.shah6782@gmail.com,9242548611
6783,Tanvi Pillai,Leisure,India,58,51-65,Female,1,tanvi.pillai6783@gmail.com,9331869206
6784,Simran Mehta,Leisure,India,25,18-25,Female,1,simran.mehta6784@gmail.com,9525119881
6785,Ayush Mukherjee,Couple,Germany,39,36-50,Female,0,ayush.mukherjee6785@gmail.com,9501007694
6786,Rohit Banerjee,Family,India,44,36-50,Female,0,rohit.banerjee6786@gmail.com,9155104149
6787,Meera Pillai,Family,Nepal,24,18-25,Female,1,meera.pillai6787@gmail.com,9604530200
6788,Ishaan Singh,Couple,India,38,36-50,Male,1,ishaan.singh6788@gmail.com,9795275059
6789,Ananya Singh,Family,India,39,36-50,Male,0,ananya.singh6789@gmail.com,9387367588
6790,Suresh Agarwal,Leisure,India,32,26-35,Male,1,suresh.agarwal6790@gmail.com,9770142092
6791,Manish Mehta,Couple,India,41,36-50,Male,0,manish.mehta6791@gmail.com,9526416754
6792,Amit Reddy,Leisure,India,52,51-65,Female,1,amit.reddy6792@gmail.com,9744339679
6793,Ananya Pandey,Leisure,India,33,26-35,Female,0,ananya.pandey6793@gmail.com,9132421840
6794,Pooja Singh,Leisure,India,57,51-65,Female,0,pooja.singh6794@gmail.com,9427040683
6795,Pallavi Malhotra,Leisure,India,64,51-65,Female,1,pallavi.malhotra6795@gmail.com,9802445607
6796,Akash Desai,Leisure,India,20,18-25,Female,0,akash.desai6796@gmail.com,9761380503
6797,Amit Saxena,Family,India,47,36-50,Male,0,amit.saxena6797@gmail.com,9491479802
6798,Gaurav Desai,Leisure,India,54,51-65,Female,0,gaurav.desai6798@gmail.com,9350197278
6799,Muskan Kapoor,Business,India,67,65+,Male,0,muskan.kapoor6799@gmail.com,9930340650
6800,Deepak Sharma,Leisure,India,48,36-50,Male,0,deepak.sharma6800@gmail.com,9531070652
6801,Tanvi Kulkarni,Business,Malaysia,55,51-65,Male,0,tanvi.kulkarni6801@gmail.com,9657152599
6802,Priya Khanna,Business,India,63,51-65,Female,0,priya.khanna6802@gmail.com,9436909473
6803,Shruti Agarwal,Business,India,35,26-35,Male,1,shruti.agarwal6803@gmail.com,9866017765
6804,Suresh Trivedi,Leisure,India,61,51-65,Female,0,suresh.trivedi6804@gmail.com,9961008409
6805,Vikram Pillai,Leisure,France,45,36-50,Male,0,vikram.pillai6805@gmail.com,9643636119
6806,Pallavi Joshi,Couple,India,44,36-50,Male,0,pallavi.joshi6806@gmail.com,9175316907
6807,Neha Patel,Couple,India,52,51-65,Female,0,neha.patel6807@gmail.com,9696927119
6808,Nikhil Iyer,Leisure,India,27,26-35,Female,0,nikhil.iyer6808@gmail.com,9612240358
6809,Suresh Mishra,Leisure,India,53,51-65,Male,0,suresh.mishra6809@gmail.com,9730121678
6810,Neha Joshi,Leisure,India,66,65+,Female,0,neha.joshi6810@gmail.com,9276743158
6811,Deepak Saxena,Couple,UK,55,51-65,Male,0,deepak.saxena6811@gmail.com,9534150963
6812,Priya Bose,Business,India,36,36-50,Male,0,priya.bose6812@gmail.com,9473312974
6813,Ananya Mukherjee,Business,India,41,36-50,Male,0,ananya.mukherjee6813@gmail.com,9343642469
6814,Sneha Banerjee,Couple,India,31,26-35,Female,0,sneha.banerjee6814@gmail.com,9318186293
6815,Neha Reddy,Leisure,India,41,36-50,Female,0,neha.reddy6815@gmail.com,9123406027
6816,Harsh Pandey,Business,India,45,36-50,Female,1,harsh.pandey6816@gmail.com,9862342063
6817,Arjun Verma,Business,India,18,18-25,Male,1,arjun.verma6817@gmail.com,9888378741
6818,Ritu Patel,Family,India,41,36-50,Female,1,ritu.patel6818@gmail.com,9356024839
6819,Neha Patel,Family,Malaysia,45,36-50,Female,0,neha.patel6819@gmail.com,9143325721
6820,Akash Mukherjee,Couple,India,49,36-50,Male,0,akash.mukherjee6820@gmail.com,9662699354
6821,Suresh Joshi,Leisure,Malaysia,53,51-65,Female,0,suresh.joshi6821@gmail.com,9428032527
6822,Anjali Iyer,Leisure,India,65,51-65,Female,1,anjali.iyer6822@gmail.com,9732101466
6823,Harsh Saxena,Family,Nepal,56,51-65,Male,0,harsh.saxena6823@gmail.com,9502474902
6824,Neha Trivedi,Family,India,56,51-65,Female,0,neha.trivedi6824@gmail.com,9972359176
6825,Nikhil Rao,Business,India,70,65+,Female,0,nikhil.rao6825@gmail.com,9578196762
6826,Tanya Reddy,Couple,India,71,65+,Male,0,tanya.reddy6826@gmail.com,9620029216
6827,Vikram Dixit,Business,India,71,65+,Female,1,vikram.dixit6827@gmail.com,9730253376
6828,Anjali Chopra,Business,India,63,51-65,Male,0,anjali.chopra6828@gmail.com,9844319912
6829,Harsh Iyer,Couple,India,53,51-65,Female,1,harsh.iyer6829@gmail.com,9530894882
6830,Rahul Mukherjee,Leisure,India,24,18-25,Female,0,rahul.mukherjee6830@gmail.com,9340946800
6831,Priya Verma,Family,India,28,26-35,Female,0,priya.verma6831@gmail.com,9951764852
6832,Sneha Patel,Business,India,25,18-25,Male,0,sneha.patel6832@gmail.com,9539169815
6833,Kritika Desai,Leisure,India,47,36-50,Female,1,kritika.desai6833@gmail.com,9933664970
6834,Rahul Iyer,Family,India,27,26-35,Female,0,rahul.iyer6834@gmail.com,9858732379
6835,Pallavi Kumar,Family,India,45,36-50,Male,0,pallavi.kumar6835@gmail.com,9449819994
6836,Rahul Rao,Business,India,29,26-35,Female,1,rahul.rao6836@gmail.com,9873845829
6837,Ayush Dixit,Leisure,India,62,51-65,Female,1,ayush.dixit6837@gmail.com,9688150705
6838,Arjun Nair,Couple,France,44,36-50,Female,0,arjun.nair6838@gmail.com,9280334937
6839,Akash Patel,Business,India,65,51-65,Female,0,akash.patel6839@gmail.com,9177161865
6840,Kritika Bose,Family,India,54,51-65,Male,0,kritika.bose6840@gmail.com,9431765408
6841,Nikhil Verma,Family,India,26,26-35,Female,0,nikhil.verma6841@gmail.com,9987083769
6842,Vishal Kapoor,Business,India,50,36-50,Male,0,vishal.kapoor6842@gmail.com,9148107065
6843,Meera Rao,Business,India,19,18-25,Female,0,meera.rao6843@gmail.com,9215426576
6844,Sanjay Banerjee,Business,Australia,40,36-50,Male,0,sanjay.banerjee6844@gmail.com,9298409476
6845,Kritika Dixit,Family,India,33,26-35,Female,1,kritika.dixit6845@gmail.com,9769835259
6846,Riya Mehta,Business,India,26,26-35,Male,0,riya.mehta6846@gmail.com,9821570600
6847,Sneha Pandey,Leisure,Canada,45,36-50,Female,0,sneha.pandey6847@gmail.com,9535880014
6848,Sanjay Khanna,Leisure,India,18,18-25,Female,1,sanjay.khanna6848@gmail.com,9781745402
6849,Divya Verma,Leisure,India,58,51-65,Male,0,divya.verma6849@gmail.com,9542245904
6850,Rohan Verma,Business,India,39,36-50,Male,0,rohan.verma6850@gmail.com,9637492693
6851,Shruti Dixit,Business,India,47,36-50,Male,0,shruti.dixit6851@gmail.com,9172780306
6852,Kavya Reddy,Family,India,39,36-50,Female,1,kavya.reddy6852@gmail.com,9224279763
6853,Aditya Kapoor,Family,India,72,65+,Female,0,aditya.kapoor6853@gmail.com,9456749081
6854,Tanya Gupta,Couple,India,25,18-25,Female,1,tanya.gupta6854@gmail.com,9572948337
6855,Rahul Das,Business,India,60,51-65,Female,0,rahul.das6855@gmail.com,9109018124
6856,Tanya Joshi,Leisure,India,41,36-50,Male,0,tanya.joshi6856@gmail.com,9670803961
6857,Harsh Kulkarni,Couple,India,36,36-50,Male,1,harsh.kulkarni6857@gmail.com,9305032899
6858,Swati Dixit,Leisure,UK,55,51-65,Female,0,swati.dixit6858@gmail.com,9441410952
6859,Ananya Kapoor,Family,India,27,26-35,Female,1,ananya.kapoor6859@gmail.com,9562659877
6860,Priya Patel,Couple,India,59,51-65,Male,0,priya.patel6860@gmail.com,9471341241
6861,Vikram Chopra,Business,India,48,36-50,Female,0,vikram.chopra6861@gmail.com,9490016974
6862,Vikram Desai,Family,India,30,26-35,Female,0,vikram.desai6862@gmail.com,9368933715
6863,Simran Malhotra,Family,India,22,18-25,Male,0,simran.malhotra6863@gmail.com,9312477959
6864,Ritu Mukherjee,Business,India,69,65+,Female,0,ritu.mukherjee6864@gmail.com,9121360955
6865,Vikram Agarwal,Leisure,India,45,36-50,Male,1,vikram.agarwal6865@gmail.com,9388669497
6866,Nikhil Mukherjee,Leisure,India,43,36-50,Female,0,nikhil.mukherjee6866@gmail.com,9182619203
6867,Sanjay Gupta,Leisure,Australia,69,65+,Female,0,sanjay.gupta6867@gmail.com,9366568312
6868,Anjali Trivedi,Business,India,26,26-35,Female,0,anjali.trivedi6868@gmail.com,9930840468
6869,Akash Patel,Leisure,Nepal,61,51-65,Male,0,akash.patel6869@gmail.com,9102588890
6870,Arjun Verma,Family,India,62,51-65,Male,1,arjun.verma6870@gmail.com,9873675265
6871,Akash Singh,Leisure,India,53,51-65,Female,1,akash.singh6871@gmail.com,9696524221
6872,Ayush Kulkarni,Business,India,34,26-35,Male,0,ayush.kulkarni6872@gmail.com,9949251662
6873,Nisha Mishra,Couple,USA,66,65+,Male,0,nisha.mishra6873@gmail.com,9531483133
6874,Shreyash Kumar,Leisure,India,66,65+,Male,1,shreyash.kumar6874@gmail.com,9115252543
6875,Ishaan Desai,Family,India,38,36-50,Male,0,ishaan.desai6875@gmail.com,9802639959
6876,Shreyash Patel,Leisure,India,25,18-25,Female,1,shreyash.patel6876@gmail.com,9332605105
6877,Vishal Banerjee,Business,India,39,36-50,Male,0,vishal.banerjee6877@gmail.com,9895723302
6878,Neha Banerjee,Business,France,21,18-25,Female,0,neha.banerjee6878@gmail.com,9862575484
6879,Aditya Malhotra,Couple,India,51,51-65,Female,0,aditya.malhotra6879@gmail.com,9734913121
6880,Simran Patel,Leisure,India,29,26-35,Male,0,simran.patel6880@gmail.com,9173537573
6881,Arjun Rao,Couple,Australia,44,36-50,Female,0,arjun.rao6881@gmail.com,9247206513
6882,Vikram Joshi,Business,India,45,36-50,Female,0,vikram.joshi6882@gmail.com,9932987121
6883,Deepak Gupta,Leisure,India,25,18-25,Male,0,deepak.gupta6883@gmail.com,9877483007
6884,Manish Saxena,Leisure,India,30,26-35,Female,0,manish.saxena6884@gmail.com,9155377729
6885,Pallavi Pandey,Family,India,57,51-65,Female,0,pallavi.pandey6885@gmail.com,9841142048
6886,Sanjay Agarwal,Family,India,72,65+,Male,0,sanjay.agarwal6886@gmail.com,9721401099
6887,Anjali Sharma,Business,India,32,26-35,Male,0,anjali.sharma6887@gmail.com,9378868545
6888,Shruti Chopra,Leisure,India,61,51-65,Female,0,shruti.chopra6888@gmail.com,9228831035
6889,Nikhil Kapoor,Business,India,49,36-50,Male,1,nikhil.kapoor6889@gmail.com,9406456153
6890,Rohan Agarwal,Leisure,India,72,65+,Male,0,rohan.agarwal6890@gmail.com,9638276890
6891,Rohan Pillai,Leisure,India,36,36-50,Male,0,rohan.pillai6891@gmail.com,9477645322
6892,Amit Reddy,Family,India,27,26-35,Female,1,amit.reddy6892@gmail.com,9239783528
6893,Rohit Desai,Family,India,19,18-25,Female,0,rohit.desai6893@gmail.com,9391215808
6894,Ananya Dixit,Leisure,India,42,36-50,Female,1,ananya.dixit6894@gmail.com,9300090977
6895,Nikhil Kumar,Leisure,India,60,51-65,Female,0,nikhil.kumar6895@gmail.com,9936745275
6896,Tanya Nair,Family,India,38,36-50,Female,1,tanya.nair6896@gmail.com,9900872277
6897,Rahul Banerjee,Couple,India,72,65+,Male,0,rahul.banerjee6897@gmail.com,9435321054
6898,Amit Reddy,Business,India,41,36-50,Female,0,amit.reddy6898@gmail.com,9399846282
6899,Anjali Pillai,Leisure,India,48,36-50,Female,0,anjali.pillai6899@gmail.com,9647550512
6900,Neha Saxena,Leisure,India,18,18-25,Female,0,neha.saxena6900@gmail.com,9500387432
6901,Gaurav Agarwal,Business,India,29,26-35,Female,0,gaurav.agarwal6901@gmail.com,9741992604
6902,Nikhil Trivedi,Business,India,47,36-50,Female,0,nikhil.trivedi6902@gmail.com,9249095860
6903,Kavya Rao,Business,India,33,26-35,Male,0,kavya.rao6903@gmail.com,9604670348
6904,Swati Mehta,Couple,India,25,18-25,Male,0,swati.mehta6904@gmail.com,9752122739
6905,Manish Malhotra,Leisure,India,48,36-50,Male,1,manish.malhotra6905@gmail.com,9941195818
6906,Rohit Kulkarni,Business,India,19,18-25,Male,0,rohit.kulkarni6906@gmail.com,9633793050
6907,Pooja Pillai,Business,India,44,36-50,Male,0,pooja.pillai6907@gmail.com,9489612227
6908,Priya Gupta,Couple,India,60,51-65,Female,1,priya.gupta6908@gmail.com,9339669724
6909,Tanya Pillai,Family,India,35,26-35,Male,0,tanya.pillai6909@gmail.com,9789920351
6910,Vishal Banerjee,Leisure,India,57,51-65,Male,1,vishal.banerjee6910@gmail.com,9332961558
6911,Divya Mehta,Leisure,Nepal,62,51-65,Male,0,divya.mehta6911@gmail.com,9562979917
6912,Shruti Iyer,Family,India,58,51-65,Male,0,shruti.iyer6912@gmail.com,9553149942
6913,Harsh Das,Business,India,48,36-50,Female,0,harsh.das6913@gmail.com,9245753334
6914,Sneha Banerjee,Business,India,23,18-25,Male,0,sneha.banerjee6914@gmail.com,9691958415
6915,Aditya Reddy,Leisure,India,33,26-35,Female,0,aditya.reddy6915@gmail.com,9286205081
6916,Kritika Sharma,Business,India,59,51-65,Female,0,kritika.sharma6916@gmail.com,9610755299
6917,Muskan Mukherjee,Leisure,India,59,51-65,Male,1,muskan.mukherjee6917@gmail.com,9902058339
6918,Vishal Gupta,Family,India,38,36-50,Male,0,vishal.gupta6918@gmail.com,9761387681
6919,Rohit Gupta,Couple,India,26,26-35,Female,0,rohit.gupta6919@gmail.com,9628860196
6920,Riya Iyer,Leisure,India,47,36-50,Female,1,riya.iyer6920@gmail.com,9578782862
6921,Swati Patel,Family,India,24,18-25,Female,1,swati.patel6921@gmail.com,9207167502
6922,Vishal Reddy,Business,India,45,36-50,Male,1,vishal.reddy6922@gmail.com,9506370246
6923,Karan Reddy,Business,India,55,51-65,Female,0,karan.reddy6923@gmail.com,9673625393
6924,Harsh Mishra,Leisure,India,37,36-50,Male,0,harsh.mishra6924@gmail.com,9116980713
6925,Vishal Iyer,Couple,India,62,51-65,Male,0,vishal.iyer6925@gmail.com,9640058386
6926,Ayush Khanna,Business,India,66,65+,Female,1,ayush.khanna6926@gmail.com,9511585389
6927,Rohan Banerjee,Leisure,France,71,65+,Male,0,rohan.banerjee6927@gmail.com,9290759084
6928,Ishaan Malhotra,Couple,India,26,26-35,Male,1,ishaan.malhotra6928@gmail.com,9440625805
6929,Nisha Rao,Couple,India,72,65+,Female,0,nisha.rao6929@gmail.com,9855997136
6930,Riya Saxena,Couple,India,44,36-50,Female,0,riya.saxena6930@gmail.com,9664078664
6931,Vikram Reddy,Leisure,India,51,51-65,Female,1,vikram.reddy6931@gmail.com,9544813591
6932,Pooja Desai,Business,India,54,51-65,Female,0,pooja.desai6932@gmail.com,9412003975
6933,Sanjay Trivedi,Leisure,India,26,26-35,Male,1,sanjay.trivedi6933@gmail.com,9701590872
6934,Swati Das,Business,India,29,26-35,Male,0,swati.das6934@gmail.com,9456684658
6935,Sneha Singh,Family,India,35,26-35,Female,1,sneha.singh6935@gmail.com,9623358636
6936,Rohan Rao,Leisure,India,43,36-50,Male,0,rohan.rao6936@gmail.com,9939599250
6937,Simran Kapoor,Leisure,India,36,36-50,Female,0,simran.kapoor6937@gmail.com,9712239339
6938,Pooja Banerjee,Couple,India,53,51-65,Male,0,pooja.banerjee6938@gmail.com,9952870707
6939,Rohit Sharma,Leisure,India,53,51-65,Male,1,rohit.sharma6939@gmail.com,9132382203
6940,Arjun Das,Leisure,India,29,26-35,Female,0,arjun.das6940@gmail.com,9740111836
6941,Sneha Kapoor,Couple,India,38,36-50,Male,0,sneha.kapoor6941@gmail.com,9447208402
6942,Simran Malhotra,Family,India,34,26-35,Male,0,simran.malhotra6942@gmail.com,9526853721
6943,Akash Kumar,Couple,India,62,51-65,Male,0,akash.kumar6943@gmail.com,9108506844
6944,Rahul Banerjee,Business,India,58,51-65,Female,0,rahul.banerjee6944@gmail.com,9619419886
6945,Divya Verma,Leisure,India,60,51-65,Male,0,divya.verma6945@gmail.com,9823044258
6946,Vishal Kulkarni,Couple,France,62,51-65,Female,0,vishal.kulkarni6946@gmail.com,9855667748
6947,Rohit Agarwal,Business,India,70,65+,Male,0,rohit.agarwal6947@gmail.com,9470796545
6948,Neha Iyer,Business,India,55,51-65,Female,1,neha.iyer6948@gmail.com,9456361382
6949,Vikram Joshi,Family,India,31,26-35,Female,1,vikram.joshi6949@gmail.com,9352345984
6950,Sanjay Mehta,Business,India,47,36-50,Female,0,sanjay.mehta6950@gmail.com,9829978607
6951,Riya Nair,Couple,India,31,26-35,Female,0,riya.nair6951@gmail.com,9945052180
6952,Rohit Kapoor,Leisure,India,52,51-65,Female,0,rohit.kapoor6952@gmail.com,9322068083
6953,Vikram Sharma,Leisure,India,63,51-65,Female,0,vikram.sharma6953@gmail.com,9375694747
6954,Rahul Nair,Business,India,22,18-25,Male,0,rahul.nair6954@gmail.com,9132046999
6955,Nikhil Singh,Couple,India,54,51-65,Male,0,nikhil.singh6955@gmail.com,9383683067
6956,Kritika Kapoor,Leisure,Germany,44,36-50,Female,0,kritika.kapoor6956@gmail.com,9393077057
6957,Riya Gupta,Leisure,India,47,36-50,Male,0,riya.gupta6957@gmail.com,9282834924
6958,Vishal Mukherjee,Couple,India,41,36-50,Female,0,vishal.mukherjee6958@gmail.com,9804840173
6959,Kavya Trivedi,Couple,Nepal,21,18-25,Male,1,kavya.trivedi6959@gmail.com,9913003411
6960,Karan Kapoor,Family,India,41,36-50,Male,0,karan.kapoor6960@gmail.com,9449959031
6961,Tanvi Iyer,Leisure,Malaysia,65,51-65,Female,0,tanvi.iyer6961@gmail.com,9443786281
6962,Rahul Nair,Leisure,India,66,65+,Male,0,rahul.nair6962@gmail.com,9809943424
6963,Harsh Joshi,Family,India,62,51-65,Male,0,harsh.joshi6963@gmail.com,9419475614
6964,Pallavi Pandey,Couple,India,35,26-35,Female,0,pallavi.pandey6964@gmail.com,9177284040
6965,Divya Pillai,Leisure,India,23,18-25,Female,0,divya.pillai6965@gmail.com,9786132816
6966,Ayush Shah,Business,India,43,36-50,Male,1,ayush.shah6966@gmail.com,9715372855
6967,Kritika Joshi,Couple,India,39,36-50,Female,0,kritika.joshi6967@gmail.com,9374519875
6968,Aditya Saxena,Leisure,India,55,51-65,Female,1,aditya.saxena6968@gmail.com,9749780952
6969,Swati Kapoor,Couple,India,31,26-35,Male,1,swati.kapoor6969@gmail.com,9522909967
6970,Karan Kapoor,Leisure,India,63,51-65,Male,0,karan.kapoor6970@gmail.com,9157785469
6971,Manish Pillai,Business,India,42,36-50,Female,1,manish.pillai6971@gmail.com,9648056758
6972,Pallavi Desai,Couple,Nepal,69,65+,Male,0,pallavi.desai6972@gmail.com,9638405835
6973,Arjun Singh,Business,India,65,51-65,Female,0,arjun.singh6973@gmail.com,9909320837
6974,Karan Desai,Leisure,Singapore,64,51-65,Female,0,karan.desai6974@gmail.com,9820293268
6975,Kavya Agarwal,Leisure,India,41,36-50,Male,0,kavya.agarwal6975@gmail.com,9774963404
6976,Suresh Mukherjee,Leisure,India,38,36-50,Female,0,suresh.mukherjee6976@gmail.com,9603384359
6977,Sneha Malhotra,Couple,India,37,36-50,Male,0,sneha.malhotra6977@gmail.com,9295578761
6978,Simran Dixit,Couple,India,42,36-50,Male,0,simran.dixit6978@gmail.com,9855702862
6979,Ananya Joshi,Couple,India,18,18-25,Male,0,ananya.joshi6979@gmail.com,9716199523
6980,Kavya Shah,Business,Australia,70,65+,Male,1,kavya.shah6980@gmail.com,9238180646
6981,Kritika Reddy,Business,India,30,26-35,Female,0,kritika.reddy6981@gmail.com,9551715102
6982,Priya Joshi,Leisure,India,33,26-35,Female,0,priya.joshi6982@gmail.com,9675251084
6983,Vishal Singh,Family,India,49,36-50,Female,1,vishal.singh6983@gmail.com,9245392804
6984,Ayush Singh,Couple,India,35,26-35,Male,0,ayush.singh6984@gmail.com,9793795574
6985,Tanya Singh,Couple,France,55,51-65,Female,0,tanya.singh6985@gmail.com,9908407634
6986,Pooja Nair,Leisure,India,60,51-65,Female,0,pooja.nair6986@gmail.com,9744281975
6987,Suresh Gupta,Leisure,India,62,51-65,Female,0,suresh.gupta6987@gmail.com,9239206414
6988,Tanvi Malhotra,Leisure,India,49,36-50,Male,0,tanvi.malhotra6988@gmail.com,9569417596
6989,Karan Sharma,Business,USA,27,26-35,Male,0,karan.sharma6989@gmail.com,9866112563
6990,Divya Agarwal,Business,India,69,65+,Male,0,divya.agarwal6990@gmail.com,9254317729
6991,Tanvi Desai,Family,India,51,51-65,Female,1,tanvi.desai6991@gmail.com,9879750957
6992,Karan Chopra,Business,India,59,51-65,Female,0,karan.chopra6992@gmail.com,9268200232
6993,Nikhil Reddy,Business,USA,37,36-50,Female,1,nikhil.reddy6993@gmail.com,9397405559
6994,Tanya Malhotra,Business,India,47,36-50,Male,0,tanya.malhotra6994@gmail.com,9363485028
6995,Arjun Mukherjee,Family,India,25,18-25,Female,0,arjun.mukherjee6995@gmail.com,9152914295
6996,Ishaan Mishra,Leisure,India,52,51-65,Female,0,ishaan.mishra6996@gmail.com,9894606068
6997,Nisha Pandey,Couple,India,66,65+,Male,0,nisha.pandey6997@gmail.com,9463373996
6998,Tanvi Kumar,Family,India,18,18-25,Female,0,tanvi.kumar6998@gmail.com,9216900767
6999,Rahul Mishra,Leisure,India,53,51-65,Female,0,rahul.mishra6999@gmail.com,9628090337
7000,Deepak Verma,Couple,India,45,36-50,Male,0,deepak.verma7000@gmail.com,9579465155
7001,Tanvi Trivedi,Business,Malaysia,53,51-65,Female,0,tanvi.trivedi7001@gmail.com,9991287443
7002,Gaurav Trivedi,Business,India,36,36-50,Female,0,gaurav.trivedi7002@gmail.com,9360099885
7003,Aditya Mehta,Couple,India,70,65+,Female,0,aditya.mehta7003@gmail.com,9898598886
7004,Rohan Rao,Couple,India,30,26-35,Female,0,rohan.rao7004@gmail.com,9258803218
7005,Anjali Trivedi,Leisure,Singapore,45,36-50,Male,0,anjali.trivedi7005@gmail.com,9761566422
7006,Vikram Chopra,Leisure,India,29,26-35,Male,0,vikram.chopra7006@gmail.com,9321981106
7007,Ananya Kulkarni,Leisure,India,49,36-50,Male,0,ananya.kulkarni7007@gmail.com,9436320202
7008,Sneha Malhotra,Business,India,25,18-25,Female,1,sneha.malhotra7008@gmail.com,9780102797
7009,Rahul Verma,Business,India,26,26-35,Female,1,rahul.verma7009@gmail.com,9613464324
7010,Rohan Rao,Business,India,56,51-65,Male,1,rohan.rao7010@gmail.com,9730821388
7011,Harsh Iyer,Leisure,India,44,36-50,Female,1,harsh.iyer7011@gmail.com,9671910549
7012,Sanjay Saxena,Couple,India,56,51-65,Male,0,sanjay.saxena7012@gmail.com,9420016834
7013,Harsh Das,Leisure,India,42,36-50,Female,0,harsh.das7013@gmail.com,9759274922
7014,Akash Bose,Business,India,51,51-65,Female,0,akash.bose7014@gmail.com,9965692428
7015,Nisha Reddy,Leisure,India,61,51-65,Female,0,nisha.reddy7015@gmail.com,9488916775
7016,Akash Kumar,Family,India,25,18-25,Female,0,akash.kumar7016@gmail.com,9383409909
7017,Ayush Dixit,Business,India,22,18-25,Female,1,ayush.dixit7017@gmail.com,9706113301
7018,Sanjay Joshi,Business,India,48,36-50,Female,0,sanjay.joshi7018@gmail.com,9619017337
7019,Ritu Mehta,Leisure,India,58,51-65,Male,1,ritu.mehta7019@gmail.com,9338649961
7020,Shreyash Verma,Couple,India,47,36-50,Female,0,shreyash.verma7020@gmail.com,9974906523
7021,Vikram Trivedi,Leisure,India,23,18-25,Female,0,vikram.trivedi7021@gmail.com,9629114559
7022,Simran Desai,Couple,USA,52,51-65,Male,1,simran.desai7022@gmail.com,9301218251
7023,Ayush Patel,Family,India,67,65+,Male,0,ayush.patel7023@gmail.com,9447556644
7024,Simran Sharma,Couple,India,36,36-50,Female,0,simran.sharma7024@gmail.com,9570460148
7025,Aditya Kapoor,Couple,India,53,51-65,Female,0,aditya.kapoor7025@gmail.com,9446302900
7026,Rohan Singh,Leisure,India,32,26-35,Female,0,rohan.singh7026@gmail.com,9298539645
7027,Vishal Rao,Business,India,60,51-65,Female,1,vishal.rao7027@gmail.com,9244666403
7028,Karan Agarwal,Family,India,33,26-35,Male,0,karan.agarwal7028@gmail.com,9919267773
7029,Nikhil Malhotra,Leisure,India,30,26-35,Female,0,nikhil.malhotra7029@gmail.com,9309110246
7030,Tanya Agarwal,Business,India,38,36-50,Male,0,tanya.agarwal7030@gmail.com,9970324083
7031,Suresh Reddy,Couple,India,64,51-65,Male,0,suresh.reddy7031@gmail.com,9100100093
7032,Ishaan Nair,Leisure,India,49,36-50,Female,0,ishaan.nair7032@gmail.com,9641431444
7033,Ananya Gupta,Leisure,Australia,68,65+,Female,0,ananya.gupta7033@gmail.com,9599364556
7034,Shruti Mehta,Leisure,India,55,51-65,Female,0,shruti.mehta7034@gmail.com,9723891617
7035,Shreyash Das,Leisure,India,45,36-50,Female,0,shreyash.das7035@gmail.com,9711194228
7036,Harsh Pillai,Couple,India,49,36-50,Female,0,harsh.pillai7036@gmail.com,9111956293
7037,Sneha Pillai,Leisure,India,36,36-50,Female,0,sneha.pillai7037@gmail.com,9810559037
7038,Amit Iyer,Leisure,Germany,26,26-35,Female,1,amit.iyer7038@gmail.com,9754764917
7039,Priya Pillai,Leisure,India,19,18-25,Female,0,priya.pillai7039@gmail.com,9863076394
7040,Divya Banerjee,Couple,India,43,36-50,Female,1,divya.banerjee7040@gmail.com,9654903008
7041,Suresh Chopra,Couple,India,42,36-50,Male,1,suresh.chopra7041@gmail.com,9766956912
7042,Nisha Pillai,Leisure,India,65,51-65,Female,0,nisha.pillai7042@gmail.com,9229994703
7043,Vikram Iyer,Couple,India,38,36-50,Male,0,vikram.iyer7043@gmail.com,9927475458
7044,Akash Joshi,Business,India,69,65+,Female,0,akash.joshi7044@gmail.com,9869526926
7045,Simran Trivedi,Family,India,47,36-50,Male,0,simran.trivedi7045@gmail.com,9820756025
7046,Shreyash Khanna,Leisure,India,49,36-50,Female,0,shreyash.khanna7046@gmail.com,9921213025
7047,Karan Banerjee,Couple,India,69,65+,Male,0,karan.banerjee7047@gmail.com,9896345192
7048,Kritika Malhotra,Business,India,58,51-65,Female,1,kritika.malhotra7048@gmail.com,9660035520
7049,Meera Desai,Business,India,41,36-50,Male,0,meera.desai7049@gmail.com,9895384919
7050,Priya Chopra,Leisure,India,69,65+,Male,0,priya.chopra7050@gmail.com,9538887667
7051,Ayush Rao,Family,India,29,26-35,Male,0,ayush.rao7051@gmail.com,9674161219
7052,Arjun Malhotra,Leisure,India,53,51-65,Male,0,arjun.malhotra7052@gmail.com,9939008423
7053,Priya Pandey,Family,India,48,36-50,Female,1,priya.pandey7053@gmail.com,9711133424
7054,Ananya Mukherjee,Leisure,India,25,18-25,Female,0,ananya.mukherjee7054@gmail.com,9878511534
7055,Rohan Joshi,Leisure,India,23,18-25,Male,0,rohan.joshi7055@gmail.com,9614797980
7056,Kavya Sharma,Business,India,62,51-65,Male,0,kavya.sharma7056@gmail.com,9989999942
7057,Ishaan Chopra,Couple,India,31,26-35,Male,0,ishaan.chopra7057@gmail.com,9380036406
7058,Shreyash Shah,Business,India,67,65+,Male,0,shreyash.shah7058@gmail.com,9273820768
7059,Karan Mishra,Family,India,45,36-50,Female,0,karan.mishra7059@gmail.com,9149314700
7060,Kritika Nair,Family,India,41,36-50,Female,0,kritika.nair7060@gmail.com,9582005258
7061,Kavya Das,Family,India,36,36-50,Male,0,kavya.das7061@gmail.com,9441934602
7062,Akash Nair,Leisure,India,26,26-35,Female,0,akash.nair7062@gmail.com,9415319422
7063,Amit Joshi,Couple,India,62,51-65,Male,1,amit.joshi7063@gmail.com,9680442857
7064,Sanjay Trivedi,Couple,India,51,51-65,Female,1,sanjay.trivedi7064@gmail.com,9467877098
7065,Harsh Reddy,Business,India,66,65+,Female,0,harsh.reddy7065@gmail.com,9775688162
7066,Anjali Patel,Couple,India,19,18-25,Male,0,anjali.patel7066@gmail.com,9222558414
7067,Priya Trivedi,Business,India,23,18-25,Female,1,priya.trivedi7067@gmail.com,9601346266
7068,Nisha Saxena,Leisure,India,25,18-25,Female,0,nisha.saxena7068@gmail.com,9661563691
7069,Neha Rao,Business,UAE,70,65+,Male,1,neha.rao7069@gmail.com,9782053695
7070,Tanya Bose,Business,India,45,36-50,Male,1,tanya.bose7070@gmail.com,9405514707
7071,Priya Banerjee,Leisure,India,46,36-50,Female,1,priya.banerjee7071@gmail.com,9144486468
7072,Nisha Malhotra,Leisure,India,37,36-50,Male,0,nisha.malhotra7072@gmail.com,9694563949
7073,Simran Gupta,Couple,India,58,51-65,Female,1,simran.gupta7073@gmail.com,9712762226
7074,Muskan Pillai,Business,India,59,51-65,Female,0,muskan.pillai7074@gmail.com,9947861925
7075,Nisha Agarwal,Leisure,India,39,36-50,Female,0,nisha.agarwal7075@gmail.com,9893604711
7076,Shreyash Patel,Business,UK,32,26-35,Female,1,shreyash.patel7076@gmail.com,9333575865
7077,Kritika Khanna,Leisure,India,26,26-35,Male,0,kritika.khanna7077@gmail.com,9449188837
7078,Shreyash Dixit,Couple,India,49,36-50,Male,0,shreyash.dixit7078@gmail.com,9337223023
7079,Kavya Chopra,Leisure,India,68,65+,Female,0,kavya.chopra7079@gmail.com,9817133762
7080,Divya Verma,Couple,India,59,51-65,Female,0,divya.verma7080@gmail.com,9366056804
7081,Ayush Patel,Leisure,India,64,51-65,Male,1,ayush.patel7081@gmail.com,9327331385
7082,Simran Dixit,Couple,Germany,53,51-65,Male,1,simran.dixit7082@gmail.com,9877682121
7083,Ananya Desai,Leisure,India,69,65+,Female,0,ananya.desai7083@gmail.com,9277937036
7084,Sanjay Kumar,Leisure,India,18,18-25,Female,1,sanjay.kumar7084@gmail.com,9569794395
7085,Sneha Saxena,Couple,India,50,36-50,Female,1,sneha.saxena7085@gmail.com,9634526283
7086,Rahul Saxena,Business,India,25,18-25,Female,0,rahul.saxena7086@gmail.com,9672630956
7087,Ananya Kumar,Couple,India,19,18-25,Male,0,ananya.kumar7087@gmail.com,9685805206
7088,Vishal Kapoor,Couple,India,24,18-25,Male,0,vishal.kapoor7088@gmail.com,9491737954
7089,Sneha Kumar,Leisure,India,34,26-35,Female,1,sneha.kumar7089@gmail.com,9539003454
7090,Gaurav Gupta,Business,India,46,36-50,Male,1,gaurav.gupta7090@gmail.com,9474930201
7091,Aditya Rao,Business,India,26,26-35,Female,0,aditya.rao7091@gmail.com,9637492173
7092,Akash Kapoor,Family,India,67,65+,Male,0,akash.kapoor7092@gmail.com,9727068900
7093,Manish Dixit,Couple,India,68,65+,Female,0,manish.dixit7093@gmail.com,9490691663
7094,Amit Mishra,Business,India,58,51-65,Female,1,amit.mishra7094@gmail.com,9348614327
7095,Aditya Singh,Leisure,India,67,65+,Female,1,aditya.singh7095@gmail.com,9555590698
7096,Amit Kulkarni,Leisure,India,29,26-35,Female,0,amit.kulkarni7096@gmail.com,9987961593
7097,Pooja Verma,Couple,India,46,36-50,Male,0,pooja.verma7097@gmail.com,9457522158
7098,Amit Desai,Business,India,34,26-35,Male,0,amit.desai7098@gmail.com,9561859690
7099,Deepak Khanna,Business,India,61,51-65,Male,0,deepak.khanna7099@gmail.com,9949922777
7100,Nikhil Das,Family,India,36,36-50,Female,1,nikhil.das7100@gmail.com,9808518921
7101,Rohan Trivedi,Business,India,71,65+,Male,0,rohan.trivedi7101@gmail.com,9978107312
7102,Pallavi Mishra,Business,India,34,26-35,Female,0,pallavi.mishra7102@gmail.com,9244994852
7103,Priya Agarwal,Family,India,69,65+,Male,0,priya.agarwal7103@gmail.com,9738048951
7104,Kritika Dixit,Couple,India,65,51-65,Male,0,kritika.dixit7104@gmail.com,9286422258
7105,Riya Pillai,Leisure,India,18,18-25,Female,0,riya.pillai7105@gmail.com,9825713672
7106,Neha Khanna,Business,India,34,26-35,Female,1,neha.khanna7106@gmail.com,9282919395
7107,Shruti Banerjee,Business,India,30,26-35,Female,1,shruti.banerjee7107@gmail.com,9266346739
7108,Sanjay Chopra,Business,India,42,36-50,Male,0,sanjay.chopra7108@gmail.com,9253951353
7109,Shruti Das,Family,India,71,65+,Male,1,shruti.das7109@gmail.com,9374696617
7110,Neha Desai,Leisure,Singapore,41,36-50,Female,1,neha.desai7110@gmail.com,9109549636
7111,Rohan Pillai,Couple,India,35,26-35,Male,0,rohan.pillai7111@gmail.com,9774770967
7112,Tanya Mukherjee,Family,India,48,36-50,Female,1,tanya.mukherjee7112@gmail.com,9531604622
7113,Tanvi Reddy,Leisure,India,21,18-25,Female,0,tanvi.reddy7113@gmail.com,9664349734
7114,Divya Banerjee,Business,India,46,36-50,Male,0,divya.banerjee7114@gmail.com,9262453916
7115,Kritika Shah,Leisure,India,37,36-50,Male,0,kritika.shah7115@gmail.com,9297923701
7116,Muskan Shah,Family,India,51,51-65,Male,0,muskan.shah7116@gmail.com,9366535645
7117,Anjali Rao,Couple,India,28,26-35,Female,1,anjali.rao7117@gmail.com,9266055220
7118,Nikhil Gupta,Business,India,46,36-50,Female,0,nikhil.gupta7118@gmail.com,9566452045
7119,Muskan Malhotra,Couple,India,68,65+,Male,0,muskan.malhotra7119@gmail.com,9414495503
7120,Gaurav Mishra,Leisure,India,58,51-65,Female,0,gaurav.mishra7120@gmail.com,9726603341
7121,Anjali Saxena,Family,India,35,26-35,Male,0,anjali.saxena7121@gmail.com,9316094791
7122,Nikhil Nair,Business,India,58,51-65,Female,1,nikhil.nair7122@gmail.com,9990404044
7123,Kritika Rao,Leisure,India,34,26-35,Male,0,kritika.rao7123@gmail.com,9454693557
7124,Aditya Kapoor,Family,India,45,36-50,Female,0,aditya.kapoor7124@gmail.com,9324666892
7125,Divya Patel,Leisure,India,22,18-25,Female,1,divya.patel7125@gmail.com,9865754942
7126,Meera Desai,Leisure,India,48,36-50,Female,0,meera.desai7126@gmail.com,9466729445
7127,Kavya Khanna,Business,India,31,26-35,Male,1,kavya.khanna7127@gmail.com,9209316690
7128,Sanjay Trivedi,Leisure,USA,64,51-65,Male,0,sanjay.trivedi7128@gmail.com,9213172589
7129,Kritika Kapoor,Leisure,India,52,51-65,Male,1,kritika.kapoor7129@gmail.com,9554595103
7130,Rohit Mishra,Family,India,25,18-25,Male,0,rohit.mishra7130@gmail.com,9998237743
7131,Muskan Bose,Leisure,India,30,26-35,Male,1,muskan.bose7131@gmail.com,9396386468
7132,Kavya Saxena,Leisure,India,52,51-65,Male,0,kavya.saxena7132@gmail.com,9364215788
7133,Deepak Trivedi,Couple,India,38,36-50,Male,1,deepak.trivedi7133@gmail.com,9505423443
7134,Shruti Sharma,Business,India,44,36-50,Male,1,shruti.sharma7134@gmail.com,9508081966
7135,Manish Patel,Leisure,India,43,36-50,Male,0,manish.patel7135@gmail.com,9540661464
7136,Divya Trivedi,Couple,India,37,36-50,Female,0,divya.trivedi7136@gmail.com,9749747684
7137,Rohit Gupta,Family,India,24,18-25,Male,0,rohit.gupta7137@gmail.com,9557694862
7138,Arjun Trivedi,Couple,India,39,36-50,Male,0,arjun.trivedi7138@gmail.com,9234617814
7139,Vikram Patel,Couple,India,36,36-50,Male,1,vikram.patel7139@gmail.com,9615468563
7140,Muskan Kulkarni,Business,India,49,36-50,Male,0,muskan.kulkarni7140@gmail.com,9861386885
7141,Muskan Kulkarni,Family,India,22,18-25,Male,0,muskan.kulkarni7141@gmail.com,9756900995
7142,Riya Bose,Business,India,29,26-35,Female,0,riya.bose7142@gmail.com,9549252976
7143,Tanya Patel,Couple,India,31,26-35,Female,0,tanya.patel7143@gmail.com,9919050506
7144,Kritika Mishra,Leisure,UK,28,26-35,Male,0,kritika.mishra7144@gmail.com,9575157267
7145,Aditya Nair,Family,India,21,18-25,Female,1,aditya.nair7145@gmail.com,9401263503
7146,Karan Saxena,Couple,India,30,26-35,Male,0,karan.saxena7146@gmail.com,9266487770
7147,Priya Dixit,Couple,India,39,36-50,Female,1,priya.dixit7147@gmail.com,9954796626
7148,Amit Nair,Business,India,58,51-65,Male,0,amit.nair7148@gmail.com,9405528159
7149,Harsh Khanna,Leisure,India,70,65+,Female,0,harsh.khanna7149@gmail.com,9581985499
7150,Muskan Reddy,Couple,Canada,52,51-65,Male,1,muskan.reddy7150@gmail.com,9280644441
7151,Pallavi Mehta,Couple,India,25,18-25,Female,0,pallavi.mehta7151@gmail.com,9263934748
7152,Ayush Trivedi,Business,India,29,26-35,Male,0,ayush.trivedi7152@gmail.com,9820073833
7153,Divya Mukherjee,Family,India,34,26-35,Male,1,divya.mukherjee7153@gmail.com,9736362638
7154,Kavya Mishra,Family,UAE,72,65+,Female,0,kavya.mishra7154@gmail.com,9494952368
7155,Vishal Mehta,Leisure,India,23,18-25,Female,0,vishal.mehta7155@gmail.com,9487628921
7156,Ayush Verma,Couple,India,52,51-65,Male,1,ayush.verma7156@gmail.com,9974015955
7157,Rohan Joshi,Leisure,Nepal,35,26-35,Female,1,rohan.joshi7157@gmail.com,9541405555
7158,Ayush Pandey,Leisure,India,33,26-35,Female,0,ayush.pandey7158@gmail.com,9485984212
7159,Tanya Bose,Leisure,India,35,26-35,Female,0,tanya.bose7159@gmail.com,9679458207
7160,Harsh Chopra,Leisure,India,18,18-25,Female,0,harsh.chopra7160@gmail.com,9133660447
7161,Muskan Saxena,Couple,India,64,51-65,Male,1,muskan.saxena7161@gmail.com,9947766493
7162,Anjali Kumar,Leisure,India,22,18-25,Male,0,anjali.kumar7162@gmail.com,9730887989
7163,Shreyash Sharma,Couple,India,30,26-35,Male,1,shreyash.sharma7163@gmail.com,9965634434
7164,Tanya Pillai,Couple,India,55,51-65,Female,1,tanya.pillai7164@gmail.com,9224051337
7165,Sneha Singh,Couple,India,43,36-50,Male,1,sneha.singh7165@gmail.com,9763665147
7166,Karan Dixit,Business,India,38,36-50,Male,1,karan.dixit7166@gmail.com,9566840211
7167,Suresh Joshi,Family,India,21,18-25,Male,1,suresh.joshi7167@gmail.com,9516330851
7168,Ritu Gupta,Leisure,India,43,36-50,Male,1,ritu.gupta7168@gmail.com,9507098663
7169,Arjun Khanna,Leisure,India,53,51-65,Male,1,arjun.khanna7169@gmail.com,9108376917
7170,Vikram Nair,Business,India,62,51-65,Female,1,vikram.nair7170@gmail.com,9952497562
7171,Simran Khanna,Leisure,India,47,36-50,Female,1,simran.khanna7171@gmail.com,9918631262
7172,Neha Agarwal,Family,USA,58,51-65,Female,1,neha.agarwal7172@gmail.com,9179030395
7173,Ayush Kulkarni,Leisure,Germany,18,18-25,Male,0,ayush.kulkarni7173@gmail.com,9912914047
7174,Swati Rao,Couple,India,69,65+,Male,0,swati.rao7174@gmail.com,9268897141
7175,Nikhil Mehta,Business,India,56,51-65,Female,1,nikhil.mehta7175@gmail.com,9958751568
7176,Shruti Mehta,Leisure,India,29,26-35,Female,1,shruti.mehta7176@gmail.com,9800251627
7177,Priya Gupta,Family,Germany,29,26-35,Female,0,priya.gupta7177@gmail.com,9205027777
7178,Sneha Kapoor,Couple,India,38,36-50,Female,1,sneha.kapoor7178@gmail.com,9416595753
7179,Simran Joshi,Business,India,41,36-50,Female,0,simran.joshi7179@gmail.com,9408752880
7180,Pooja Pillai,Leisure,India,55,51-65,Male,0,pooja.pillai7180@gmail.com,9191751336
7181,Harsh Malhotra,Business,India,27,26-35,Male,0,harsh.malhotra7181@gmail.com,9832581346
7182,Muskan Dixit,Leisure,India,72,65+,Female,0,muskan.dixit7182@gmail.com,9827663665
7183,Manish Joshi,Couple,India,25,18-25,Female,0,manish.joshi7183@gmail.com,9661179491
7184,Muskan Banerjee,Couple,India,56,51-65,Male,0,muskan.banerjee7184@gmail.com,9882431746
7185,Ananya Desai,Business,India,24,18-25,Female,0,ananya.desai7185@gmail.com,9440642922
7186,Neha Singh,Family,India,34,26-35,Male,0,neha.singh7186@gmail.com,9224564301
7187,Suresh Khanna,Leisure,Australia,69,65+,Female,0,suresh.khanna7187@gmail.com,9427870922
7188,Nikhil Iyer,Leisure,India,22,18-25,Male,0,nikhil.iyer7188@gmail.com,9895720096
7189,Riya Kulkarni,Leisure,Canada,34,26-35,Male,0,riya.kulkarni7189@gmail.com,9100586494
7190,Nikhil Kapoor,Couple,India,38,36-50,Female,0,nikhil.kapoor7190@gmail.com,9440890630
7191,Sneha Mishra,Leisure,India,48,36-50,Male,1,sneha.mishra7191@gmail.com,9107988377
7192,Neha Bose,Leisure,India,49,36-50,Female,0,neha.bose7192@gmail.com,9195923037
7193,Pallavi Sharma,Leisure,India,24,18-25,Male,0,pallavi.sharma7193@gmail.com,9139482491
7194,Neha Kumar,Business,UK,26,26-35,Female,1,neha.kumar7194@gmail.com,9338001972
7195,Pooja Pillai,Couple,India,58,51-65,Male,0,pooja.pillai7195@gmail.com,9131797198
7196,Kavya Malhotra,Leisure,India,55,51-65,Female,0,kavya.malhotra7196@gmail.com,9553001449
7197,Deepak Sharma,Business,India,22,18-25,Male,0,deepak.sharma7197@gmail.com,9797889000
7198,Sanjay Khanna,Couple,India,67,65+,Female,0,sanjay.khanna7198@gmail.com,9861935384
7199,Akash Mishra,Family,India,72,65+,Female,1,akash.mishra7199@gmail.com,9552201825
7200,Ritu Shah,Family,India,66,65+,Male,0,ritu.shah7200@gmail.com,9809520454
7201,Vikram Pandey,Leisure,India,34,26-35,Female,0,vikram.pandey7201@gmail.com,9413147650
7202,Kritika Rao,Business,India,35,26-35,Male,1,kritika.rao7202@gmail.com,9167051977
7203,Shruti Kulkarni,Leisure,India,26,26-35,Male,0,shruti.kulkarni7203@gmail.com,9553902039
7204,Shreyash Verma,Business,India,21,18-25,Male,0,shreyash.verma7204@gmail.com,9741665338
7205,Manish Kumar,Family,India,62,51-65,Female,0,manish.kumar7205@gmail.com,9355621382
7206,Ritu Dixit,Business,Singapore,45,36-50,Female,0,ritu.dixit7206@gmail.com,9169395513
7207,Harsh Khanna,Leisure,India,34,26-35,Female,1,harsh.khanna7207@gmail.com,9350848243
7208,Arjun Rao,Leisure,India,55,51-65,Female,1,arjun.rao7208@gmail.com,9136220238
7209,Sanjay Bose,Leisure,India,24,18-25,Male,0,sanjay.bose7209@gmail.com,9328916135
7210,Riya Dixit,Couple,India,24,18-25,Male,0,riya.dixit7210@gmail.com,9412030166
7211,Shruti Das,Leisure,India,58,51-65,Male,0,shruti.das7211@gmail.com,9112757961
7212,Harsh Mishra,Business,India,72,65+,Male,0,harsh.mishra7212@gmail.com,9675019578
7213,Shruti Saxena,Leisure,UAE,65,51-65,Female,0,shruti.saxena7213@gmail.com,9503448717
7214,Sneha Kumar,Leisure,India,69,65+,Male,0,sneha.kumar7214@gmail.com,9394516095
7215,Arjun Banerjee,Business,UK,38,36-50,Female,0,arjun.banerjee7215@gmail.com,9624473194
7216,Nisha Pandey,Couple,India,33,26-35,Male,1,nisha.pandey7216@gmail.com,9339333300
7217,Tanya Bose,Leisure,India,72,65+,Female,1,tanya.bose7217@gmail.com,9915030660
7218,Ayush Nair,Couple,India,24,18-25,Female,0,ayush.nair7218@gmail.com,9486816435
7219,Anjali Pandey,Family,India,71,65+,Male,1,anjali.pandey7219@gmail.com,9968281990
7220,Riya Trivedi,Family,India,21,18-25,Female,0,riya.trivedi7220@gmail.com,9953799524
7221,Rohan Shah,Family,India,19,18-25,Male,0,rohan.shah7221@gmail.com,9224098102
7222,Ishaan Malhotra,Business,India,43,36-50,Female,1,ishaan.malhotra7222@gmail.com,9119165779
7223,Muskan Chopra,Business,India,54,51-65,Male,0,muskan.chopra7223@gmail.com,9945939234
7224,Manish Patel,Leisure,India,40,36-50,Female,0,manish.patel7224@gmail.com,9264455503
7225,Shreyash Singh,Family,India,35,26-35,Female,0,shreyash.singh7225@gmail.com,9519372708
7226,Kritika Reddy,Family,India,43,36-50,Male,0,kritika.reddy7226@gmail.com,9751056339
7227,Ayush Bose,Family,India,36,36-50,Male,0,ayush.bose7227@gmail.com,9782306694
7228,Arjun Singh,Business,India,40,36-50,Female,1,arjun.singh7228@gmail.com,9840879560
7229,Gaurav Joshi,Family,Nepal,49,36-50,Male,0,gaurav.joshi7229@gmail.com,9672026181
7230,Sneha Kapoor,Leisure,India,69,65+,Male,1,sneha.kapoor7230@gmail.com,9231789079
7231,Anjali Pillai,Business,India,47,36-50,Female,0,anjali.pillai7231@gmail.com,9695293223
7232,Anjali Mukherjee,Leisure,India,31,26-35,Male,0,anjali.mukherjee7232@gmail.com,9299047015
7233,Swati Kapoor,Business,India,49,36-50,Male,0,swati.kapoor7233@gmail.com,9985368863
7234,Meera Reddy,Leisure,India,66,65+,Female,1,meera.reddy7234@gmail.com,9287757876
7235,Pallavi Banerjee,Leisure,India,34,26-35,Male,1,pallavi.banerjee7235@gmail.com,9949498772
7236,Divya Nair,Leisure,India,63,51-65,Female,1,divya.nair7236@gmail.com,9316412794
7237,Sanjay Bose,Couple,India,32,26-35,Female,0,sanjay.bose7237@gmail.com,9293164185
7238,Arjun Pillai,Family,India,64,51-65,Male,1,arjun.pillai7238@gmail.com,9371260136
7239,Divya Patel,Couple,India,56,51-65,Male,0,divya.patel7239@gmail.com,9380143543
7240,Neha Chopra,Leisure,India,50,36-50,Female,1,neha.chopra7240@gmail.com,9861185372
7241,Muskan Khanna,Couple,India,39,36-50,Male,0,muskan.khanna7241@gmail.com,9811366050
7242,Swati Saxena,Family,India,60,51-65,Female,1,swati.saxena7242@gmail.com,9788264734
7243,Rahul Desai,Business,India,41,36-50,Female,0,rahul.desai7243@gmail.com,9893700593
7244,Ananya Nair,Leisure,India,56,51-65,Male,0,ananya.nair7244@gmail.com,9820916611
7245,Divya Nair,Leisure,India,47,36-50,Female,0,divya.nair7245@gmail.com,9338936573
7246,Ishaan Das,Business,India,24,18-25,Female,0,ishaan.das7246@gmail.com,9942753561
7247,Vikram Gupta,Couple,India,27,26-35,Male,1,vikram.gupta7247@gmail.com,9211313475
7248,Arjun Pillai,Family,India,22,18-25,Male,0,arjun.pillai7248@gmail.com,9154465408
7249,Arjun Sharma,Business,India,39,36-50,Male,0,arjun.sharma7249@gmail.com,9921351459
7250,Amit Joshi,Couple,India,43,36-50,Female,0,amit.joshi7250@gmail.com,9993659760
7251,Vishal Banerjee,Family,Malaysia,24,18-25,Male,1,vishal.banerjee7251@gmail.com,9983448924
7252,Rohit Joshi,Family,India,72,65+,Male,0,rohit.joshi7252@gmail.com,9698842883
7253,Riya Trivedi,Leisure,India,51,51-65,Female,0,riya.trivedi7253@gmail.com,9964716523
7254,Riya Patel,Family,France,54,51-65,Female,1,riya.patel7254@gmail.com,9992243308
7255,Arjun Mehta,Leisure,India,18,18-25,Female,0,arjun.mehta7255@gmail.com,9572023895
7256,Ishaan Shah,Leisure,India,57,51-65,Male,1,ishaan.shah7256@gmail.com,9219836433
7257,Shruti Pandey,Business,Nepal,53,51-65,Male,1,shruti.pandey7257@gmail.com,9797397775
7258,Sneha Reddy,Business,India,57,51-65,Male,0,sneha.reddy7258@gmail.com,9499836146
7259,Arjun Agarwal,Couple,India,22,18-25,Female,0,arjun.agarwal7259@gmail.com,9423836353
7260,Ritu Banerjee,Leisure,India,52,51-65,Male,0,ritu.banerjee7260@gmail.com,9311894718
7261,Akash Bose,Leisure,India,59,51-65,Female,0,akash.bose7261@gmail.com,9963233921
7262,Aditya Mishra,Business,India,24,18-25,Male,0,aditya.mishra7262@gmail.com,9578231032
7263,Sneha Pillai,Couple,India,54,51-65,Female,0,sneha.pillai7263@gmail.com,9428778671
7264,Tanya Malhotra,Business,India,19,18-25,Female,0,tanya.malhotra7264@gmail.com,9116380913
7265,Rahul Malhotra,Couple,India,40,36-50,Female,0,rahul.malhotra7265@gmail.com,9645144596
7266,Ishaan Gupta,Business,India,34,26-35,Male,0,ishaan.gupta7266@gmail.com,9936503582
7267,Shreyash Sharma,Business,USA,53,51-65,Male,0,shreyash.sharma7267@gmail.com,9901045530
7268,Aditya Reddy,Leisure,India,21,18-25,Male,0,aditya.reddy7268@gmail.com,9674389931
7269,Ritu Nair,Leisure,India,55,51-65,Male,0,ritu.nair7269@gmail.com,9653455076
7270,Harsh Das,Leisure,India,32,26-35,Female,1,harsh.das7270@gmail.com,9498463806
7271,Shruti Mukherjee,Leisure,India,24,18-25,Female,0,shruti.mukherjee7271@gmail.com,9966359929
7272,Kavya Shah,Family,India,46,36-50,Male,0,kavya.shah7272@gmail.com,9546776176
7273,Harsh Patel,Couple,India,60,51-65,Female,1,harsh.patel7273@gmail.com,9350104511
7274,Pooja Kumar,Business,India,68,65+,Male,0,pooja.kumar7274@gmail.com,9848357077
7275,Pooja Kumar,Leisure,India,39,36-50,Female,0,pooja.kumar7275@gmail.com,9127446714
7276,Ayush Mehta,Family,India,31,26-35,Male,0,ayush.mehta7276@gmail.com,9374484535
7277,Sneha Mehta,Leisure,India,49,36-50,Male,0,sneha.mehta7277@gmail.com,9109042290
7278,Meera Nair,Business,India,58,51-65,Male,1,meera.nair7278@gmail.com,9204714113
7279,Tanvi Saxena,Couple,India,21,18-25,Male,0,tanvi.saxena7279@gmail.com,9498431943
7280,Ishaan Gupta,Couple,India,48,36-50,Male,0,ishaan.gupta7280@gmail.com,9519998167
7281,Divya Pandey,Leisure,India,46,36-50,Female,1,divya.pandey7281@gmail.com,9563425983
7282,Ananya Verma,Business,India,33,26-35,Male,0,ananya.verma7282@gmail.com,9947547776
7283,Sanjay Patel,Business,India,39,36-50,Male,0,sanjay.patel7283@gmail.com,9750585079
7284,Priya Malhotra,Couple,Canada,32,26-35,Female,0,priya.malhotra7284@gmail.com,9573689053
7285,Muskan Bose,Business,India,26,26-35,Male,0,muskan.bose7285@gmail.com,9270624866
7286,Amit Agarwal,Leisure,India,48,36-50,Male,0,amit.agarwal7286@gmail.com,9436914811
7287,Sanjay Sharma,Leisure,India,24,18-25,Female,0,sanjay.sharma7287@gmail.com,9959779723
7288,Deepak Verma,Leisure,India,45,36-50,Female,0,deepak.verma7288@gmail.com,9579638613
7289,Tanvi Mukherjee,Family,India,70,65+,Female,1,tanvi.mukherjee7289@gmail.com,9299125212
7290,Amit Malhotra,Couple,India,21,18-25,Female,0,amit.malhotra7290@gmail.com,9497181205
7291,Sanjay Rao,Couple,India,69,65+,Female,1,sanjay.rao7291@gmail.com,9945103395
7292,Divya Patel,Business,India,64,51-65,Female,0,divya.patel7292@gmail.com,9957804155
7293,Sanjay Agarwal,Business,Nepal,56,51-65,Male,1,sanjay.agarwal7293@gmail.com,9125809202
7294,Vikram Mehta,Leisure,India,58,51-65,Male,0,vikram.mehta7294@gmail.com,9135722497
7295,Manish Das,Business,India,52,51-65,Male,0,manish.das7295@gmail.com,9614059369
7296,Priya Saxena,Family,India,71,65+,Female,0,priya.saxena7296@gmail.com,9391809729
7297,Shruti Chopra,Business,India,51,51-65,Female,1,shruti.chopra7297@gmail.com,9152638946
7298,Rahul Patel,Leisure,India,20,18-25,Male,0,rahul.patel7298@gmail.com,9542750820
7299,Deepak Desai,Leisure,India,34,26-35,Female,0,deepak.desai7299@gmail.com,9950333540
7300,Meera Khanna,Couple,Malaysia,52,51-65,Female,0,meera.khanna7300@gmail.com,9487923122
7301,Nikhil Sharma,Business,India,53,51-65,Male,0,nikhil.sharma7301@gmail.com,9525540417
7302,Shruti Gupta,Leisure,India,46,36-50,Female,1,shruti.gupta7302@gmail.com,9306605232
7303,Ishaan Patel,Leisure,Australia,48,36-50,Female,0,ishaan.patel7303@gmail.com,9195752966
7304,Shreyash Kumar,Family,India,60,51-65,Male,0,shreyash.kumar7304@gmail.com,9512378067
7305,Manish Joshi,Business,UAE,60,51-65,Female,1,manish.joshi7305@gmail.com,9824815612
7306,Neha Chopra,Family,India,39,36-50,Male,0,neha.chopra7306@gmail.com,9216876235
7307,Swati Sharma,Couple,India,71,65+,Male,0,swati.sharma7307@gmail.com,9375654008
7308,Vikram Bose,Leisure,India,61,51-65,Female,0,vikram.bose7308@gmail.com,9963238156
7309,Riya Desai,Couple,France,60,51-65,Female,0,riya.desai7309@gmail.com,9978920510
7310,Arjun Bose,Business,India,62,51-65,Male,0,arjun.bose7310@gmail.com,9267836352
7311,Kavya Kumar,Family,India,47,36-50,Female,0,kavya.kumar7311@gmail.com,9274119457
7312,Tanya Khanna,Leisure,India,24,18-25,Female,0,tanya.khanna7312@gmail.com,9414095439
7313,Ritu Kapoor,Leisure,India,44,36-50,Female,0,ritu.kapoor7313@gmail.com,9791095235
7314,Shreyash Agarwal,Leisure,India,34,26-35,Female,1,shreyash.agarwal7314@gmail.com,9813261852
7315,Tanvi Mehta,Business,India,50,36-50,Male,0,tanvi.mehta7315@gmail.com,9957952792
7316,Kavya Desai,Family,India,58,51-65,Male,1,kavya.desai7316@gmail.com,9900882730
7317,Ritu Mukherjee,Business,India,63,51-65,Male,0,ritu.mukherjee7317@gmail.com,9591299681
7318,Sanjay Saxena,Couple,India,63,51-65,Female,0,sanjay.saxena7318@gmail.com,9421410955
7319,Ishaan Dixit,Leisure,India,37,36-50,Male,0,ishaan.dixit7319@gmail.com,9716792196
7320,Nisha Kapoor,Family,India,72,65+,Female,0,nisha.kapoor7320@gmail.com,9351929390
7321,Simran Gupta,Business,India,65,51-65,Female,0,simran.gupta7321@gmail.com,9959584791
7322,Shreyash Nair,Leisure,India,19,18-25,Female,0,shreyash.nair7322@gmail.com,9613698025
7323,Kritika Pillai,Leisure,India,61,51-65,Female,0,kritika.pillai7323@gmail.com,9373421218
7324,Rohan Nair,Couple,India,46,36-50,Male,0,rohan.nair7324@gmail.com,9394404938
7325,Anjali Chopra,Business,India,54,51-65,Male,0,anjali.chopra7325@gmail.com,9588099913
7326,Neha Rao,Business,India,72,65+,Female,0,neha.rao7326@gmail.com,9567310776
7327,Pallavi Rao,Business,India,62,51-65,Female,0,pallavi.rao7327@gmail.com,9843106907
7328,Muskan Singh,Couple,India,25,18-25,Male,0,muskan.singh7328@gmail.com,9275752032
7329,Gaurav Pandey,Business,India,26,26-35,Female,0,gaurav.pandey7329@gmail.com,9796475395
7330,Muskan Shah,Leisure,India,46,36-50,Female,0,muskan.shah7330@gmail.com,9632809340
7331,Rahul Reddy,Business,India,44,36-50,Female,0,rahul.reddy7331@gmail.com,9225387232
7332,Priya Bose,Family,India,72,65+,Female,0,priya.bose7332@gmail.com,9328231438
7333,Simran Bose,Family,USA,70,65+,Female,0,simran.bose7333@gmail.com,9810359596
7334,Nisha Desai,Leisure,India,68,65+,Female,0,nisha.desai7334@gmail.com,9616811674
7335,Neha Verma,Leisure,India,40,36-50,Female,0,neha.verma7335@gmail.com,9602586713
7336,Sneha Gupta,Business,India,65,51-65,Male,0,sneha.gupta7336@gmail.com,9486520493
7337,Tanya Khanna,Business,India,57,51-65,Female,1,tanya.khanna7337@gmail.com,9991982858
7338,Muskan Banerjee,Leisure,India,52,51-65,Female,0,muskan.banerjee7338@gmail.com,9447644575
7339,Rohit Chopra,Couple,India,58,51-65,Male,0,rohit.chopra7339@gmail.com,9386814201
7340,Ananya Verma,Leisure,India,39,36-50,Female,0,ananya.verma7340@gmail.com,9802759423
7341,Riya Kapoor,Family,UK,44,36-50,Male,1,riya.kapoor7341@gmail.com,9463208185
7342,Ritu Joshi,Leisure,India,63,51-65,Female,1,ritu.joshi7342@gmail.com,9706978386
7343,Swati Shah,Couple,India,61,51-65,Female,1,swati.shah7343@gmail.com,9887837258
7344,Riya Gupta,Leisure,India,58,51-65,Male,0,riya.gupta7344@gmail.com,9713949044
7345,Sanjay Pillai,Leisure,India,53,51-65,Female,1,sanjay.pillai7345@gmail.com,9870290152
7346,Ananya Saxena,Leisure,India,71,65+,Male,0,ananya.saxena7346@gmail.com,9792685896
7347,Shruti Pandey,Leisure,India,19,18-25,Male,0,shruti.pandey7347@gmail.com,9554911237
7348,Muskan Mishra,Leisure,India,68,65+,Male,0,muskan.mishra7348@gmail.com,9567269737
7349,Nisha Verma,Couple,India,29,26-35,Female,1,nisha.verma7349@gmail.com,9486932242
7350,Amit Patel,Family,India,56,51-65,Female,0,amit.patel7350@gmail.com,9564234513
7351,Manish Mehta,Leisure,India,49,36-50,Female,0,manish.mehta7351@gmail.com,9374929944
7352,Rohit Verma,Business,India,24,18-25,Female,0,rohit.verma7352@gmail.com,9705860210
7353,Vikram Saxena,Leisure,India,42,36-50,Male,0,vikram.saxena7353@gmail.com,9559912576
7354,Simran Malhotra,Leisure,India,72,65+,Female,0,simran.malhotra7354@gmail.com,9468408667
7355,Ayush Joshi,Business,India,20,18-25,Male,0,ayush.joshi7355@gmail.com,9179411553
7356,Manish Rao,Couple,India,48,36-50,Male,0,manish.rao7356@gmail.com,9647205411
7357,Anjali Shah,Family,India,48,36-50,Male,1,anjali.shah7357@gmail.com,9167980957
7358,Karan Shah,Family,India,70,65+,Male,1,karan.shah7358@gmail.com,9927626622
7359,Riya Khanna,Business,India,29,26-35,Female,0,riya.khanna7359@gmail.com,9868916314
7360,Divya Mukherjee,Family,India,57,51-65,Female,1,divya.mukherjee7360@gmail.com,9104059640
7361,Pooja Banerjee,Couple,India,61,51-65,Female,0,pooja.banerjee7361@gmail.com,9758389176
7362,Neha Kumar,Leisure,India,62,51-65,Male,0,neha.kumar7362@gmail.com,9422688716
7363,Nikhil Kulkarni,Leisure,India,20,18-25,Male,1,nikhil.kulkarni7363@gmail.com,9214867612
7364,Tanvi Gupta,Couple,India,47,36-50,Male,1,tanvi.gupta7364@gmail.com,9483570382
7365,Simran Chopra,Leisure,India,23,18-25,Male,1,simran.chopra7365@gmail.com,9302470922
7366,Aditya Saxena,Leisure,India,41,36-50,Female,0,aditya.saxena7366@gmail.com,9830118828
7367,Shruti Bose,Leisure,India,34,26-35,Male,1,shruti.bose7367@gmail.com,9411472169
7368,Karan Mishra,Leisure,UK,31,26-35,Female,0,karan.mishra7368@gmail.com,9825780401
7369,Vishal Kulkarni,Business,India,51,51-65,Female,0,vishal.kulkarni7369@gmail.com,9609001700
7370,Riya Mehta,Family,India,58,51-65,Female,1,riya.mehta7370@gmail.com,9361606855
7371,Rahul Pandey,Couple,Malaysia,29,26-35,Female,0,rahul.pandey7371@gmail.com,9246717972
7372,Pooja Iyer,Couple,India,31,26-35,Male,0,pooja.iyer7372@gmail.com,9484131137
7373,Amit Pandey,Business,India,40,36-50,Male,1,amit.pandey7373@gmail.com,9576219837
7374,Muskan Agarwal,Couple,India,35,26-35,Female,0,muskan.agarwal7374@gmail.com,9854790287
7375,Shreyash Mehta,Business,Singapore,47,36-50,Male,0,shreyash.mehta7375@gmail.com,9699524746
7376,Pallavi Mukherjee,Business,Germany,49,36-50,Male,0,pallavi.mukherjee7376@gmail.com,9815121629
7377,Ishaan Saxena,Leisure,India,56,51-65,Male,0,ishaan.saxena7377@gmail.com,9665397680
7378,Shruti Iyer,Leisure,India,50,36-50,Female,0,shruti.iyer7378@gmail.com,9634576780
7379,Tanvi Kapoor,Leisure,India,23,18-25,Male,0,tanvi.kapoor7379@gmail.com,9575789565
7380,Gaurav Banerjee,Business,India,56,51-65,Female,0,gaurav.banerjee7380@gmail.com,9952956314
7381,Gaurav Malhotra,Leisure,India,71,65+,Female,1,gaurav.malhotra7381@gmail.com,9440100809
7382,Harsh Mehta,Business,India,60,51-65,Male,1,harsh.mehta7382@gmail.com,9406726184
7383,Priya Verma,Family,India,63,51-65,Male,0,priya.verma7383@gmail.com,9209827191
7384,Rohan Singh,Leisure,India,56,51-65,Female,1,rohan.singh7384@gmail.com,9839245870
7385,Kavya Iyer,Couple,India,29,26-35,Female,0,kavya.iyer7385@gmail.com,9668126370
7386,Arjun Khanna,Leisure,India,43,36-50,Male,0,arjun.khanna7386@gmail.com,9441289012
7387,Priya Singh,Business,India,31,26-35,Female,1,priya.singh7387@gmail.com,9167753311
7388,Pooja Sharma,Family,India,64,51-65,Female,0,pooja.sharma7388@gmail.com,9496617163
7389,Kritika Iyer,Leisure,India,23,18-25,Male,0,kritika.iyer7389@gmail.com,9845612533
7390,Amit Das,Leisure,Australia,63,51-65,Male,0,amit.das7390@gmail.com,9844161739
7391,Pallavi Verma,Couple,India,30,26-35,Male,0,pallavi.verma7391@gmail.com,9584269829
7392,Tanya Rao,Business,India,69,65+,Female,0,tanya.rao7392@gmail.com,9107314056
7393,Divya Kumar,Couple,Germany,62,51-65,Female,1,divya.kumar7393@gmail.com,9328787059
7394,Kavya Pandey,Leisure,India,48,36-50,Male,1,kavya.pandey7394@gmail.com,9106112116
7395,Arjun Pillai,Leisure,India,54,51-65,Male,0,arjun.pillai7395@gmail.com,9182408784
7396,Ananya Agarwal,Business,India,28,26-35,Female,1,ananya.agarwal7396@gmail.com,9100092658
7397,Nikhil Singh,Business,India,51,51-65,Female,0,nikhil.singh7397@gmail.com,9843524780
7398,Simran Rao,Family,India,21,18-25,Male,0,simran.rao7398@gmail.com,9436180331
7399,Pooja Verma,Couple,India,39,36-50,Male,0,pooja.verma7399@gmail.com,9989778637
7400,Riya Singh,Business,India,71,65+,Male,0,riya.singh7400@gmail.com,9134943293
7401,Nisha Malhotra,Business,India,23,18-25,Female,0,nisha.malhotra7401@gmail.com,9175218738
7402,Neha Saxena,Couple,India,57,51-65,Female,1,neha.saxena7402@gmail.com,9262244764
7403,Riya Kapoor,Leisure,India,67,65+,Male,0,riya.kapoor7403@gmail.com,9854607346
7404,Ritu Trivedi,Leisure,India,49,36-50,Female,0,ritu.trivedi7404@gmail.com,9451472868
7405,Deepak Dixit,Leisure,India,71,65+,Female,0,deepak.dixit7405@gmail.com,9440187448
7406,Riya Chopra,Business,India,71,65+,Female,1,riya.chopra7406@gmail.com,9432446887
7407,Kritika Desai,Couple,India,66,65+,Male,0,kritika.desai7407@gmail.com,9382879353
7408,Shreyash Rao,Family,India,67,65+,Female,0,shreyash.rao7408@gmail.com,9376867077
7409,Arjun Das,Business,India,28,26-35,Female,0,arjun.das7409@gmail.com,9217435358
7410,Neha Khanna,Leisure,India,53,51-65,Male,0,neha.khanna7410@gmail.com,9496311664
7411,Ananya Sharma,Leisure,India,54,51-65,Female,0,ananya.sharma7411@gmail.com,9454677146
7412,Manish Dixit,Leisure,India,20,18-25,Male,0,manish.dixit7412@gmail.com,9892439607
7413,Ananya Kapoor,Leisure,India,20,18-25,Female,1,ananya.kapoor7413@gmail.com,9411054511
7414,Pooja Kulkarni,Couple,India,35,26-35,Male,0,pooja.kulkarni7414@gmail.com,9379792312
7415,Anjali Das,Leisure,India,49,36-50,Male,0,anjali.das7415@gmail.com,9165052740
7416,Manish Desai,Leisure,India,22,18-25,Female,0,manish.desai7416@gmail.com,9344094414
7417,Akash Pillai,Leisure,India,60,51-65,Female,0,akash.pillai7417@gmail.com,9289815164
7418,Nikhil Reddy,Business,India,57,51-65,Female,1,nikhil.reddy7418@gmail.com,9253523120
7419,Deepak Singh,Business,India,64,51-65,Male,0,deepak.singh7419@gmail.com,9105989283
7420,Akash Kapoor,Couple,India,52,51-65,Male,0,akash.kapoor7420@gmail.com,9111392053
7421,Amit Rao,Business,India,22,18-25,Female,1,amit.rao7421@gmail.com,9486490447
7422,Rohan Nair,Couple,India,60,51-65,Male,0,rohan.nair7422@gmail.com,9798530366
7423,Pallavi Kapoor,Leisure,India,65,51-65,Male,0,pallavi.kapoor7423@gmail.com,9435961980
7424,Deepak Kumar,Leisure,India,68,65+,Male,0,deepak.kumar7424@gmail.com,9131456449
7425,Harsh Rao,Leisure,India,23,18-25,Female,0,harsh.rao7425@gmail.com,9219058572
7426,Tanvi Kulkarni,Leisure,India,18,18-25,Female,0,tanvi.kulkarni7426@gmail.com,9694420243
7427,Deepak Joshi,Business,India,36,36-50,Female,0,deepak.joshi7427@gmail.com,9569011343
7428,Arjun Reddy,Leisure,India,45,36-50,Female,0,arjun.reddy7428@gmail.com,9149113761
7429,Shruti Rao,Couple,India,26,26-35,Male,0,shruti.rao7429@gmail.com,9271070670
7430,Divya Mishra,Couple,India,37,36-50,Male,1,divya.mishra7430@gmail.com,9111460228
7431,Simran Trivedi,Leisure,India,25,18-25,Female,1,simran.trivedi7431@gmail.com,9289736257
7432,Tanya Agarwal,Leisure,India,52,51-65,Male,1,tanya.agarwal7432@gmail.com,9989866372
7433,Pallavi Dixit,Business,India,68,65+,Male,0,pallavi.dixit7433@gmail.com,9827857687
7434,Rohan Kumar,Business,India,61,51-65,Male,0,rohan.kumar7434@gmail.com,9727062414
7435,Ritu Trivedi,Business,India,62,51-65,Female,0,ritu.trivedi7435@gmail.com,9930273877
7436,Kritika Saxena,Family,Nepal,72,65+,Male,1,kritika.saxena7436@gmail.com,9820666534
7437,Suresh Malhotra,Business,India,69,65+,Male,1,suresh.malhotra7437@gmail.com,9332119905
7438,Nikhil Kumar,Business,India,53,51-65,Male,1,nikhil.kumar7438@gmail.com,9627088246
7439,Amit Trivedi,Leisure,India,72,65+,Female,0,amit.trivedi7439@gmail.com,9280820837
7440,Sneha Das,Business,India,43,36-50,Male,0,sneha.das7440@gmail.com,9343186275
7441,Tanya Dixit,Couple,India,57,51-65,Female,0,tanya.dixit7441@gmail.com,9768670702
7442,Arjun Malhotra,Business,India,43,36-50,Female,0,arjun.malhotra7442@gmail.com,9908825076
7443,Vikram Rao,Business,Germany,44,36-50,Male,0,vikram.rao7443@gmail.com,9535798974
7444,Manish Mishra,Couple,India,65,51-65,Male,0,manish.mishra7444@gmail.com,9158358754
7445,Rohit Mukherjee,Leisure,India,33,26-35,Female,0,rohit.mukherjee7445@gmail.com,9301871550
7446,Anjali Trivedi,Couple,India,57,51-65,Male,1,anjali.trivedi7446@gmail.com,9396253724
7447,Tanya Patel,Leisure,India,19,18-25,Female,0,tanya.patel7447@gmail.com,9119693855
7448,Muskan Iyer,Leisure,India,69,65+,Female,0,muskan.iyer7448@gmail.com,9982998956
7449,Ananya Nair,Couple,India,70,65+,Male,0,ananya.nair7449@gmail.com,9408709218
7450,Neha Mukherjee,Business,India,21,18-25,Male,0,neha.mukherjee7450@gmail.com,9446403325
7451,Tanvi Khanna,Leisure,India,36,36-50,Male,0,tanvi.khanna7451@gmail.com,9910939810
7452,Rohan Mehta,Leisure,India,66,65+,Male,1,rohan.mehta7452@gmail.com,9166547982
7453,Aditya Banerjee,Leisure,India,71,65+,Female,1,aditya.banerjee7453@gmail.com,9673036697
7454,Ayush Banerjee,Couple,India,49,36-50,Male,0,ayush.banerjee7454@gmail.com,9706913714
7455,Kavya Nair,Family,India,57,51-65,Male,0,kavya.nair7455@gmail.com,9601951218
7456,Muskan Patel,Family,India,71,65+,Female,0,muskan.patel7456@gmail.com,9982009457
7457,Kavya Patel,Couple,India,48,36-50,Male,1,kavya.patel7457@gmail.com,9803143790
7458,Ishaan Saxena,Leisure,India,28,26-35,Female,0,ishaan.saxena7458@gmail.com,9495489604
7459,Neha Shah,Business,India,61,51-65,Male,0,neha.shah7459@gmail.com,9777077203
7460,Sneha Kulkarni,Leisure,India,57,51-65,Female,0,sneha.kulkarni7460@gmail.com,9452620316
7461,Nisha Nair,Leisure,India,52,51-65,Male,0,nisha.nair7461@gmail.com,9293219443
7462,Harsh Khanna,Leisure,India,42,36-50,Male,0,harsh.khanna7462@gmail.com,9638345743
7463,Sanjay Trivedi,Family,India,46,36-50,Male,0,sanjay.trivedi7463@gmail.com,9340191473
7464,Divya Sharma,Leisure,India,62,51-65,Male,0,divya.sharma7464@gmail.com,9487329196
7465,Vikram Malhotra,Leisure,India,21,18-25,Male,1,vikram.malhotra7465@gmail.com,9268578634
7466,Deepak Iyer,Leisure,India,23,18-25,Female,0,deepak.iyer7466@gmail.com,9608935764
7467,Manish Sharma,Couple,France,41,36-50,Male,1,manish.sharma7467@gmail.com,9768256048
7468,Neha Kulkarni,Couple,India,58,51-65,Female,1,neha.kulkarni7468@gmail.com,9126320495
7469,Manish Das,Couple,India,70,65+,Female,1,manish.das7469@gmail.com,9123692927
7470,Rahul Nair,Leisure,India,58,51-65,Male,0,rahul.nair7470@gmail.com,9889174911
7471,Tanya Singh,Couple,India,45,36-50,Male,1,tanya.singh7471@gmail.com,9928592620
7472,Anjali Nair,Business,India,62,51-65,Male,0,anjali.nair7472@gmail.com,9510893200
7473,Ananya Saxena,Family,India,34,26-35,Female,1,ananya.saxena7473@gmail.com,9599792324
7474,Muskan Shah,Leisure,India,54,51-65,Male,0,muskan.shah7474@gmail.com,9291305779
7475,Meera Agarwal,Leisure,India,42,36-50,Male,0,meera.agarwal7475@gmail.com,9313346955
7476,Nikhil Trivedi,Leisure,India,46,36-50,Male,1,nikhil.trivedi7476@gmail.com,9990602196
7477,Neha Shah,Couple,India,31,26-35,Female,0,neha.shah7477@gmail.com,9246999043
7478,Sanjay Mishra,Business,India,54,51-65,Male,0,sanjay.mishra7478@gmail.com,9518084141
7479,Simran Khanna,Family,India,45,36-50,Female,1,simran.khanna7479@gmail.com,9559048119
7480,Manish Pillai,Leisure,Singapore,30,26-35,Male,0,manish.pillai7480@gmail.com,9893749881
7481,Sanjay Banerjee,Leisure,India,68,65+,Female,0,sanjay.banerjee7481@gmail.com,9551737044
7482,Ananya Mukherjee,Business,India,41,36-50,Male,0,ananya.mukherjee7482@gmail.com,9726699430
7483,Sanjay Kumar,Leisure,India,42,36-50,Male,0,sanjay.kumar7483@gmail.com,9215737589
7484,Tanvi Iyer,Leisure,India,53,51-65,Female,0,tanvi.iyer7484@gmail.com,9938652177
7485,Aditya Mehta,Leisure,UK,66,65+,Male,1,aditya.mehta7485@gmail.com,9108412566
7486,Ritu Gupta,Couple,India,33,26-35,Male,0,ritu.gupta7486@gmail.com,9663879513
7487,Kavya Kumar,Leisure,India,54,51-65,Female,1,kavya.kumar7487@gmail.com,9255881256
7488,Sanjay Sharma,Family,India,64,51-65,Male,0,sanjay.sharma7488@gmail.com,9377568338
7489,Rahul Sharma,Leisure,India,33,26-35,Female,0,rahul.sharma7489@gmail.com,9560357547
7490,Shreyash Khanna,Couple,India,20,18-25,Female,0,shreyash.khanna7490@gmail.com,9517361653
7491,Amit Das,Business,India,47,36-50,Female,0,amit.das7491@gmail.com,9643570502
7492,Ayush Rao,Leisure,India,30,26-35,Female,0,ayush.rao7492@gmail.com,9483243474
7493,Meera Nair,Leisure,India,51,51-65,Male,0,meera.nair7493@gmail.com,9931751960
7494,Ishaan Gupta,Leisure,India,30,26-35,Male,0,ishaan.gupta7494@gmail.com,9131721101
7495,Pooja Agarwal,Family,India,52,51-65,Male,0,pooja.agarwal7495@gmail.com,9636855004
7496,Sneha Bose,Business,UAE,47,36-50,Female,1,sneha.bose7496@gmail.com,9843454824
7497,Kritika Gupta,Business,India,18,18-25,Female,0,kritika.gupta7497@gmail.com,9533539378
7498,Pallavi Reddy,Family,UAE,29,26-35,Male,0,pallavi.reddy7498@gmail.com,9684591175
7499,Rohan Kapoor,Business,India,18,18-25,Female,0,rohan.kapoor7499@gmail.com,9528366549
7500,Shreyash Pillai,Couple,India,22,18-25,Male,0,shreyash.pillai7500@gmail.com,9150411873
